File Name,LOC,Comment Percentage,Docstring Percentage,Empty Percentage,Number Of Functions,Number of Loops,CycloComplexity,Average Function Length,Max Depth,Execution Time,Weeks Covered,Class,Semester,Year
/Users/summer-2024/Desktop/code metrics 25/All-Data/CS5-Data/assignments prellm/submissions_cs5_s2018/submission_12419123/final_variation.py,403,7.196,18.11414392059553,14.888337468982629,28,187,14.392857142857142,-1,4,1.242,6,CS5,s2018,2018
/Users/summer-2024/Desktop/code metrics 25/All-Data/CS5-Data/assignments prellm/submissions_cs5_s2018/submission_12409036/final.py,546,8.974,15.567765567765568,16.84981684981685,29,206,18.82758620689655,41,3,1.297,6,CS5,s2018,2018
/Users/summer-2024/Desktop/code metrics 25/All-Data/CS5-Data/assignments prellm/submissions_cs5_s2018/submission_12366819/final.py,464,53.448,11.637931034482758,16.379310344827587,11,69,42.18181818181818,10,2,1.284,6,CS5,s2018,2018
/Users/summer-2024/Desktop/code metrics 25/All-Data/CS5-Data/assignments prellm/submissions_cs5_s2018/submission_12397263/final.py,496,16.331,9.274193548387096,17.540322580645164,14,124,35.42857142857143,1,2,1.31,4,CS5,s2018,2018
/Users/summer-2024/Desktop/code metrics 25/All-Data/CS5-Data/assignments prellm/submissions_cs5_s2018/submission_12359546/final.py,315,34.286,13.65079365079365,20.952380952380953,9,57,35.0,2,2,1.303,5,CS5,s2018,2018
/Users/summer-2024/Desktop/code metrics 25/All-Data/CS35-Data/assignments prellm/submissions_cs35_sp2018/submission_7544920/Final Project/t.py,157,15.287,12.738853503184714,20.382165605095544,8,18,19.625,5,3,1.275,5,CS35,sp2018,2018
/Users/summer-2024/Desktop/code metrics 25/All-Data/CS5-Data/assignments prellm/submissions_cs5_s2018/submission_12413177/final.py,498,20.281,9.839357429718875,21.084337349397593,13,75,38.30769230769231,8,2,1.263,5,CS5,s2018,2018
/Users/summer-2024/Desktop/code metrics 25/All-Data/CS35-Data/assignments prellm/submissions_cs35_sp2018/submission_8043269/CS35-2.0-master/Final Project/NeuroPy/Neuropy.py,268,11.194,9.701492537313433,8.208955223880597,9,100,29.77777777777778,18,3,1.294,7,CS35,sp2018,2018
/Users/summer-2024/Desktop/code metrics 25/All-Data/CS5-Data/assignments prellm/submissions_cs5_s2018/submission_12325199/final.py,477,12.159,22.0125786163522,20.335429769392032,27,153,17.666666666666668,28,3,1.286,6,CS5,s2018,2018
/Users/summer-2024/Desktop/code metrics 25/All-Data/CS5-Data/assignments prellm/submissions_cs5_s2018/submission_12419123/final.py,375,8.533,17.599999999999998,13.6,24,173,15.625,27,4,1.277,6,CS5,s2018,2018
/Users/summer-2024/Desktop/code metrics 25/All-Data/CS5-Data/assignments prellm/submissions_cs5_s2018/submission_12409219/final.py,395,7.089,25.063291139240505,6.8354430379746836,24,172,16.458333333333332,23,4,1.293,7,CS5,s2018,2018
/Users/summer-2024/Desktop/code metrics 25/All-Data/CS5-Data/assignments prellm/submissions_cs5_s2018/submission_12383752/final.py,317,5.678,22.082018927444793,20.50473186119874,14,70,22.642857142857142,11,3,1.289,5,CS5,s2018,2018
/Users/summer-2024/Desktop/code metrics 25/All-Data/CS5-Data/assignments prellm/submissions_cs5_s2018/submission_12406293/Final.py,230,3.043,16.08695652173913,13.043478260869565,18,68,12.77777777777778,22,3,1.259,7,CS5,s2018,2018
/Users/summer-2024/Desktop/code metrics 25/All-Data/CS5-Data/assignments prellm/submissions_cs5_s2018/submission_12436317/final.py,290,28.276,15.862068965517242,21.03448275862069,11,52,26.363636363636363,8,2,1.287,5,CS5,s2018,2018
/Users/summer-2024/Desktop/code metrics 25/All-Data/CS5-Data/assignments prellm/submissions_cs5_s2018/submission_12377508/final.py,438,20.32,5.47945205479452,15.753424657534246,7,107,62.57142857142857,1,2,1.257,4,CS5,s2018,2018
/Users/summer-2024/Desktop/code metrics 25/All-Data/CS5-Data/assignments prellm/submissions_cs5_s2018/submission_12308012/final.py,455,1.538,28.79120879120879,11.20879120879121,28,193,16.25,28,4,1.296,6,CS5,s2018,2018
/Users/summer-2024/Desktop/code metrics 25/All-Data/CS5-Data/assignments prellm/submissions_cs5_s2018/submission_12328684/final.py,511,10.959,18.590998043052835,12.32876712328767,21,183,24.333333333333332,32,4,1.265,6,CS5,s2018,2018
/Users/summer-2024/Desktop/code metrics 25/All-Data/CS5-Data/assignments prellm/submissions_cs5_s2018/submission_12419121/final.py,535,37.757,4.485981308411215,12.710280373831775,6,142,89.16666666666667,-1,2,1.289,5,CS5,s2018,2018
/Users/summer-2024/Desktop/code metrics 25/All-Data/CS35-Data/assignments prellm/submissions_cs35_sp2018/submission_7798152/airdrum.py,188,15.426,6.382978723404255,21.27659574468085,3,32,62.666666666666664,2,1,1.286,5,CS35,sp2018,2018
/Users/summer-2024/Desktop/code metrics 25/All-Data/CS5-Data/assignments prellm/submissions_cs5_s2018/submission_12427978/final.py,1662,7.401,8.664259927797833,14.741275571600482,36,504,46.166666666666664,65,4,1.278,6,CS5,s2018,2018
/Users/summer-2024/Desktop/code metrics 25/All-Data/CS35-Data/assignments prellm/submissions_cs35_sp2018/submission_7871310/nytimes_scraping-2.py,452,17.92,26.769911504424783,23.45132743362832,8,44,56.5,-1,5,1.407,6,CS35,sp2018,2018
/Users/summer-2024/Desktop/code metrics 25/All-Data/CS5-Data/assignments prellm/submissions_cs5_s2018/submission_12406298/final.py,230,3.043,16.08695652173913,13.043478260869565,18,68,12.77777777777778,22,3,1.305,7,CS5,s2018,2018
/Users/summer-2024/Desktop/code metrics 25/All-Data/CS5-Data/assignments prellm/submissions_cs5_s2018/submission_12437373/final.py,304,13.158,10.855263157894738,14.473684210526317,14,88,21.714285714285715,11,4,1.247,5,CS5,s2018,2018
/Users/summer-2024/Desktop/code metrics 25/All-Data/CS5-Data/assignments prellm/submissions_cs5_s2018/submission_12406892/final.py,335,18.209,17.611940298507463,19.1044776119403,14,72,23.928571428571427,13,4,1.302,6,CS5,s2018,2018
/Users/summer-2024/Desktop/code metrics 25/All-Data/CS5-Data/assignments prellm/submissions_cs5_s2018/submission_12306053/final.py,337,6.825,18.991097922848667,14.540059347181009,15,62,22.466666666666665,10,3,1.237,5,CS5,s2018,2018
/Users/summer-2024/Desktop/code metrics 25/All-Data/CS5-Data/assignments prellm/submissions_cs5_s2018/submission_12381546/final.py,498,38.153,13.855421686746988,13.855421686746988,11,40,45.27272727272727,-1,2,1.285,5,CS5,s2018,2018
/Users/summer-2024/Desktop/code metrics 25/All-Data/CS5-Data/assignments prellm/submissions_cs5_s2018/submission_12315722/final.py,457,3.501,21.88183807439825,9.409190371991247,20,194,22.85,32,4,1.257,6,CS5,s2018,2018
/Users/summer-2024/Desktop/code metrics 25/All-Data/CS5-Data/assignments prellm/submissions_cs5_s2018/submission_12416091/final.py,348,25.287,15.229885057471265,25.287356321839084,12,42,29.0,4,3,1.279,5,CS5,s2018,2018
/Users/summer-2024/Desktop/code metrics 25/All-Data/CS35-Data/assignments prellm/submissions_cs35_sp2018/submission_8002908/filament.py,174,16.667,14.367816091954024,21.26436781609195,3,36,58.0,5,1,1.256,4,CS35,sp2018,2018
/Users/summer-2024/Desktop/code metrics 25/All-Data/CS5-Data/assignments prellm/submissions_cs5_s2018/submission_12407101/final.py,461,25.813,7.37527114967462,23.210412147505423,9,54,51.22222222222222,1,3,1.266,4,CS5,s2018,2018
/Users/summer-2024/Desktop/code metrics 25/All-Data/CS5-Data/assignments prellm/submissions_cs5_s2018/submission_12333102/Final_GameUpdate.py,405,21.728,7.4074074074074066,23.703703703703702,10,54,40.5,2,2,1.247,5,CS5,s2018,2018
/Users/summer-2024/Desktop/code metrics 25/All-Data/CS5-Data/assignments prellm/submissions_cs5_s2018/submission_12309425/final.py,303,11.881,11.88118811881188,27.72277227722773,14,49,21.642857142857142,-1,3,1.288,5,CS5,s2018,2018
/Users/summer-2024/Desktop/code metrics 25/All-Data/CS5-Data/assignments prellm/submissions_cs5_s2018/submission_12417894/final.py,467,30.621,12.205567451820128,23.55460385438972,13,93,35.92307692307692,2,2,1.268,5,CS5,s2018,2018
/Users/summer-2024/Desktop/code metrics 25/All-Data/CS5-Data/assignments prellm/submissions_cs5_s2018/submission_12346131/final.py,583,0.858,17.152658662092623,11.49228130360206,21,286,27.761904761904763,45,4,1.29,7,CS5,s2018,2018
/Users/summer-2024/Desktop/code metrics 25/All-Data/CS5-Data/assignments prellm/submissions_cs5_s2018/submission_12307026/porter.py,357,4.482,34.45378151260504,10.92436974789916,17,241,21.0,5,2,1.273,7,CS5,s2018,2018
/Users/summer-2024/Desktop/code metrics 25/All-Data/CS5-Data/assignments prellm/submissions_cs5_s2018/submission_12436256/final.py,548,9.672,23.54014598540146,11.861313868613138,32,254,17.125,32,5,1.251,6,CS5,s2018,2018
/Users/summer-2024/Desktop/code metrics 25/All-Data/CS5-Data/assignments prellm/submissions_cs5_s2018/submission_12420642/final.py,524,3.244,17.36641221374046,8.396946564885496,25,256,20.96,41,3,1.274,6,CS5,s2018,2018
/Users/summer-2024/Desktop/code metrics 25/All-Data/CS5-Data/assignments prellm/submissions_cs5_s2018/submission_12419024/FINALFINAL.py,335,8.955,15.223880597014924,20.8955223880597,15,71,22.333333333333332,12,3,1.289,6,CS5,s2018,2018
/Users/summer-2024/Desktop/code metrics 25/All-Data/CS35-Data/assignments prellm/submissions_cs35_sp2018/submission_7844310/2D Platformer/game.py,666,10.811,10.51051051051051,22.372372372372375,23,144,28.956521739130434,25,4,1.309,6,CS35,sp2018,2018
/Users/summer-2024/Desktop/code metrics 25/All-Data/CS5-Data/assignments prellm/submissions_cs5_s2018/submission_12436535/porter.py,357,4.482,34.45378151260504,10.92436974789916,17,241,21.0,5,2,1.267,7,CS5,s2018,2018
/Users/summer-2024/Desktop/code metrics 25/All-Data/CS5-Data/assignments prellm/submissions_cs5_s2018/submission_12380032/final.py,247,34.008,12.550607287449392,13.360323886639677,6,57,41.166666666666664,3,1,1.288,5,CS5,s2018,2018
/Users/summer-2024/Desktop/code metrics 25/All-Data/CS35-Data/assignments prellm/submissions_cs35_sp2018/submission_7871310/dataframe_builder.py,55,7.273,0.0,18.181818181818183,0,2,0.0,0,0,1.289,2,CS35,sp2018,2018
/Users/summer-2024/Desktop/code metrics 25/All-Data/CS5-Data/assignments prellm/submissions_cs5_s2018/submission_12364145/final.py,317,5.678,22.082018927444793,20.50473186119874,14,70,22.642857142857142,11,3,1.269,5,CS5,s2018,2018
/Users/summer-2024/Desktop/code metrics 25/All-Data/CS5-Data/assignments prellm/submissions_cs5_s2018/submission_12312908/final.py,381,23.36,7.874015748031496,21.522309711286088,9,100,42.333333333333336,9,2,1.244,6,CS5,s2018,2018
/Users/summer-2024/Desktop/code metrics 25/All-Data/CS5-Data/assignments prellm/submissions_cs5_s2018/submission_12404226/final.py,600,6.833,25.5,17.166666666666668,27,199,22.22222222222222,30,3,1.313,6,CS5,s2018,2018
/Users/summer-2024/Desktop/code metrics 25/All-Data/CS35-Data/assignments prellm/submissions_cs35_sp2018/submission_7878747/biggest_win_margin.py,58,5.172,0.0,27.58620689655172,2,14,29.0,2,1,1.237,3,CS35,sp2018,2018
/Users/summer-2024/Desktop/code metrics 25/All-Data/CS5-Data/assignments prellm/submissions_cs5_s2018/submission_12406464/final.py,369,27.913,8.672086720867208,20.59620596205962,9,70,41.0,1,2,1.304,4,CS5,s2018,2018
/Users/summer-2024/Desktop/code metrics 25/All-Data/CS5-Data/assignments prellm/submissions_cs5_s2018/submission_12412058/final.py,294,7.483,17.687074829931973,15.306122448979592,14,75,21.0,14,3,1.22,7,CS5,s2018,2018
/Users/summer-2024/Desktop/code metrics 25/All-Data/CS35-Data/assignments prellm/submissions_cs35_sp2018/submission_7848442/analyze.py,323,26.935,2.476780185758514,14.860681114551085,4,26,80.75,-1,1,1.283,5,CS35,sp2018,2018
/Users/summer-2024/Desktop/code metrics 25/All-Data/CS5-Data/assignments prellm/submissions_cs5_s2018/submission_12405717/final.py,532,16.353,19.924812030075188,18.421052631578945,31,179,17.161290322580644,34,3,1.275,6,CS5,s2018,2018
/Users/summer-2024/Desktop/code metrics 25/All-Data/CS5-Data/assignments prellm/submissions_cs5_s2018/submission_12436179/final.py,506,26.68,14.42687747035573,19.76284584980237,18,86,28.11111111111111,-1,2,1.287,5,CS5,s2018,2018
/Users/summer-2024/Desktop/code metrics 25/All-Data/CS5-Data/assignments prellm/submissions_cs5_s2018/submission_12406365/final.py,641,14.977,4.83619344773791,14.664586583463338,17,166,37.705882352941174,1,2,1.282,4,CS5,s2018,2018
/Users/summer-2024/Desktop/code metrics 25/All-Data/CS5-Data/assignments prellm/submissions_cs5_s2018/submission_12477026/Final.py,325,33.231,6.153846153846154,19.692307692307693,8,60,40.625,6,2,1.299,5,CS5,s2018,2018
/Users/summer-2024/Desktop/code metrics 25/All-Data/CS35-Data/assignments prellm/submissions_cs35_sp2018/submission_7848442/get_data.py,125,18.4,0.0,20.0,2,12,62.5,4,1,1.287,6,CS35,sp2018,2018
/Users/summer-2024/Desktop/code metrics 25/All-Data/CS35-Data/assignments prellm/submissions_cs35_sp2018/submission_7871310/nyt_api_data_extraction.py,99,28.283,0.0,18.181818181818183,0,8,0.0,2,0,1.883,5,CS35,sp2018,2018
/Users/summer-2024/Desktop/code metrics 25/All-Data/CS5-Data/assignments prellm/submissions_cs5_s2018/submission_12396349/final.py,360,7.5,18.055555555555554,18.055555555555554,15,85,24.0,12,3,1.237,5,CS5,s2018,2018
/Users/summer-2024/Desktop/code metrics 25/All-Data/CS5-Data/assignments prellm/submissions_cs5_s2018/submission_12418056/c4_3player.py,481,8.732,24.116424116424117,4.365904365904366,24,211,20.041666666666668,29,2,1.281,6,CS5,s2018,2018
/Users/summer-2024/Desktop/code metrics 25/All-Data/CS5-Data/assignments prellm/submissions_cs5_s2018/submission_12417653/final.py,441,3.855,5.215419501133787,24.263038548752835,16,63,27.5625,13,3,1.279,7,CS5,s2018,2018
/Users/summer-2024/Desktop/code metrics 25/All-Data/CS35-Data/assignments prellm/submissions_cs35_sp2018/submission_7512256/bot.py,205,20.0,0.0,20.48780487804878,5,30,41.0,1,1,1.272,6,CS35,sp2018,2018
/Users/summer-2024/Desktop/code metrics 25/All-Data/CS5-Data/assignments prellm/submissions_cs5_s2018/submission_12476896/GV Final Project/porterrobinson.py,358,4.469,34.357541899441344,11.1731843575419,17,241,21.058823529411764,5,2,1.253,7,CS5,s2018,2018
/Users/summer-2024/Desktop/code metrics 25/All-Data/CS5-Data/assignments prellm/submissions_cs5_s2018/submission_12413189/final.py,279,2.509,9.31899641577061,13.620071684587815,23,134,12.130434782608695,21,5,1.307,6,CS5,s2018,2018
/Users/summer-2024/Desktop/code metrics 25/All-Data/CS35-Data/assignments prellm/submissions_cs35_sp2018/submission_7870878/final|TUTORIAL WE USED.py,102,18.627,0.0,40.19607843137255,0,4,0.0,1,0,1.308,5,CS35,sp2018,2018
/Users/summer-2024/Desktop/code metrics 25/All-Data/CS5-Data/assignments prellm/submissions_cs5_s2018/submission_12362659/final.py,371,9.434,17.78975741239892,19.946091644204852,14,59,26.5,-1,3,1.248,7,CS5,s2018,2018
/Users/summer-2024/Desktop/code metrics 25/All-Data/CS35-Data/assignments prellm/submissions_cs35_sp2018/submission_7613970/finalproject.py,2460,19.797,30.65040650406504,29.552845528455286,28,128,87.85714285714286,29,2,1.273,7,CS35,sp2018,2018
/Users/summer-2024/Desktop/code metrics 25/All-Data/CS35-Data/assignments prellm/submissions_cs35_sp2018/submission_8024510/rnn.py,112,8.929,9.821428571428571,17.857142857142858,2,14,56.0,6,2,1.251,6,CS35,sp2018,2018
/Users/summer-2024/Desktop/code metrics 25/All-Data/CS5-Data/assignments prellm/submissions_cs5_s2018/submission_12410790/final.py,253,20.553,12.25296442687747,15.0197628458498,12,46,21.083333333333332,8,2,1.294,5,CS5,s2018,2018
/Users/summer-2024/Desktop/code metrics 25/All-Data/CS5-Data/assignments prellm/submissions_cs5_s2018/submission_12401442/final.py,474,9.705,28.48101265822785,13.71308016877637,24,166,19.75,24,3,1.303,6,CS5,s2018,2018
/Users/summer-2024/Desktop/code metrics 25/All-Data/CS5-Data/assignments prellm/submissions_cs5_s2018/submission_12359213/final.py,603,1.658,14.759535655058045,10.77943615257048,30,303,20.1,58,6,1.283,7,CS5,s2018,2018
/Users/summer-2024/Desktop/code metrics 25/All-Data/CS5-Data/assignments prellm/submissions_cs5_s2018/submission_12437360/final.py,304,13.158,10.855263157894738,14.473684210526317,14,88,21.714285714285715,11,4,1.261,5,CS5,s2018,2018
/Users/summer-2024/Desktop/code metrics 25/All-Data/CS5-Data/assignments prellm/submissions_cs5_s2018/submission_12407590/finalproject.py,265,22.264,4.528301886792453,21.88679245283019,8,65,33.125,4,4,1.269,4,CS5,s2018,2018
/Users/summer-2024/Desktop/code metrics 25/All-Data/CS35-Data/assignments prellm/submissions_cs35_sp2018/submission_7688190/final.py,930,12.043,7.741935483870968,5.806451612903226,23,294,40.43478260869565,-1,2,1.34,7,CS35,sp2018,2018
/Users/summer-2024/Desktop/code metrics 25/All-Data/CS5-Data/assignments prellm/submissions_cs5_s2018/submission_12411942/final.py,592,13.514,3.3783783783783785,18.91891891891892,15,178,39.46666666666667,6,2,1.305,6,CS5,s2018,2018
/Users/summer-2024/Desktop/code metrics 25/All-Data/CS5-Data/assignments prellm/submissions_cs5_s2018/submission_12371122/final.py,295,27.797,15.593220338983052,11.186440677966102,15,57,19.666666666666668,11,4,1.309,6,CS5,s2018,2018
/Users/summer-2024/Desktop/code metrics 25/All-Data/CS35-Data/assignments prellm/submissions_cs35_sp2018/submission_7878747/Scatterplot_previous_year.py,228,10.965,0.8771929824561403,27.192982456140353,5,52,45.6,9,2,1.254,4,CS35,sp2018,2018
/Users/summer-2024/Desktop/code metrics 25/All-Data/CS35-Data/assignments prellm/submissions_cs35_sp2018/submission_7847778/graphs.py,216,17.593,12.5,6.944444444444445,4,110,54.0,13,2,1.303,5,CS35,sp2018,2018
/Users/summer-2024/Desktop/code metrics 25/All-Data/CS5-Data/assignments prellm/submissions_cs5_s2018/submission_12406169/final.py,314,2.229,27.388535031847137,14.012738853503183,21,84,14.952380952380953,26,3,1.281,8,CS5,s2018,2018
/Users/summer-2024/Desktop/code metrics 25/All-Data/CS5-Data/assignments prellm/submissions_cs5_s2018/submission_12396892/final.py,386,33.679,79.01554404145078,22.020725388601036,9,52,42.888888888888886,10,2,1.283,5,CS5,s2018,2018
/Users/summer-2024/Desktop/code metrics 25/All-Data/CS35-Data/assignments prellm/submissions_cs35_sp2018/submission_7879832/user_interface.py,271,7.749,7.011070110701106,8.856088560885608,8,92,33.875,13,2,1.261,5,CS35,sp2018,2018
/Users/summer-2024/Desktop/code metrics 25/All-Data/CS5-Data/assignments prellm/submissions_cs5_s2018/submission_12323895/final.py,628,5.096,21.019108280254777,14.012738853503183,26,243,24.153846153846153,30,5,1.306,6,CS5,s2018,2018
/Users/summer-2024/Desktop/code metrics 25/All-Data/CS35-Data/assignments prellm/submissions_cs35_sp2018/submission_7870878/nytimes_scraping-2.py,452,17.92,26.769911504424783,23.45132743362832,8,44,56.5,-1,5,1.317,6,CS35,sp2018,2018
/Users/summer-2024/Desktop/code metrics 25/All-Data/CS5-Data/assignments prellm/submissions_cs5_s2018/submission_12478494/Final.py,2,50.0,0.0,0.0,0,2,0.0,0,0,1.26,1,CS5,s2018,2018
/Users/summer-2024/Desktop/code metrics 25/All-Data/CS5-Data/assignments prellm/submissions_cs5_s2018/submission_12413948/final.py,455,7.692,16.263736263736263,16.7032967032967,28,167,16.25,30,4,1.277,6,CS5,s2018,2018
/Users/summer-2024/Desktop/code metrics 25/All-Data/CS5-Data/assignments prellm/submissions_cs5_s2018/submission_12409168/final.py,301,0.0,9.634551495016613,31.561461794019937,15,89,20.066666666666663,22,2,1.258,8,CS5,s2018,2018
/Users/summer-2024/Desktop/code metrics 25/All-Data/CS35-Data/assignments prellm/submissions_cs35_sp2018/submission_7870878/clean_24000.py,18,11.111,0.0,16.666666666666664,1,6,18.0,1,1,1.264,3,CS35,sp2018,2018
/Users/summer-2024/Desktop/code metrics 25/All-Data/CS5-Data/assignments prellm/submissions_cs5_s2018/submission_12390318/porter.py,357,4.482,34.45378151260504,10.92436974789916,17,241,21.0,5,2,1.277,7,CS5,s2018,2018
/Users/summer-2024/Desktop/code metrics 25/All-Data/CS5-Data/assignments prellm/submissions_cs5_s2018/submission_12312854/final.py,309,24.919,12.297734627831716,16.50485436893204,12,66,25.75,1,2,1.255,4,CS5,s2018,2018
/Users/summer-2024/Desktop/code metrics 25/All-Data/CS5-Data/assignments prellm/submissions_cs5_s2018/submission_12397667/final.py,556,30.036,22.12230215827338,19.964028776978417,13,125,42.76923076923077,9,2,1.254,5,CS5,s2018,2018
/Users/summer-2024/Desktop/code metrics 25/All-Data/CS5-Data/assignments prellm/submissions_cs5_s2018/submission_12396843/final.py,382,27.225,16.230366492146597,18.06282722513089,16,98,23.875,7,2,1.28,5,CS5,s2018,2018
/Users/summer-2024/Desktop/code metrics 25/All-Data/CS35-Data/assignments prellm/submissions_cs35_sp2018/submission_7848442/chrome_driver_test.py,11,27.273,0.0,9.090909090909092,0,2,0.0,0,0,1.272,2,CS35,sp2018,2018
/Users/summer-2024/Desktop/code metrics 25/All-Data/CS35-Data/assignments prellm/submissions_cs35_sp2018/submission_7512256/statscraper.py,34,8.824,0.0,14.705882352941178,2,12,17.0,1,1,1.29,5,CS35,sp2018,2018
/Users/summer-2024/Desktop/code metrics 25/All-Data/CS5-Data/assignments prellm/submissions_cs5_s2018/submission_12371512/final.py,466,18.67,16.523605150214593,18.240343347639485,14,69,33.285714285714285,-1,3,1.272,5,CS5,s2018,2018
/Users/summer-2024/Desktop/code metrics 25/All-Data/CS5-Data/assignments prellm/submissions_cs5_s2018/submission_12389420/final.py,379,13.456,25.857519788918204,23.48284960422164,14,50,27.071428571428573,19,3,1.314,7,CS5,s2018,2018
/Users/summer-2024/Desktop/code metrics 25/All-Data/CS5-Data/assignments prellm/submissions_cs5_s2018/submission_12416134/final/final.py,407,25.553,19.41031941031941,13.513513513513514,15,65,27.133333333333333,12,3,1.272,5,CS5,s2018,2018
/Users/summer-2024/Desktop/code metrics 25/All-Data/CS5-Data/assignments prellm/submissions_cs5_s2018/submission_12303501/final.py,584,10.274,18.15068493150685,26.54109589041096,26,202,22.46153846153846,26,3,1.275,6,CS5,s2018,2018
/Users/summer-2024/Desktop/code metrics 25/All-Data/CS5-Data/assignments prellm/submissions_cs5_s2018/submission_12444849/final.py,346,25.434,12.716763005780344,21.67630057803468,13,60,26.615384615384617,8,2,1.27,5,CS5,s2018,2018
/Users/summer-2024/Desktop/code metrics 25/All-Data/CS35-Data/assignments prellm/submissions_cs35_sp2018/submission_7854491/sentiment.py,27,3.704,7.4074074074074066,25.925925925925924,1,6,27.0,1,1,1.253,3,CS35,sp2018,2018
/Users/summer-2024/Desktop/code metrics 25/All-Data/CS5-Data/assignments prellm/submissions_cs5_s2018/submission_12437800/final.py,284,35.211,15.845070422535212,20.070422535211268,9,42,31.555555555555557,5,1,1.305,5,CS5,s2018,2018
/Users/summer-2024/Desktop/code metrics 25/All-Data/CS5-Data/assignments prellm/submissions_cs5_s2018/submission_12396349/porter.py,357,4.482,34.45378151260504,10.92436974789916,17,241,21.0,5,2,1.269,7,CS5,s2018,2018
/Users/summer-2024/Desktop/code metrics 25/All-Data/CS35-Data/assignments prellm/submissions_cs35_sp2018/submission_7864835/jump.py,341,19.062,13.48973607038123,24.04692082111437,14,61,24.357142857142858,-1,4,1.288,6,CS35,sp2018,2018
/Users/summer-2024/Desktop/code metrics 25/All-Data/CS5-Data/assignments prellm/submissions_cs5_s2018/submission_12331177/final.py,531,5.085,21.657250470809792,11.299435028248588,25,223,21.24,35,3,1.298,6,CS5,s2018,2018
/Users/summer-2024/Desktop/code metrics 25/All-Data/CS5-Data/assignments prellm/submissions_cs5_s2018/submission_12413676/CS5 final Project.py,570,22.456,8.070175438596491,14.736842105263156,13,200,43.84615384615385,11,1,1.282,4,CS5,s2018,2018
/Users/summer-2024/Desktop/code metrics 25/All-Data/CS5-Data/assignments prellm/submissions_cs5_s2018/submission_12413535/final.py,371,29.111,12.129380053908356,19.40700808625337,11,82,33.72727272727273,9,2,1.285,6,CS5,s2018,2018
/Users/summer-2024/Desktop/code metrics 25/All-Data/CS5-Data/assignments prellm/submissions_cs5_s2018/submission_12307578/final.py,363,36.639,14.87603305785124,18.732782369146005,10,48,36.3,4,2,1.246,5,CS5,s2018,2018
/Users/summer-2024/Desktop/code metrics 25/All-Data/CS5-Data/assignments prellm/submissions_cs5_s2018/submission_12383169/final.py,403,8.189,27.79156327543425,12.40694789081886,24,160,16.791666666666668,20,3,1.254,6,CS5,s2018,2018
/Users/summer-2024/Desktop/code metrics 25/All-Data/CS5-Data/assignments prellm/submissions_cs5_s2018/submission_12306957/final.py,644,4.037,25.77639751552795,15.062111801242237,31,203,20.774193548387096,36,4,1.283,6,CS5,s2018,2018
/Users/summer-2024/Desktop/code metrics 25/All-Data/CS5-Data/assignments prellm/submissions_cs5_s2018/submission_12310045/final.py,350,34.571,11.428571428571429,19.714285714285715,11,74,31.818181818181817,6,2,1.269,5,CS5,s2018,2018
/Users/summer-2024/Desktop/code metrics 25/All-Data/CS5-Data/assignments prellm/submissions_cs5_s2018/submission_12357488/final.py,450,30.444,12.22222222222222,14.666666666666666,10,60,45.0,2,2,1.288,5,CS5,s2018,2018
/Users/summer-2024/Desktop/code metrics 25/All-Data/CS35-Data/assignments prellm/submissions_cs35_sp2018/submission_7854491/getbillboard.py,54,5.556,3.7037037037037033,16.666666666666664,1,26,54.0,4,1,1.318,5,CS35,sp2018,2018
/Users/summer-2024/Desktop/code metrics 25/All-Data/CS5-Data/assignments prellm/submissions_cs5_s2018/submission_12364907/final.py,247,28.745,8.097165991902834,21.86234817813765,4,56,61.75,-1,1,1.285,5,CS5,s2018,2018
/Users/summer-2024/Desktop/code metrics 25/All-Data/CS35-Data/assignments prellm/submissions_cs35_sp2018/submission_7871310/get_lat_and_lng.py,37,32.432,13.513513513513514,18.91891891891892,1,4,37.0,1,1,1.307,3,CS35,sp2018,2018
/Users/summer-2024/Desktop/code metrics 25/All-Data/CS5-Data/assignments prellm/submissions_cs5_s2018/submission_12403657/final.py,339,17.109,1.1799410029498525,14.749262536873156,9,78,37.666666666666664,1,2,1.273,5,CS5,s2018,2018
/Users/summer-2024/Desktop/code metrics 25/All-Data/CS5-Data/assignments prellm/submissions_cs5_s2018/submission_12393596/porter.py,328,4.878,28.65853658536585,9.146341463414634,17,241,19.294117647058822,5,2,1.271,7,CS5,s2018,2018
/Users/summer-2024/Desktop/code metrics 25/All-Data/CS5-Data/assignments prellm/submissions_cs5_s2018/submission_12439072/final.py,412,9.709,19.66019417475728,18.203883495145632,25,144,16.48,25,3,1.29,6,CS5,s2018,2018
/Users/summer-2024/Desktop/code metrics 25/All-Data/CS5-Data/assignments prellm/submissions_cs5_s2018/submission_12408110/FinalProject.py,249,4.418,20.080321285140563,8.835341365461847,17,72,14.647058823529411,24,3,1.268,8,CS5,s2018,2018
/Users/summer-2024/Desktop/code metrics 25/All-Data/CS5-Data/assignments prellm/submissions_cs5_s2018/submission_12307026/final.py,349,13.754,19.197707736389685,23.49570200573066,14,64,24.928571428571427,-1,3,1.264,5,CS5,s2018,2018
/Users/summer-2024/Desktop/code metrics 25/All-Data/CS35-Data/assignments prellm/submissions_cs35_sp2018/submission_7855472/final_project/bible_pronoun_pnoun_analysis.py,334,13.174,14.071856287425147,15.868263473053892,9,48,37.111111111111114,14,3,1.378,6,CS35,sp2018,2018
/Users/summer-2024/Desktop/code metrics 25/All-Data/CS5-Data/assignments prellm/submissions_cs5_s2018/submission_12390452/final.py,569,11.951,24.604569420035148,12.82952548330404,28,224,20.321428571428573,29,4,1.251,6,CS5,s2018,2018
/Users/summer-2024/Desktop/code metrics 25/All-Data/CS35-Data/assignments prellm/submissions_cs35_sp2018/submission_7854491/lyrics.py,65,13.846,6.153846153846154,20.0,2,10,32.5,2,2,1.378,4,CS35,sp2018,2018
/Users/summer-2024/Desktop/code metrics 25/All-Data/CS35-Data/assignments prellm/submissions_cs35_sp2018/submission_7878747/Scatterplot_previous_5_years.py,226,11.062,0.8849557522123894,26.548672566371685,5,52,45.2,9,2,1.294,4,CS35,sp2018,2018
/Users/summer-2024/Desktop/code metrics 25/All-Data/CS5-Data/assignments prellm/submissions_cs5_s2018/submission_12412352/final.py,494,4.656,18.016194331983808,10.121457489878544,24,211,20.583333333333332,41,4,1.28,6,CS5,s2018,2018
/Users/summer-2024/Desktop/code metrics 25/All-Data/CS5-Data/assignments prellm/submissions_cs5_s2018/submission_12309425/porter.py,328,4.878,28.65853658536585,9.146341463414634,17,241,19.294117647058822,5,2,1.274,7,CS5,s2018,2018
/Users/summer-2024/Desktop/code metrics 25/All-Data/CS5-Data/assignments prellm/submissions_cs5_s2018/submission_12411506/final.py,514,2.529,22.17898832684825,16.147859922178988,22,193,23.363636363636363,33,3,1.281,7,CS5,s2018,2018
/Users/summer-2024/Desktop/code metrics 25/All-Data/CS5-Data/assignments prellm/submissions_cs5_s2018/submission_12393596/final.py,324,3.395,12.962962962962962,21.91358024691358,15,71,21.6,-1,3,1.299,6,CS5,s2018,2018
/Users/summer-2024/Desktop/code metrics 25/All-Data/CS35-Data/assignments prellm/submissions_cs35_sp2018/submission_8043269/CS35-2.0-master/Final Project/NeuroPy/attentionAnalysis.py,130,20.0,3.076923076923077,18.461538461538463,4,20,32.5,6,2,1.27,3,CS35,sp2018,2018
/Users/summer-2024/Desktop/code metrics 25/All-Data/CS5-Data/assignments prellm/submissions_cs5_s2018/submission_12414008/final.py,356,34.27,5.056179775280898,23.314606741573034,10,83,35.6,3,2,1.269,5,CS5,s2018,2018
/Users/summer-2024/Desktop/code metrics 25/All-Data/CS5-Data/assignments prellm/submissions_cs5_s2018/submission_12385117/final.py,274,6.204,27.73722627737226,16.05839416058394,18,54,15.22222222222222,15,2,1.305,8,CS5,s2018,2018
/Users/summer-2024/Desktop/code metrics 25/All-Data/CS5-Data/assignments prellm/submissions_cs5_s2018/submission_12407496/final.py,317,24.606,8.832807570977918,27.760252365930597,10,70,31.7,3,2,1.266,6,CS5,s2018,2018
/Users/summer-2024/Desktop/code metrics 25/All-Data/CS5-Data/assignments prellm/submissions_cs5_s2018/submission_12309940/final.py,1222,4.992,15.384615384615383,55.810147299509005,35,235,34.91428571428571,-1,4,1.276,6,CS5,s2018,2018
/Users/summer-2024/Desktop/code metrics 25/All-Data/CS5-Data/assignments prellm/submissions_cs5_s2018/submission_12384635/final.py,317,5.678,22.082018927444793,20.50473186119874,14,70,22.642857142857142,11,3,1.284,5,CS5,s2018,2018
/Users/summer-2024/Desktop/code metrics 25/All-Data/CS5-Data/assignments prellm/submissions_cs5_s2018/submission_12437360/porter.py,358,4.469,34.357541899441344,11.1731843575419,17,241,21.058823529411764,5,2,1.279,7,CS5,s2018,2018
/Users/summer-2024/Desktop/code metrics 25/All-Data/CS5-Data/assignments prellm/submissions_cs5_s2018/submission_12346426/final.py,474,11.603,39.24050632911392,8.227848101265822,17,132,27.88235294117647,-1,3,1.269,8,CS5,s2018,2018
/Users/summer-2024/Desktop/code metrics 25/All-Data/CS35-Data/assignments prellm/submissions_cs35_sp2018/submission_7878747/worldcup.py,617,15.559,1.6207455429497568,29.17341977309562,16,140,38.5625,24,3,1.277,4,CS35,sp2018,2018
/Users/summer-2024/Desktop/code metrics 25/All-Data/CS35-Data/assignments prellm/submissions_cs35_sp2018/submission_7870878/get_lat_and_lng.py,37,32.432,13.513513513513514,18.91891891891892,1,4,37.0,1,1,1.321,3,CS35,sp2018,2018
/Users/summer-2024/Desktop/code metrics 25/All-Data/CS5-Data/assignments prellm/submissions_cs5_s2018/submission_12313367/final.py,257,29.183,15.953307392996107,20.233463035019454,8,42,32.125,3,2,1.287,5,CS5,s2018,2018
/Users/summer-2024/Desktop/code metrics 25/All-Data/CS5-Data/assignments prellm/submissions_cs5_s2018/submission_12390318/final.py,379,13.456,25.857519788918204,23.48284960422164,14,50,27.071428571428573,19,3,1.295,7,CS5,s2018,2018
/Users/summer-2024/Desktop/code metrics 25/All-Data/CS5-Data/assignments prellm/submissions_cs5_s2018/submission_12412187/final.py,385,42.078,12.727272727272728,21.818181818181817,10,72,38.5,-1,2,1.262,5,CS5,s2018,2018
/Users/summer-2024/Desktop/code metrics 25/All-Data/CS5-Data/assignments prellm/submissions_cs5_s2018/submission_12416288/final.py,592,7.432,15.033783783783782,23.14189189189189,29,206,20.41379310344828,31,5,1.239,6,CS5,s2018,2018
/Users/summer-2024/Desktop/code metrics 25/All-Data/CS5-Data/assignments prellm/submissions_cs5_s2018/submission_12403596/final.py,334,7.485,20.958083832335326,4.191616766467066,27,150,12.37037037037037,28,3,1.28,6,CS5,s2018,2018
/Users/summer-2024/Desktop/code metrics 25/All-Data/CS35-Data/assignments prellm/submissions_cs35_sp2018/submission_7842713/PILProcessing.py,60,0.0,38.333333333333336,13.333333333333334,4,8,15.0,2,2,1.286,5,CS35,sp2018,2018
/Users/summer-2024/Desktop/code metrics 25/All-Data/CS5-Data/assignments prellm/submissions_cs5_s2018/submission_12339795/final.py,610,7.377,25.08196721311475,9.18032786885246,29,222,21.03448275862069,31,4,1.296,6,CS5,s2018,2018
/Users/summer-2024/Desktop/code metrics 25/All-Data/CS5-Data/assignments prellm/submissions_cs5_s2018/submission_12313523/final.py,618,9.547,22.491909385113267,11.488673139158577,29,250,21.310344827586206,42,4,1.283,6,CS5,s2018,2018
/Users/summer-2024/Desktop/code metrics 25/All-Data/CS5-Data/assignments prellm/submissions_cs5_s2018/submission_12412121/final.py,413,27.361,8.716707021791766,20.581113801452787,9,77,45.888888888888886,3,2,1.285,5,CS5,s2018,2018
/Users/summer-2024/Desktop/code metrics 25/All-Data/CS5-Data/assignments prellm/submissions_cs5_s2018/submission_12384848/final.py,274,6.204,27.73722627737226,16.05839416058394,18,54,15.22222222222222,15,2,1.239,8,CS5,s2018,2018
/Users/summer-2024/Desktop/code metrics 25/All-Data/CS5-Data/assignments prellm/submissions_cs5_s2018/submission_12307044/final.py,601,11.814,24.79201331114809,15.640599001663894,25,189,24.04,29,2,1.272,6,CS5,s2018,2018
/Users/summer-2024/Desktop/code metrics 25/All-Data/CS5-Data/assignments prellm/submissions_cs5_s2018/submission_12350151/final.py,341,27.273,10.557184750733136,14.66275659824047,9,42,37.888888888888886,4,2,1.296,5,CS5,s2018,2018
/Users/summer-2024/Desktop/code metrics 25/All-Data/CS5-Data/assignments prellm/submissions_cs5_s2018/submission_12413414/final.py,398,5.779,25.125628140703515,11.306532663316585,20,144,19.9,27,3,1.302,6,CS5,s2018,2018
/Users/summer-2024/Desktop/code metrics 25/All-Data/CS5-Data/assignments prellm/submissions_cs5_s2018/submission_12438485/final.py,479,9.603,17.745302713987474,18.580375782881003,26,159,18.423076923076923,26,4,1.297,6,CS5,s2018,2018
/Users/summer-2024/Desktop/code metrics 25/All-Data/CS5-Data/assignments prellm/submissions_cs5_s2018/submission_12402615/final.py,517,5.222,17.60154738878143,14.313346228239846,35,185,14.771428571428572,28,3,1.316,6,CS5,s2018,2018
/Users/summer-2024/Desktop/code metrics 25/All-Data/CS5-Data/assignments prellm/submissions_cs5_s2018/submission_12416134/final/porter.py,358,4.469,34.357541899441344,11.1731843575419,17,241,21.058823529411764,5,2,1.284,7,CS5,s2018,2018
/Users/summer-2024/Desktop/code metrics 25/All-Data/CS5-Data/assignments prellm/submissions_cs5_s2018/submission_12476007/final_connect4_Hess.py,507,7.101,15.581854043392504,7.889546351084813,26,246,19.5,30,3,1.309,6,CS5,s2018,2018
/Users/summer-2024/Desktop/code metrics 25/All-Data/CS35-Data/assignments prellm/submissions_cs35_sp2018/submission_7871310/all_together.py,99,8.081,5.05050505050505,12.12121212121212,2,19,49.5,4,1,1.325,3,CS35,sp2018,2018
/Users/summer-2024/Desktop/code metrics 25/All-Data/CS5-Data/assignments prellm/submissions_cs5_s2018/submission_12309848/final.py,481,8.524,30.76923076923077,13.513513513513514,25,157,19.24,24,3,1.305,6,CS5,s2018,2018
/Users/summer-2024/Desktop/code metrics 25/All-Data/CS5-Data/assignments prellm/submissions_cs5_s2018/submission_12404236/final.py,631,15.689,26.94136291600634,11.727416798732172,29,215,21.75862068965517,31,4,1.289,6,CS5,s2018,2018
/Users/summer-2024/Desktop/code metrics 25/All-Data/CS35-Data/assignments prellm/submissions_cs35_sp2018/submission_7864835/final.py,63,31.746,15.873015873015872,22.22222222222222,0,11,0.0,-1,0,1.286,4,CS35,sp2018,2018
/Users/summer-2024/Desktop/code metrics 25/All-Data/CS5-Data/assignments prellm/submissions_cs5_s2018/submission_12436049/final.py,811,3.946,11.960542540073984,2.096177558569667,22,448,36.86363636363637,52,3,1.256,7,CS5,s2018,2018
/Users/summer-2024/Desktop/code metrics 25/All-Data/CS5-Data/assignments prellm/submissions_cs5_s2018/submission_12356886/final.py,469,23.028,13.646055437100213,17.48400852878465,13,95,36.07692307692308,12,2,1.32,6,CS5,s2018,2018
/Users/summer-2024/Desktop/code metrics 25/All-Data/CS5-Data/assignments prellm/submissions_cs5_s2018/submission_12328267/final.py,457,25.164,14.660831509846828,17.72428884026258,11,66,41.54545454545455,2,2,1.335,4,CS5,s2018,2018
/Users/summer-2024/Desktop/code metrics 25/All-Data/CS35-Data/assignments prellm/submissions_cs35_sp2018/submission_8024510/scrapelyrics.py,140,17.143,20.0,15.714285714285714,6,30,23.333333333333332,7,4,1.358,6,CS35,sp2018,2018
/Users/summer-2024/Desktop/code metrics 25/All-Data/CS5-Data/assignments prellm/submissions_cs5_s2018/submission_12400974/final.py,518,6.178,21.428571428571427,16.409266409266408,28,181,18.5,28,4,1.312,6,CS5,s2018,2018
/Users/summer-2024/Desktop/code metrics 25/All-Data/CS5-Data/assignments prellm/submissions_cs5_s2018/submission_12413159/final.py,417,9.113,16.30695443645084,19.18465227817746,25,144,16.68,26,3,1.289,6,CS5,s2018,2018
/Users/summer-2024/Desktop/code metrics 25/All-Data/CS5-Data/assignments prellm/submissions_cs5_s2018/submission_12434973/final.py,446,6.502,23.318385650224215,16.367713004484305,27,175,16.51851851851852,32,3,1.284,6,CS5,s2018,2018
/Users/summer-2024/Desktop/code metrics 25/All-Data/CS35-Data/assignments prellm/submissions_cs35_sp2018/submission_7870878/NTY_to_23_URLS.py,109,33.945,0.0,16.51376146788991,0,8,0.0,2,0,1.883,5,CS35,sp2018,2018
/Users/summer-2024/Desktop/code metrics 25/All-Data/CS5-Data/assignments prellm/submissions_cs5_s2018/submission_12418377/final.py,634,8.044,21.766561514195583,18.92744479495268,26,246,24.384615384615383,46,4,1.292,7,CS5,s2018,2018
/Users/summer-2024/Desktop/code metrics 25/All-Data/CS5-Data/assignments prellm/submissions_cs5_s2018/submission_12413414/editedVersion.py,405,5.679,24.69135802469136,10.617283950617283,20,144,20.25,27,3,1.288,6,CS5,s2018,2018
/Users/summer-2024/Desktop/code metrics 25/All-Data/CS5-Data/assignments prellm/submissions_cs5_s2018/submission_12476896/GV Final Project/textmodelfinal.py,481,19.543,48.85654885654886,9.563409563409564,16,78,30.0625,17,3,1.295,6,CS5,s2018,2018
/Users/summer-2024/Desktop/code metrics 25/All-Data/CS5-Data/assignments prellm/submissions_cs5_s2018/submission_12345561/final.py,401,9.476,23.44139650872818,13.21695760598504,25,162,16.04,24,4,1.286,6,CS5,s2018,2018
/Users/summer-2024/Desktop/code metrics 25/All-Data/CS35-Data/assignments prellm/submissions_cs35_sp2018/submission_7727669/final|Project.py,1035,10.242,0.5797101449275363,35.55555555555556,7,38,147.85714285714286,-1,2,1.294,6,CS35,sp2018,2018
/Users/summer-2024/Desktop/code metrics 25/All-Data/CS5-Data/assignments prellm/submissions_cs5_s2018/submission_12313865/final.py and final.txt/final.py,588,3.741,15.98639455782313,6.292517006802721,22,308,26.727272727272727,-1,4,1.293,6,CS5,s2018,2018
/Users/summer-2024/Desktop/code metrics 25/All-Data/CS5-Data/assignments prellm/submissions_cs5_s2018/submission_12314424/final.py and final.txt/final.py,588,3.741,15.98639455782313,6.292517006802721,22,308,26.727272727272727,-1,4,1.275,6,CS5,s2018,2018
/Users/summer-2024/Desktop/code metrics 25/All-Data/CS35-Data/assignments prellm/submissions_cs35_sp2018/submission_7864835/jump_test.py,135,22.222,5.185185185185185,25.925925925925924,2,30,67.5,2,1,1.27,6,CS35,sp2018,2018
/Users/summer-2024/Desktop/code metrics 25/All-Data/CS35-Data/assignments prellm/submissions_cs35_sp2018/submission_7836254/finalproject.py,1016,13.681,17.519685039370078,10.9251968503937,47,114,21.617021276595743,-1,4,1.325,5,CS35,sp2018,2018
/Users/summer-2024/Desktop/code metrics 25/All-Data/CS5-Data/assignments prellm/submissions_cs5_s2018/submission_12416851/final.py,744,14.516,6.989247311827956,18.413978494623656,21,165,35.42857142857143,4,2,1.306,6,CS5,s2018,2018
/Users/summer-2024/Desktop/code metrics 25/All-Data/CS5-Data/assignments prellm/submissions_cs5_s2018/submission_12362659/porter.py,327,4.893,28.74617737003058,8.868501529051988,17,241,19.235294117647054,5,2,1.275,7,CS5,s2018,2018
/Users/summer-2024/Desktop/code metrics 25/All-Data/CS5-Data/assignments prellm/submissions_cs5_s2018/submission_12411688/final.py,637,19.152,7.6923076923076925,14.91365777080063,10,144,63.7,3,2,1.266,5,CS5,s2018,2018
/Users/summer-2024/Desktop/code metrics 25/All-Data/CS35-Data/assignments prellm/submissions_cs35_sp2018/submission_7871310/NTY_to_23_URLS.py,109,33.945,0.0,16.51376146788991,0,8,0.0,2,0,1.806,5,CS35,sp2018,2018
/Users/summer-2024/Desktop/code metrics 25/All-Data/CS5-Data/assignments prellm/submissions_cs5_s2018/submission_12406052/final.py,686,7.872,13.702623906705538,13.848396501457728,27,358,25.40740740740741,29,4,1.292,6,CS5,s2018,2018
/Users/summer-2024/Desktop/code metrics 25/All-Data/CS35-Data/assignments prellm/submissions_cs35_sp2018/submission_7848442/scrape.py,95,9.474,0.0,20.0,3,8,31.666666666666668,3,1,1.293,4,CS35,sp2018,2018
/Users/summer-2024/Desktop/code metrics 25/All-Data/CS5-Data/assignments prellm/submissions_cs5_s2018/submission_12366520/final.py,329,45.897,12.76595744680851,21.27659574468085,10,54,32.9,1,2,1.306,4,CS5,s2018,2018
/Users/summer-2024/Desktop/code metrics 25/All-Data/CS5-Data/assignments prellm/submissions_cs5_s2018/submission_12436699/final.py,399,4.261,19.047619047619047,23.05764411027569,21,128,19.0,20,3,1.274,6,CS5,s2018,2018
/Users/summer-2024/Desktop/code metrics 25/All-Data/CS5-Data/assignments prellm/submissions_cs5_s2018/submission_12394369/final.py,314,31.847,10.828025477707008,17.51592356687898,9,62,34.888888888888886,3,2,1.311,5,CS5,s2018,2018
/Users/summer-2024/Desktop/code metrics 25/All-Data/CS5-Data/assignments prellm/submissions_cs5_s2018/submission_12401247/final.py,579,5.699,26.42487046632124,5.526770293609672,30,242,19.3,30,4,1.317,6,CS5,s2018,2018
/Users/summer-2024/Desktop/code metrics 25/All-Data/CS5-Data/assignments prellm/submissions_cs5_s2018/submission_12404094/final.py,392,29.337,14.540816326530612,15.56122448979592,13,58,30.153846153846153,5,2,1.288,5,CS5,s2018,2018
/Users/summer-2024/Desktop/code metrics 25/All-Data/CS5-Data/assignments prellm/submissions_cs5_s2018/submission_12415129/final.py,699,27.897,24.034334763948497,13.733905579399142,21,96,33.285714285714285,9,2,1.281,5,CS5,s2018,2018
/Users/summer-2024/Desktop/code metrics 25/All-Data/CS5-Data/assignments prellm/submissions_cs5_s2018/submission_12311787/final.py,279,6.452,5.017921146953405,18.63799283154122,14,70,19.928571428571427,-1,3,1.258,7,CS5,s2018,2018
/Users/summer-2024/Desktop/code metrics 25/All-Data/CS5-Data/assignments prellm/submissions_cs5_s2018/submission_12309355/final.py,297,1.347,22.895622895622896,17.17171717171717,19,82,15.63157894736842,25,3,1.307,8,CS5,s2018,2018
/Users/summer-2024/Desktop/code metrics 25/All-Data/CS35-Data/assignments prellm/submissions_cs35_sp2018/submission_7870878/URLS_to_first_word.py,102,16.667,11.76470588235294,17.647058823529413,1,12,102.0,2,1,1.338,4,CS35,sp2018,2018
/Users/summer-2024/Desktop/code metrics 25/All-Data/CS5-Data/assignments prellm/submissions_cs5_s2018/submission_12412084/final.py,443,6.772,24.153498871331827,16.02708803611738,27,153,16.40740740740741,31,4,1.273,6,CS5,s2018,2018
/Users/summer-2024/Desktop/code metrics 25/All-Data/CS5-Data/assignments prellm/submissions_cs5_s2018/submission_12328267/CS5 Final project Grutor.py,403,27.792,16.62531017369727,18.610421836228287,11,60,36.63636363636363,3,2,1.284,5,CS5,s2018,2018
/Users/summer-2024/Desktop/code metrics 25/All-Data/CS35-Data/assignments prellm/submissions_cs35_sp2018/submission_7871310/URLS_to_first_word.py,102,16.667,11.76470588235294,17.647058823529413,1,12,102.0,2,1,1.339,4,CS35,sp2018,2018
/Users/summer-2024/Desktop/code metrics 25/All-Data/CS5-Data/assignments prellm/submissions_cs5_s2018/submission_12361774/final.py,566,7.951,22.791519434628977,9.717314487632509,25,215,22.64,31,4,1.269,6,CS5,s2018,2018
/Users/summer-2024/Desktop/code metrics 25/All-Data/CS5-Data/assignments prellm/submissions_cs5_s2018/submission_12408109/final.py,308,6.818,11.363636363636363,15.909090909090908,5,91,61.6,10,2,1.241,5,CS5,s2018,2018
/Users/summer-2024/Desktop/code metrics 25/All-Data/CS5-Data/assignments prellm/submissions_cs5_s2018/submission_12363853/final.py,553,4.882,17.359855334538878,19.71066907775769,34,240,16.264705882352942,37,3,1.304,6,CS5,s2018,2018
/Users/summer-2024/Desktop/code metrics 25/All-Data/CS5-Data/assignments prellm/submissions_cs5_s2018/submission_12417276/final.py,702,8.547,12.82051282051282,8.404558404558404,26,299,27.0,36,3,1.293,6,CS5,s2018,2018
/Users/summer-2024/Desktop/code metrics 25/All-Data/CS35-Data/assignments prellm/submissions_cs35_sp2018/submission_7871310/clean_24000.py,18,11.111,0.0,16.666666666666664,1,6,18.0,1,1,1.254,3,CS35,sp2018,2018
/Users/summer-2024/Desktop/code metrics 25/All-Data/CS5-Data/assignments prellm/submissions_cs5_s2018/submission_12418056/final.py,453,8.389,25.607064017660043,3.9735099337748343,24,191,18.875,29,2,1.269,6,CS5,s2018,2018
/Users/summer-2024/Desktop/code metrics 25/All-Data/CS35-Data/assignments prellm/submissions_cs35_sp2018/submission_7833514/Free_Fun_Finder_FINAL.py,218,5.963,24.31192660550459,23.394495412844037,7,12,31.142857142857142,-1,5,1.35,4,CS35,sp2018,2018
/Users/summer-2024/Desktop/code metrics 25/All-Data/CS35-Data/assignments prellm/submissions_cs35_sp2018/submission_7878747/Scatterplot_all_matches.py,222,19.369,0.9009009009009008,24.324324324324326,5,44,44.4,9,2,1.276,4,CS35,sp2018,2018
/Users/summer-2024/Desktop/code metrics 25/All-Data/CS5-Data/assignments prellm/submissions_cs5_s2018/submission_12371512/porter.py,357,4.482,34.45378151260504,10.92436974789916,17,241,21.0,5,2,1.261,7,CS5,s2018,2018
/Users/summer-2024/Desktop/code metrics 25/All-Data/CS5-Data/assignments prellm/submissions_cs5_s2018/submission_12436535/final.py,285,8.772,14.035087719298245,17.543859649122805,14,68,20.357142857142858,12,3,1.273,6,CS5,s2018,2018
/Users/summer-2024/Desktop/code metrics 25/All-Data/CS5-Data/assignments prellm/submissions_cs5_s2018/submission_12306420/final.py,820,28.049,7.1951219512195115,19.87804878048781,16,172,51.25,25,2,1.246,5,CS5,s2018,2018
/Users/summer-2024/Desktop/code metrics 25/All-Data/CS5-Data/assignments prellm/submissions_cs5_s2018/submission_12397301/final_snowman_soccer.py,545,20.183,7.706422018348624,16.14678899082569,10,56,54.5,1,2,1.298,4,CS5,s2018,2018
/Users/summer-2024/Desktop/code metrics 25/All-Data/CS5-Data/assignments prellm/submissions_cs5_s2018/submission_12337916/final.py,429,24.942,13.286713286713288,15.61771561771562,18,64,23.833333333333332,8,2,1.276,5,CS5,s2018,2018
/Users/summer-2024/Desktop/code metrics 25/All-Data/CS5-Data/assignments prellm/submissions_cs5_s2018/submission_12411679/final.py,344,27.616,11.627906976744184,20.348837209302324,8,88,43.0,2,2,1.275,5,CS5,s2018,2018
/Users/summer-2024/Desktop/code metrics 25/All-Data/CS5-Data/assignments prellm/submissions_cs5_s2018/submission_12407768/final.py,343,20.117,9.912536443148689,23.323615160349853,12,55,28.583333333333332,1,2,1.283,4,CS5,s2018,2018
/Users/summer-2024/Desktop/code metrics 25/All-Data/CS5-Data/assignments prellm/submissions_cs5_s2018/submission_12409503/Final.py,558,5.197,21.50537634408602,6.451612903225806,26,251,21.46153846153846,43,4,1.279,6,CS5,s2018,2018
/Users/summer-2024/Desktop/code metrics 25/All-Data/CS5-Data/assignments prellm/submissions_cs5_s2018/submission_12360238/final.py,481,24.116,10.602910602910605,17.671517671517673,15,80,32.06666666666667,6,2,1.298,5,CS5,s2018,2018
/Users/summer-2024/Desktop/code metrics 25/All-Data/CS35-Data/assignments prellm/submissions_cs35_sp2018/submission_7879832/final_project_impute.py,624,54.647,7.211538461538461,19.070512820512818,10,20,62.4,2,1,1.352,4,CS35,sp2018,2018
/Users/summer-2024/Desktop/code metrics 25/All-Data/CS35-Data/assignments prellm/submissions_cs35_sp2018/submission_7871310/final|TUTORIAL WE USED.py,102,18.627,0.0,40.19607843137255,0,4,0.0,1,0,1.324,5,CS35,sp2018,2018
/Users/summer-2024/Desktop/code metrics 25/All-Data/CS5-Data/assignments prellm/submissions_cs5_s2018/submission_12419572/final.py,603,1.658,14.759535655058045,10.77943615257048,30,303,20.1,58,6,1.247,7,CS5,s2018,2018
/Users/summer-2024/Desktop/code metrics 25/All-Data/CS5-Data/assignments prellm/submissions_cs5_s2018/submission_12413534/final.py,449,29.176,10.69042316258352,22.93986636971047,9,76,49.888888888888886,-1,1,1.248,5,CS5,s2018,2018
/Users/summer-2024/Desktop/code metrics 25/All-Data/CS35-Data/assignments prellm/submissions_cs35_sp2018/submission_7870878/all_together.py,99,8.081,5.05050505050505,12.12121212121212,2,19,49.5,4,1,1.294,3,CS35,sp2018,2018
/Users/summer-2024/Desktop/code metrics 25/All-Data/CS5-Data/assignments prellm/submissions_cs5_s2018/submission_12389420/porter.py,357,4.482,34.45378151260504,10.92436974789916,17,241,21.0,5,2,1.304,7,CS5,s2018,2018
/Users/summer-2024/Desktop/code metrics 25/All-Data/CS5-Data/assignments prellm/submissions_cs5_s2018/submission_12407526/final.py,337,30.267,4.747774480712167,26.112759643916917,7,70,48.142857142857146,1,2,1.229,5,CS5,s2018,2018
/Users/summer-2024/Desktop/code metrics 25/All-Data/CS5-Data/assignments prellm/submissions_cs5_s2019/submission_26624381/final.py,281,11.744,17.08185053380783,26.334519572953734,7,54,40.142857142857146,11,2,1.282,6,CS5,s2019,2019
/Users/summer-2024/Desktop/code metrics 25/All-Data/CS5-Data/assignments prellm/submissions_cs5_s2019/submission_26635732/final.py,339,16.224,21.238938053097343,26.548672566371685,18,75,18.833333333333332,23,6,1.315,7,CS5,s2019,2019
/Users/summer-2024/Desktop/code metrics 25/All-Data/CS5-Data/assignments prellm/submissions_cs5_s2019/submission_26583591/finalproject/textmodel.extra.py,369,12.195,19.78319783197832,13.821138211382117,15,87,24.6,11,4,1.277,5,CS5,s2019,2019
/Users/summer-2024/Desktop/code metrics 25/All-Data/CS5-Data/assignments prellm/submissions_cs5_s2019/submission_26638999/final.py,438,12.557,23.74429223744292,7.9908675799086755,23,181,19.043478260869566,39,2,1.301,6,CS5,s2019,2019
/Users/summer-2024/Desktop/code metrics 25/All-Data/CS35-Data/assignments prellm/submissions_cs35_sp2019/submission_18052517/Final Project/March-Madness-2017-master/final|Applying Deep Learning.py,106,5.66,0.0,23.58490566037736,2,14,53.0,3,1,1.297,4,CS35,sp2019,2019
/Users/summer-2024/Desktop/code metrics 25/All-Data/CS5-Data/assignments prellm/submissions_cs5_s2019/submission_26665142/final.py,318,5.346,20.754716981132077,24.21383647798742,17,76,18.705882352941178,-1,3,1.29,8,CS5,s2019,2019
/Users/summer-2024/Desktop/code metrics 25/All-Data/CS5-Data/assignments prellm/submissions_cs5_s2019/submission_26638988/final.py,314,32.803,12.101910828025478,23.248407643312103,11,64,28.545454545454547,12,2,1.287,5,CS5,s2019,2019
/Users/summer-2024/Desktop/code metrics 25/All-Data/CS5-Data/assignments prellm/submissions_cs5_s2019/submission_26677706/final.py,416,6.731,29.086538461538463,13.701923076923078,20,149,20.8,24,3,1.313,7,CS5,s2019,2019
/Users/summer-2024/Desktop/code metrics 25/All-Data/CS5-Data/assignments prellm/submissions_cs5_s2019/submission_26667663/final.py,364,36.264,7.142857142857142,26.64835164835165,5,50,72.8,9,1,1.235,4,CS5,s2019,2019
/Users/summer-2024/Desktop/code metrics 25/All-Data/CS35-Data/assignments prellm/submissions_cs35_sp2019/submission_18076817/dino.py,340,26.471,4.117647058823529,10.882352941176473,25,38,13.6,3,5,1.238,7,CS35,sp2019,2019
/Users/summer-2024/Desktop/code metrics 25/All-Data/CS5-Data/assignments prellm/submissions_cs5_s2019/submission_26616100/final.py,595,7.563,20.840336134453786,18.991596638655466,31,198,19.193548387096776,37,3,1.294,6,CS5,s2019,2019
/Users/summer-2024/Desktop/code metrics 25/All-Data/CS5-Data/assignments prellm/submissions_cs5_s2019/submission_26632390/final.py,464,7.328,28.01724137931034,17.45689655172414,27,150,17.185185185185187,27,3,1.293,6,CS5,s2019,2019
/Users/summer-2024/Desktop/code metrics 25/All-Data/CS5-Data/assignments prellm/submissions_cs5_s2019/submission_26501189/porter.py,375,4.267,34.93333333333333,10.933333333333334,17,240,22.058823529411764,5,2,1.275,7,CS5,s2019,2019
/Users/summer-2024/Desktop/code metrics 25/All-Data/CS5-Data/assignments prellm/submissions_cs5_s2019/submission_26646462/final.py,665,7.97,16.842105263157894,18.49624060150376,31,213,21.451612903225808,34,3,1.251,6,CS5,s2019,2019
/Users/summer-2024/Desktop/code metrics 25/All-Data/CS5-Data/assignments prellm/submissions_cs5_s2019/submission_26637565/final.py,329,5.775,26.44376899696049,11.55015197568389,14,52,23.5,9,4,1.252,6,CS5,s2019,2019
/Users/summer-2024/Desktop/code metrics 25/All-Data/CS35-Data/assignments prellm/submissions_cs35_sp2019/submission_18076817/flappyflap.py,361,24.931,17.451523545706372,10.526315789473683,23,36,15.695652173913045,3,5,1.261,5,CS35,sp2019,2019
/Users/summer-2024/Desktop/code metrics 25/All-Data/CS5-Data/assignments prellm/submissions_cs5_s2019/submission_26622712/final.py,359,6.685,23.3983286908078,12.534818941504176,23,160,15.608695652173912,24,3,1.279,6,CS5,s2019,2019
/Users/summer-2024/Desktop/code metrics 25/All-Data/CS5-Data/assignments prellm/submissions_cs5_s2019/submission_26575068/final.py,400,5.5,20.25,16.25,25,149,16.0,26,3,1.313,6,CS5,s2019,2019
/Users/summer-2024/Desktop/code metrics 25/All-Data/CS5-Data/assignments prellm/submissions_cs5_s2019/submission_26581288/final_project.py,250,21.2,9.6,24.4,13,62,19.23076923076923,2,4,1.28,4,CS5,s2019,2019
/Users/summer-2024/Desktop/code metrics 25/All-Data/CS35-Data/assignments prellm/submissions_cs35_sp2019/submission_18315297/pngTojpg.py,28,0.0,0.0,32.142857142857146,1,4,28.0,1,1,1.295,4,CS35,sp2019,2019
/Users/summer-2024/Desktop/code metrics 25/All-Data/CS5-Data/assignments prellm/submissions_cs5_s2019/submission_26636995/final.py,226,35.398,11.50442477876106,26.10619469026549,7,44,32.285714285714285,5,2,1.277,5,CS5,s2019,2019
/Users/summer-2024/Desktop/code metrics 25/All-Data/CS35-Data/assignments prellm/submissions_cs35_sp2019/submission_18058118/wals.py,161,11.18,34.78260869565217,21.11801242236025,4,10,40.25,2,2,1.311,3,CS35,sp2019,2019
/Users/summer-2024/Desktop/code metrics 25/All-Data/CS5-Data/assignments prellm/submissions_cs5_s2019/submission_26565818/final.py,529,6.049,21.73913043478261,16.257088846880908,26,220,20.346153846153847,32,4,1.293,6,CS5,s2019,2019
/Users/summer-2024/Desktop/code metrics 25/All-Data/CS5-Data/assignments prellm/submissions_cs5_s2019/submission_19233663/final.py,82,15.854,29.268292682926827,10.975609756097562,4,19,20.5,-1,3,1.308,5,CS5,s2019,2019
/Users/summer-2024/Desktop/code metrics 25/All-Data/CS5-Data/assignments prellm/submissions_cs5_s2019/submission_26658271/final.py,523,8.987,27.151051625239003,13.001912045889105,27,188,19.37037037037037,30,4,1.305,6,CS5,s2019,2019
/Users/summer-2024/Desktop/code metrics 25/All-Data/CS35-Data/assignments prellm/submissions_cs35_sp2019/submission_17522223/project/ML_mlp.py,122,31.967,1.639344262295082,19.672131147540984,0,16,0.0,0,0,1.293,3,CS35,sp2019,2019
/Users/summer-2024/Desktop/code metrics 25/All-Data/CS5-Data/assignments prellm/submissions_cs5_s2019/submission_26618888/final.py,461,13.883,15.184381778741866,12.364425162689804,21,189,21.952380952380953,29,3,1.276,6,CS5,s2019,2019
/Users/summer-2024/Desktop/code metrics 25/All-Data/CS35-Data/assignments prellm/submissions_cs35_sp2019/submission_18005767/Final/finaldriver_v2.py,60,13.333,0.0,26.666666666666668,0,8,0.0,1,0,1.26,3,CS35,sp2019,2019
/Users/summer-2024/Desktop/code metrics 25/All-Data/CS35-Data/assignments prellm/submissions_cs35_sp2019/submission_18052517/Final Project/2019.py,55,14.545,25.454545454545453,20.0,3,12,18.333333333333332,4,2,1.26,5,CS35,sp2019,2019
/Users/summer-2024/Desktop/code metrics 25/All-Data/CS35-Data/assignments prellm/submissions_cs35_sp2019/submission_18085971/m.py,74,24.324,17.56756756756757,16.216216216216218,1,7,74.0,1,1,1.294,4,CS35,sp2019,2019
/Users/summer-2024/Desktop/code metrics 25/All-Data/CS5-Data/assignments prellm/submissions_cs5_s2019/submission_26479395/final2.py,373,5.63,21.983914209115284,12.332439678284182,20,145,18.65,26,4,1.25,6,CS5,s2019,2019
/Users/summer-2024/Desktop/code metrics 25/All-Data/CS5-Data/assignments prellm/submissions_cs5_s2019/submission_26407270/final.py,360,13.889,26.944444444444443,3.888888888888889,27,149,13.333333333333334,29,3,1.267,6,CS5,s2019,2019
/Users/summer-2024/Desktop/code metrics 25/All-Data/CS35-Data/assignments prellm/submissions_cs35_sp2019/submission_18083597/test.py,5,0.0,0.0,20.0,0,2,0.0,0,0,1.289,2,CS35,sp2019,2019
/Users/summer-2024/Desktop/code metrics 25/All-Data/CS35-Data/assignments prellm/submissions_cs35_sp2019/submission_18081011/BasketballPredictorFinal/nba_neural_net_classifier.py,175,41.143,1.1428571428571428,21.142857142857142,1,14,175.0,2,1,1.297,4,CS35,sp2019,2019
/Users/summer-2024/Desktop/code metrics 25/All-Data/CS5-Data/assignments prellm/submissions_cs5_s2019/submission_26617064/final.py,311,33.762,14.14790996784566,24.115755627009648,7,58,44.42857142857143,5,2,1.287,5,CS5,s2019,2019
/Users/summer-2024/Desktop/code metrics 25/All-Data/CS5-Data/assignments prellm/submissions_cs5_s2019/submission_26532533/final.py,219,14.612,2.73972602739726,22.37442922374429,7,66,31.285714285714285,4,4,1.29,4,CS5,s2019,2019
/Users/summer-2024/Desktop/code metrics 25/All-Data/CS35-Data/assignments prellm/submissions_cs35_sp2019/submission_18062192/team_avg.py,67,14.925,5.970149253731343,31.343283582089555,1,18,67.0,5,1,1.299,6,CS35,sp2019,2019
/Users/summer-2024/Desktop/code metrics 25/All-Data/CS5-Data/assignments prellm/submissions_cs5_s2019/submission_26622227/porter.py,375,4.267,34.93333333333333,10.933333333333334,17,240,22.058823529411764,5,2,1.293,7,CS5,s2019,2019
/Users/summer-2024/Desktop/code metrics 25/All-Data/CS5-Data/assignments prellm/submissions_cs5_s2019/submission_26668697/Final.py,391,5.115,23.785166240409207,23.785166240409207,22,78,17.772727272727273,26,2,1.32,8,CS5,s2019,2019
/Users/summer-2024/Desktop/code metrics 25/All-Data/CS5-Data/assignments prellm/submissions_cs5_s2019/submission_26626414/final.py,651,9.677,23.809523809523807,14.746543778801843,36,271,18.083333333333332,38,6,1.259,6,CS5,s2019,2019
/Users/summer-2024/Desktop/code metrics 25/All-Data/CS5-Data/assignments prellm/submissions_cs5_s2019/submission_26628440/final.py,324,20.988,3.3950617283950617,23.456790123456788,6,68,54.0,1,1,1.297,4,CS5,s2019,2019
/Users/summer-2024/Desktop/code metrics 25/All-Data/CS5-Data/assignments prellm/submissions_cs5_s2019/submission_26665250/final.py,396,7.071,18.181818181818183,16.91919191919192,27,149,14.666666666666666,30,3,1.357,6,CS5,s2019,2019
/Users/summer-2024/Desktop/code metrics 25/All-Data/CS35-Data/assignments prellm/submissions_cs35_sp2019/submission_18083597/xmp.py,11,45.455,0.0,36.36363636363637,0,2,0.0,0,0,1.291,2,CS35,sp2019,2019
/Users/summer-2024/Desktop/code metrics 25/All-Data/CS5-Data/assignments prellm/submissions_cs5_s2019/submission_26668853/final.py,344,5.523,20.930232558139537,17.151162790697676,18,105,19.11111111111111,26,3,1.298,8,CS5,s2019,2019
/Users/summer-2024/Desktop/code metrics 25/All-Data/CS35-Data/assignments prellm/submissions_cs35_sp2019/submission_18052517/Final Project/March-Madness-2017-master/final|Predictions for 2017 Bracket.py,460,2.609,1.5217391304347827,18.913043478260867,13,39,35.38461538461539,6,4,1.308,4,CS35,sp2019,2019
/Users/summer-2024/Desktop/code metrics 25/All-Data/CS5-Data/assignments prellm/submissions_cs5_s2019/submission_26588268/final.py,524,7.634,24.61832061068702,12.02290076335878,25,172,20.96,24,3,1.29,7,CS5,s2019,2019
/Users/summer-2024/Desktop/code metrics 25/All-Data/CS35-Data/assignments prellm/submissions_cs35_sp2019/submission_18315297/predict.py,70,24.286,0.0,17.142857142857142,0,4,0.0,0,0,1.283,3,CS35,sp2019,2019
/Users/summer-2024/Desktop/code metrics 25/All-Data/CS5-Data/assignments prellm/submissions_cs5_s2019/submission_26639995/porter.py,375,4.267,34.93333333333333,10.933333333333334,17,240,22.058823529411764,5,2,1.26,7,CS5,s2019,2019
/Users/summer-2024/Desktop/code metrics 25/All-Data/CS35-Data/assignments prellm/submissions_cs35_sp2019/submission_18085971/melody_parser.py,54,0.0,14.814814814814811,7.4074074074074066,1,8,54.0,1,1,1.278,3,CS35,sp2019,2019
/Users/summer-2024/Desktop/code metrics 25/All-Data/CS5-Data/assignments prellm/submissions_cs5_s2019/submission_26556283/prettytable.py,1475,8.542,17.559322033898304,16.94915254237288,115,409,12.826086956521738,-1,8,1.287,8,CS5,s2019,2019
/Users/summer-2024/Desktop/code metrics 25/All-Data/CS5-Data/assignments prellm/submissions_cs5_s2019/submission_26634978/final.py,403,6.7,26.054590570719604,15.384615384615383,24,136,16.791666666666668,26,3,1.308,6,CS5,s2019,2019
/Users/summer-2024/Desktop/code metrics 25/All-Data/CS35-Data/assignments prellm/submissions_cs35_sp2019/submission_18315297/train_simple_nn.py,131,25.191,4.580152671755725,12.97709923664122,0,4,0.0,-1,0,1.288,3,CS35,sp2019,2019
/Users/summer-2024/Desktop/code metrics 25/All-Data/CS5-Data/assignments prellm/submissions_cs5_s2019/submission_26357795/final.py,399,4.01,23.55889724310777,12.781954887218044,23,143,17.347826086956523,29,4,1.294,6,CS5,s2019,2019
/Users/summer-2024/Desktop/code metrics 25/All-Data/CS35-Data/assignments prellm/submissions_cs35_sp2019/submission_18062192/finalRF.py,212,18.396,0.0,27.358490566037737,0,18,0.0,8,0,1.311,6,CS35,sp2019,2019
/Users/summer-2024/Desktop/code metrics 25/All-Data/CS35-Data/assignments prellm/submissions_cs35_sp2019/submission_18315297/gifTopng.py,52,3.846,0.0,25.0,1,6,52.0,2,1,1.303,4,CS35,sp2019,2019
/Users/summer-2024/Desktop/code metrics 25/All-Data/CS5-Data/assignments prellm/submissions_cs5_s2019/submission_26640025/final.py,466,0.215,14.8068669527897,5.793991416309012,23,213,20.26086956521739,36,4,1.283,6,CS5,s2019,2019
/Users/summer-2024/Desktop/code metrics 25/All-Data/CS5-Data/assignments prellm/submissions_cs5_s2019/submission_26639995/final.py,322,7.453,18.633540372670808,17.70186335403727,14,70,23.0,12,3,1.283,5,CS5,s2019,2019
/Users/summer-2024/Desktop/code metrics 25/All-Data/CS5-Data/assignments prellm/submissions_cs5_s2019/submission_26665729/final.py,383,4.439,20.887728459530024,14.360313315926891,20,147,19.15,24,4,1.305,6,CS5,s2019,2019
/Users/summer-2024/Desktop/code metrics 25/All-Data/CS5-Data/assignments prellm/submissions_cs5_s2019/submission_26634534/final.py,460,6.087,26.73913043478261,15.65217391304348,26,174,17.692307692307693,28,3,1.306,6,CS5,s2019,2019
/Users/summer-2024/Desktop/code metrics 25/All-Data/CS5-Data/assignments prellm/submissions_cs5_s2019/submission_26638985/final.py,151,25.166,10.596026490066226,21.192052980132452,3,44,50.333333333333336,9,1,1.261,4,CS5,s2019,2019
/Users/summer-2024/Desktop/code metrics 25/All-Data/CS35-Data/assignments prellm/submissions_cs35_sp2019/submission_18076817/flappy.py,361,23.546,19.113573407202217,9.695290858725762,24,34,15.041666666666666,3,5,1.23,5,CS35,sp2019,2019
/Users/summer-2024/Desktop/code metrics 25/All-Data/CS5-Data/assignments prellm/submissions_cs5_s2019/submission_26555227/final.py,420,8.095,21.666666666666668,16.428571428571427,26,149,16.153846153846153,27,3,1.291,6,CS5,s2019,2019
/Users/summer-2024/Desktop/code metrics 25/All-Data/CS5-Data/assignments prellm/submissions_cs5_s2019/submission_26894693/final.py,758,2.77,11.87335092348285,60.68601583113457,14,94,54.142857142857146,24,3,1.319,8,CS5,s2019,2019
/Users/summer-2024/Desktop/code metrics 25/All-Data/CS5-Data/assignments prellm/submissions_cs5_s2019/submission_26583591/finalproject/textmodel.py,313,12.46,22.36421725239617,12.779552715654953,14,73,22.357142857142858,10,4,1.256,5,CS5,s2019,2019
/Users/summer-2024/Desktop/code metrics 25/All-Data/CS5-Data/assignments prellm/submissions_cs5_s2019/submission_26478116/final.py,329,38.602,7.90273556231003,20.060790273556233,8,83,41.125,1,2,1.239,4,CS5,s2019,2019
/Users/summer-2024/Desktop/code metrics 25/All-Data/CS35-Data/assignments prellm/submissions_cs35_sp2019/submission_18311538/hw10pr2.py,82,18.293,23.17073170731707,14.634146341463412,4,16,20.5,4,1,1.275,5,CS35,sp2019,2019
/Users/summer-2024/Desktop/code metrics 25/All-Data/CS5-Data/assignments prellm/submissions_cs5_s2019/submission_26385995/final.py,377,9.814,12.9973474801061,20.95490716180371,17,77,22.176470588235293,17,3,1.236,6,CS5,s2019,2019
/Users/summer-2024/Desktop/code metrics 25/All-Data/CS5-Data/assignments prellm/submissions_cs5_s2019/submission_26529366/final.py,715,8.392,26.853146853146853,14.265734265734263,37,238,19.324324324324323,25,3,1.302,6,CS5,s2019,2019
/Users/summer-2024/Desktop/code metrics 25/All-Data/CS5-Data/assignments prellm/submissions_cs5_s2019/submission_26665954/final.py,416,8.173,20.192307692307693,18.75,26,147,16.0,28,3,1.285,7,CS5,s2019,2019
/Users/summer-2024/Desktop/code metrics 25/All-Data/CS35-Data/assignments prellm/submissions_cs35_sp2019/submission_18061744/models.py,86,11.628,31.3953488372093,15.11627906976744,0,8,0.0,2,0,1.268,5,CS35,sp2019,2019
/Users/summer-2024/Desktop/code metrics 25/All-Data/CS5-Data/assignments prellm/submissions_cs5_s2019/submission_26561281/final.py,492,8.13,22.76422764227642,18.089430894308943,30,173,16.4,31,3,1.262,6,CS5,s2019,2019
/Users/summer-2024/Desktop/code metrics 25/All-Data/CS5-Data/assignments prellm/submissions_cs5_s2019/submission_26639426/final.py,468,7.692,20.94017094017094,14.957264957264956,23,155,20.347826086956523,27,4,1.27,6,CS5,s2019,2019
/Users/summer-2024/Desktop/code metrics 25/All-Data/CS5-Data/assignments prellm/submissions_cs5_s2019/submission_26622508/finalproject.py,364,6.868,14.285714285714285,18.13186813186813,15,90,24.266666666666666,10,3,1.293,5,CS5,s2019,2019
/Users/summer-2024/Desktop/code metrics 25/All-Data/CS5-Data/assignments prellm/submissions_cs5_s2019/submission_26639757/final.py,304,7.895,10.526315789473683,16.447368421052634,14,80,21.714285714285715,9,3,1.284,6,CS5,s2019,2019
/Users/summer-2024/Desktop/code metrics 25/All-Data/CS5-Data/assignments prellm/submissions_cs5_s2019/submission_26639230/final.py,779,5.006,17.329910141206675,7.317073170731707,22,404,35.40909090909091,65,3,1.297,6,CS5,s2019,2019
/Users/summer-2024/Desktop/code metrics 25/All-Data/CS5-Data/assignments prellm/submissions_cs5_s2019/submission_26668686/final.py,404,7.921,20.792079207920793,15.84158415841584,25,147,16.16,27,3,1.316,6,CS5,s2019,2019
/Users/summer-2024/Desktop/code metrics 25/All-Data/CS35-Data/assignments prellm/submissions_cs35_sp2019/submission_18313840/startup.py,162,11.728,3.0864197530864197,27.160493827160497,4,2,40.5,0,1,1.265,4,CS35,sp2019,2019
/Users/summer-2024/Desktop/code metrics 25/All-Data/CS5-Data/assignments prellm/submissions_cs5_s2019/submission_26629814/final.py,261,4.981,17.624521072796934,16.85823754789272,15,58,17.4,12,4,1.258,5,CS5,s2019,2019
/Users/summer-2024/Desktop/code metrics 25/All-Data/CS5-Data/assignments prellm/submissions_cs5_s2019/submission_26611646/final.py,348,31.897,16.954022988505745,20.114942528735632,15,64,23.2,-1,2,1.268,5,CS5,s2019,2019
/Users/summer-2024/Desktop/code metrics 25/All-Data/CS35-Data/assignments prellm/submissions_cs35_sp2019/submission_18077102/beatbox_classification_script.py,27,59.259,0.0,22.22222222222222,0,2,0.0,0,0,1.303,2,CS35,sp2019,2019
/Users/summer-2024/Desktop/code metrics 25/All-Data/CS5-Data/assignments prellm/submissions_cs5_s2019/submission_26566038/final.py,457,5.908,22.75711159737418,12.25382932166302,21,151,21.761904761904763,29,4,1.275,6,CS5,s2019,2019
/Users/summer-2024/Desktop/code metrics 25/All-Data/CS5-Data/assignments prellm/submissions_cs5_s2019/submission_26668692/final.py,327,10.092,2.4464831804281344,16.819571865443425,5,94,65.4,1,1,1.245,3,CS5,s2019,2019
/Users/summer-2024/Desktop/code metrics 25/All-Data/CS5-Data/assignments prellm/submissions_cs5_s2019/submission_26625823/final.py,322,31.988,20.80745341614907,21.428571428571427,10,56,32.2,10,2,1.231,5,CS5,s2019,2019
/Users/summer-2024/Desktop/code metrics 25/All-Data/CS35-Data/assignments prellm/submissions_cs35_sp2019/submission_18081428/data_generation.py,119,16.807,0.0,26.05042016806723,0,18,0.0,6,0,1.246,5,CS35,sp2019,2019
/Users/summer-2024/Desktop/code metrics 25/All-Data/CS5-Data/assignments prellm/submissions_cs5_s2019/submission_26624085/final.py,390,8.462,22.56410256410257,14.358974358974358,25,141,15.6,26,3,1.243,6,CS5,s2019,2019
/Users/summer-2024/Desktop/code metrics 25/All-Data/CS5-Data/assignments prellm/submissions_cs5_s2019/submission_26630483/Final.py,456,6.579,19.517543859649123,10.74561403508772,21,157,21.714285714285715,29,4,1.264,6,CS5,s2019,2019
/Users/summer-2024/Desktop/code metrics 25/All-Data/CS5-Data/assignments prellm/submissions_cs5_s2019/submission_26344511/final.py,479,2.088,24.008350730688935,9.394572025052192,26,206,18.423076923076923,25,2,1.27,6,CS5,s2019,2019
/Users/summer-2024/Desktop/code metrics 25/All-Data/CS5-Data/assignments prellm/submissions_cs5_s2019/submission_26481738/final.py,538,13.197,21.00371747211896,16.171003717472118,25,210,21.52,29,2,1.316,6,CS5,s2019,2019
/Users/summer-2024/Desktop/code metrics 25/All-Data/CS35-Data/assignments prellm/submissions_cs35_sp2019/submission_18076815/project.py,222,24.324,6.756756756756757,19.81981981981982,3,20,74.0,-1,2,1.259,4,CS35,sp2019,2019
/Users/summer-2024/Desktop/code metrics 25/All-Data/CS35-Data/assignments prellm/submissions_cs35_sp2019/submission_18267542/analysis.py,84,11.905,0.0,25.0,0,6,0.0,0,0,1.271,3,CS35,sp2019,2019
/Users/summer-2024/Desktop/code metrics 25/All-Data/CS35-Data/assignments prellm/submissions_cs35_sp2019/submission_18102456/cs35final.py,198,16.162,11.616161616161616,12.626262626262626,5,52,39.6,12,1,1.274,5,CS35,sp2019,2019
/Users/summer-2024/Desktop/code metrics 25/All-Data/CS5-Data/assignments prellm/submissions_cs5_s2019/submission_26636449/final.py,475,8.842,21.684210526315788,17.05263157894737,26,165,18.26923076923077,31,3,1.264,6,CS5,s2019,2019
/Users/summer-2024/Desktop/code metrics 25/All-Data/CS5-Data/assignments prellm/submissions_cs5_s2019/submission_26638902/final.py,253,8.696,14.624505928853754,14.624505928853754,14,61,18.071428571428573,-1,3,1.246,6,CS5,s2019,2019
/Users/summer-2024/Desktop/code metrics 25/All-Data/CS5-Data/assignments prellm/submissions_cs5_s2019/submission_26567191/final.py,267,8.989,24.344569288389515,14.606741573033707,14,54,19.071428571428573,12,3,1.263,5,CS5,s2019,2019
/Users/summer-2024/Desktop/code metrics 25/All-Data/CS35-Data/assignments prellm/submissions_cs35_sp2019/submission_18081011/BasketballPredictorFinal/averageGames.py,40,2.5,0.0,15.0,4,6,10.0,2,3,1.279,4,CS35,sp2019,2019
/Users/summer-2024/Desktop/code metrics 25/All-Data/CS35-Data/assignments prellm/submissions_cs35_sp2019/submission_18079062/cs35finalproject-master/pacman.py,272,2.574,22.794117647058822,16.176470588235293,12,49,22.666666666666668,6,3,1.279,5,CS35,sp2019,2019
/Users/summer-2024/Desktop/code metrics 25/All-Data/CS5-Data/assignments prellm/submissions_cs5_s2019/submission_26638476/final.py,466,8.798,20.3862660944206,16.738197424892704,26,165,17.923076923076923,31,3,1.268,6,CS5,s2019,2019
/Users/summer-2024/Desktop/code metrics 25/All-Data/CS5-Data/assignments prellm/submissions_cs5_s2019/submission_26639754/final.py,225,14.222,2.666666666666667,21.777777777777775,7,66,32.142857142857146,4,2,1.269,4,CS5,s2019,2019
/Users/summer-2024/Desktop/code metrics 25/All-Data/CS35-Data/assignments prellm/submissions_cs35_sp2019/submission_18302233/Final_Project/Final_Project.py,686,10.204,18.80466472303207,14.723032069970843,26,154,26.384615384615383,-1,5,1.295,8,CS35,sp2019,2019
/Users/summer-2024/Desktop/code metrics 25/All-Data/CS35-Data/assignments prellm/submissions_cs35_sp2019/submission_18072140/test_1_song.py,110,2.727,5.454545454545454,24.545454545454547,2,22,55.0,6,1,1.271,5,CS35,sp2019,2019
/Users/summer-2024/Desktop/code metrics 25/All-Data/CS5-Data/assignments prellm/submissions_cs5_s2019/submission_26473105/final.py,708,11.864,30.7909604519774,22.45762711864407,26,200,27.23076923076923,31,2,1.302,6,CS5,s2019,2019
/Users/summer-2024/Desktop/code metrics 25/All-Data/CS5-Data/assignments prellm/submissions_cs5_s2019/submission_26557585/final.py,478,7.95,20.0836820083682,15.899581589958158,26,168,18.384615384615383,28,3,1.234,6,CS5,s2019,2019
/Users/summer-2024/Desktop/code metrics 25/All-Data/CS35-Data/assignments prellm/submissions_cs35_sp2019/submission_18072140/data_generation.py,119,16.807,0.0,26.05042016806723,0,18,0.0,6,0,1.325,5,CS35,sp2019,2019
/Users/summer-2024/Desktop/code metrics 25/All-Data/CS35-Data/assignments prellm/submissions_cs35_sp2019/submission_18052517/Final Project/2019_Matchups.py,63,12.698,25.396825396825395,23.809523809523807,4,12,15.75,4,2,1.309,5,CS35,sp2019,2019
/Users/summer-2024/Desktop/code metrics 25/All-Data/CS35-Data/assignments prellm/submissions_cs35_sp2019/submission_18072140/ml_training.py,212,32.075,12.264150943396226,20.28301886792453,4,18,53.0,3,3,1.273,4,CS35,sp2019,2019
/Users/summer-2024/Desktop/code metrics 25/All-Data/CS5-Data/assignments prellm/submissions_cs5_s2019/submission_26646348/final.py,400,20.0,11.25,17.25,14,84,28.571428571428573,1,2,1.291,4,CS5,s2019,2019
/Users/summer-2024/Desktop/code metrics 25/All-Data/CS5-Data/assignments prellm/submissions_cs5_s2019/submission_26608384/TextID.py,331,6.647,12.990936555891238,18.42900302114803,14,68,23.642857142857142,14,3,1.287,6,CS5,s2019,2019
/Users/summer-2024/Desktop/code metrics 25/All-Data/CS5-Data/assignments prellm/submissions_cs5_s2019/submission_26667605/final.py,610,6.23,17.21311475409836,17.704918032786885,32,263,19.0625,36,3,1.29,7,CS5,s2019,2019
/Users/summer-2024/Desktop/code metrics 25/All-Data/CS5-Data/assignments prellm/submissions_cs5_s2019/submission_26667816/final.py,323,4.334,22.60061919504644,13.0030959752322,18,73,17.944444444444443,23,2,1.26,8,CS5,s2019,2019
/Users/summer-2024/Desktop/code metrics 25/All-Data/CS5-Data/assignments prellm/submissions_cs5_s2019/submission_26466500/final.py,302,8.94,18.543046357615893,6.622516556291391,15,62,20.133333333333333,11,5,1.32,5,CS5,s2019,2019
/Users/summer-2024/Desktop/code metrics 25/All-Data/CS5-Data/assignments prellm/submissions_cs5_s2019/submission_26577780/final.py,394,8.629,20.812182741116754,9.64467005076142,24,162,16.416666666666668,30,4,1.283,6,CS5,s2019,2019
/Users/summer-2024/Desktop/code metrics 25/All-Data/CS5-Data/assignments prellm/submissions_cs5_s2019/submission_26567250/final.py,293,10.239,24.2320819112628,15.017064846416384,14,42,20.928571428571427,9,2,1.256,6,CS5,s2019,2019
/Users/summer-2024/Desktop/code metrics 25/All-Data/CS5-Data/assignments prellm/submissions_cs5_s2019/submission_26668662/porter.py,375,4.267,34.93333333333333,10.933333333333334,17,240,22.058823529411764,5,2,1.285,7,CS5,s2019,2019
/Users/summer-2024/Desktop/code metrics 25/All-Data/CS5-Data/assignments prellm/submissions_cs5_s2019/submission_26662926/final.py,306,24.837,13.071895424836605,23.8562091503268,8,70,38.25,4,2,1.266,5,CS5,s2019,2019
/Users/summer-2024/Desktop/code metrics 25/All-Data/CS5-Data/assignments prellm/submissions_cs5_s2019/submission_26663390/final.py,422,20.379,10.42654028436019,19.431279620853083,16,129,26.375,1,1,1.245,4,CS5,s2019,2019
/Users/summer-2024/Desktop/code metrics 25/All-Data/CS35-Data/assignments prellm/submissions_cs35_sp2019/submission_18038325/1_get_data.py,98,17.347,15.306122448979592,31.63265306122449,3,10,32.666666666666664,2,2,1.334,5,CS35,sp2019,2019
/Users/summer-2024/Desktop/code metrics 25/All-Data/CS35-Data/assignments prellm/submissions_cs35_sp2019/submission_18077443/download_images.py,69,27.536,0.0,17.391304347826086,0,10,0.0,2,0,1.286,4,CS35,sp2019,2019
/Users/summer-2024/Desktop/code metrics 25/All-Data/CS35-Data/assignments prellm/submissions_cs35_sp2019/submission_17522223/project/ML_rf.py,133,39.85,0.0,20.30075187969925,0,20,0.0,1,0,1.262,5,CS35,sp2019,2019
/Users/summer-2024/Desktop/code metrics 25/All-Data/CS5-Data/assignments prellm/submissions_cs5_s2019/submission_26356589/final.py,397,6.549,16.3727959697733,13.85390428211587,21,151,18.904761904761905,29,4,1.305,6,CS5,s2019,2019
/Users/summer-2024/Desktop/code metrics 25/All-Data/CS5-Data/assignments prellm/submissions_cs5_s2019/submission_26627193/final.py,254,10.236,12.992125984251969,13.77952755905512,14,70,18.142857142857142,12,3,1.261,6,CS5,s2019,2019
/Users/summer-2024/Desktop/code metrics 25/All-Data/CS35-Data/assignments prellm/submissions_cs35_sp2019/submission_18038325/3_merge_data.py,39,20.513,0.0,23.076923076923077,0,2,0.0,0,0,1.254,2,CS35,sp2019,2019
/Users/summer-2024/Desktop/code metrics 25/All-Data/CS5-Data/assignments prellm/submissions_cs5_s2019/submission_26386982/porter.py,375,4.267,34.93333333333333,10.933333333333334,17,240,22.058823529411764,5,2,1.302,7,CS5,s2019,2019
/Users/summer-2024/Desktop/code metrics 25/All-Data/CS5-Data/assignments prellm/submissions_cs5_s2019/submission_26626349/final.py,416,3.125,29.567307692307693,10.096153846153848,21,170,19.80952380952381,33,2,1.298,6,CS5,s2019,2019
/Users/summer-2024/Desktop/code metrics 25/All-Data/CS5-Data/assignments prellm/submissions_cs5_s2019/submission_26668852/final (1).py,339,12.979,10.029498525073748,25.073746312684364,17,57,19.941176470588236,17,3,1.3,8,CS5,s2019,2019
/Users/summer-2024/Desktop/code metrics 25/All-Data/CS5-Data/assignments prellm/submissions_cs5_s2019/submission_26648465/final.py,382,9.424,21.465968586387437,13.612565445026178,25,143,15.28,27,3,1.266,6,CS5,s2019,2019
/Users/summer-2024/Desktop/code metrics 25/All-Data/CS35-Data/assignments prellm/submissions_cs35_sp2019/submission_18081428/ml_training (1).py,212,32.075,12.264150943396226,20.28301886792453,4,18,53.0,3,3,1.271,4,CS35,sp2019,2019
/Users/summer-2024/Desktop/code metrics 25/All-Data/CS5-Data/assignments prellm/submissions_cs5_s2019/submission_26636323/final.py,272,35.294,17.27941176470588,16.911764705882355,10,38,27.2,1,2,1.289,4,CS5,s2019,2019
/Users/summer-2024/Desktop/code metrics 25/All-Data/CS5-Data/assignments prellm/submissions_cs5_s2019/submission_26645934/final.py,194,31.443,8.24742268041237,19.587628865979383,7,30,27.714285714285715,3,1,1.257,5,CS5,s2019,2019
/Users/summer-2024/Desktop/code metrics 25/All-Data/CS5-Data/assignments prellm/submissions_cs5_s2019/submission_26631639/final.py,263,32.7,13.307984790874524,22.0532319391635,8,51,32.875,-1,1,1.33,4,CS5,s2019,2019
/Users/summer-2024/Desktop/code metrics 25/All-Data/CS5-Data/assignments prellm/submissions_cs5_s2019/submission_26621338/final.py,595,7.563,20.840336134453786,18.991596638655466,31,198,19.193548387096776,37,3,1.293,6,CS5,s2019,2019
/Users/summer-2024/Desktop/code metrics 25/All-Data/CS35-Data/assignments prellm/submissions_cs35_sp2019/submission_18077443/train_simple_nn.py,127,25.984,0.0,14.960629921259844,0,4,0.0,-1,0,1.285,3,CS35,sp2019,2019
/Users/summer-2024/Desktop/code metrics 25/All-Data/CS35-Data/assignments prellm/submissions_cs35_sp2019/submission_18058118/model.py,366,12.842,28.688524590163933,21.311475409836063,7,17,52.285714285714285,1,3,1.266,5,CS35,sp2019,2019
/Users/summer-2024/Desktop/code metrics 25/All-Data/CS35-Data/assignments prellm/submissions_cs35_sp2019/submission_18061744/feature_generation.py,214,14.953,19.158878504672895,13.551401869158877,5,22,42.8,7,3,1.354,6,CS35,sp2019,2019
/Users/summer-2024/Desktop/code metrics 25/All-Data/CS35-Data/assignments prellm/submissions_cs35_sp2019/submission_18311538/utils.py,36,33.333,0.0,19.444444444444446,2,4,18.0,1,1,1.247,3,CS35,sp2019,2019
/Users/summer-2024/Desktop/code metrics 25/All-Data/CS5-Data/assignments prellm/submissions_cs5_s2019/submission_26635902/final.py,319,10.031,10.658307210031348,27.27272727272727,17,55,18.764705882352946,16,4,1.332,8,CS5,s2019,2019
/Users/summer-2024/Desktop/code metrics 25/All-Data/CS5-Data/assignments prellm/submissions_cs5_s2019/submission_26599632/final.py,601,6.988,20.632279534109816,20.299500831946755,31,198,19.387096774193548,37,3,1.31,6,CS5,s2019,2019
/Users/summer-2024/Desktop/code metrics 25/All-Data/CS5-Data/assignments prellm/submissions_cs5_s2019/submission_26640177/final.py,535,8.972,13.644859813084112,16.822429906542055,26,244,20.576923076923077,35,4,1.282,6,CS5,s2019,2019
/Users/summer-2024/Desktop/code metrics 25/All-Data/CS5-Data/assignments prellm/submissions_cs5_s2019/submission_26639757/porter.py,376,4.255,35.1063829787234,10.904255319148938,17,240,22.11764705882353,5,2,1.295,7,CS5,s2019,2019
/Users/summer-2024/Desktop/code metrics 25/All-Data/CS5-Data/assignments prellm/submissions_cs5_s2019/submission_26627193/porter.py,375,4.267,34.93333333333333,10.933333333333334,17,240,22.058823529411764,5,2,1.283,7,CS5,s2019,2019
/Users/summer-2024/Desktop/code metrics 25/All-Data/CS5-Data/assignments prellm/submissions_cs5_s2019/submission_26628179/final.py,345,5.507,14.782608695652174,22.89855072463768,15,71,23.0,-1,2,1.354,6,CS5,s2019,2019
/Users/summer-2024/Desktop/code metrics 25/All-Data/CS35-Data/assignments prellm/submissions_cs35_sp2019/submission_18077443/namefile.py,60,15.0,0.0,31.666666666666664,2,10,30.0,2,2,1.247,4,CS35,sp2019,2019
/Users/summer-2024/Desktop/code metrics 25/All-Data/CS5-Data/assignments prellm/submissions_cs5_s2019/submission_26584412/final.py,524,12.023,24.80916030534351,11.641221374045802,25,196,20.96,25,2,1.282,6,CS5,s2019,2019
/Users/summer-2024/Desktop/code metrics 25/All-Data/CS5-Data/assignments prellm/submissions_cs5_s2019/submission_26619155/final.py,411,9.732,22.871046228710465,15.571776155717762,25,141,16.44,26,3,1.272,6,CS5,s2019,2019
/Users/summer-2024/Desktop/code metrics 25/All-Data/CS35-Data/assignments prellm/submissions_cs35_sp2019/submission_18038325/4_analysis_final.py,160,25.0,19.375,24.375,3,10,53.333333333333336,-1,1,1.307,4,CS35,sp2019,2019
/Users/summer-2024/Desktop/code metrics 25/All-Data/CS35-Data/assignments prellm/submissions_cs35_sp2019/submission_18076815/project2.py,122,6.557,11.475409836065571,23.770491803278688,4,8,30.5,1,2,1.268,4,CS35,sp2019,2019
/Users/summer-2024/Desktop/code metrics 25/All-Data/CS5-Data/assignments prellm/submissions_cs5_s2019/submission_26661861/final.py,433,42.263,11.547344110854503,17.321016166281755,14,64,30.928571428571427,13,3,1.253,6,CS5,s2019,2019
/Users/summer-2024/Desktop/code metrics 25/All-Data/CS5-Data/assignments prellm/submissions_cs5_s2019/submission_26582951/tetris.py,454,5.286,20.92511013215859,19.162995594713657,22,152,20.636363636363637,29,4,1.308,6,CS5,s2019,2019
/Users/summer-2024/Desktop/code metrics 25/All-Data/CS35-Data/assignments prellm/submissions_cs35_sp2019/submission_18083597/organize.py,42,33.333,0.0,35.714285714285715,0,6,0.0,1,0,1.283,4,CS35,sp2019,2019
/Users/summer-2024/Desktop/code metrics 25/All-Data/CS5-Data/assignments prellm/submissions_cs5_s2019/submission_26556283/porter.py,357,4.482,34.45378151260504,10.92436974789916,17,241,21.0,5,2,1.28,7,CS5,s2019,2019
/Users/summer-2024/Desktop/code metrics 25/All-Data/CS35-Data/assignments prellm/submissions_cs35_sp2019/submission_18315297/train_vgg.py,130,26.154,0.0,13.076923076923078,0,4,0.0,-1,0,1.276,3,CS35,sp2019,2019
/Users/summer-2024/Desktop/code metrics 25/All-Data/CS5-Data/assignments prellm/submissions_cs5_s2019/submission_26479395/final.py,354,5.367,23.16384180790961,13.27683615819209,20,138,17.7,25,4,1.291,6,CS5,s2019,2019
/Users/summer-2024/Desktop/code metrics 25/All-Data/CS35-Data/assignments prellm/submissions_cs35_sp2019/submission_18082496/project.py,246,26.423,13.008130081300814,19.10569105691057,3,22,82.0,-1,2,1.304,4,CS35,sp2019,2019
/Users/summer-2024/Desktop/code metrics 25/All-Data/CS5-Data/assignments prellm/submissions_cs5_s2019/submission_26412143/final.py,441,4.308,26.303854875283445,15.192743764172336,24,163,18.375,25,3,1.253,6,CS5,s2019,2019
/Users/summer-2024/Desktop/code metrics 25/All-Data/CS5-Data/assignments prellm/submissions_cs5_s2019/submission_26615781/final.py,558,5.556,20.25089605734767,15.232974910394264,24,232,23.25,39,4,1.256,6,CS5,s2019,2019
/Users/summer-2024/Desktop/code metrics 25/All-Data/CS5-Data/assignments prellm/submissions_cs5_s2019/submission_26638037/final.py,385,4.675,28.57142857142857,10.649350649350648,20,140,19.25,27,2,1.335,6,CS5,s2019,2019
/Users/summer-2024/Desktop/code metrics 25/All-Data/CS5-Data/assignments prellm/submissions_cs5_s2019/submission_26582951/final.py,425,5.412,20.941176470588236,19.294117647058822,20,140,21.25,25,4,1.321,6,CS5,s2019,2019
/Users/summer-2024/Desktop/code metrics 25/All-Data/CS35-Data/assignments prellm/submissions_cs35_sp2019/submission_18081428/test_1_song.py,110,2.727,5.454545454545454,24.545454545454547,2,22,55.0,6,1,1.27,5,CS35,sp2019,2019
/Users/summer-2024/Desktop/code metrics 25/All-Data/CS5-Data/assignments prellm/submissions_cs5_s2019/submission_26687056/final.py,741,4.723,13.900134952766532,22.807017543859647,32,288,23.15625,37,4,1.296,6,CS5,s2019,2019
/Users/summer-2024/Desktop/code metrics 25/All-Data/CS5-Data/assignments prellm/submissions_cs5_s2019/submission_26680310/final.py,701,5.563,22.82453637660485,8.131241084165477,29,297,24.17241379310345,31,2,1.281,6,CS5,s2019,2019
/Users/summer-2024/Desktop/code metrics 25/All-Data/CS5-Data/assignments prellm/submissions_cs5_s2019/submission_26585029/final.py,781,5.122,14.340588988476313,23.5595390524968,33,298,23.666666666666668,41,3,1.265,7,CS5,s2019,2019
/Users/summer-2024/Desktop/code metrics 25/All-Data/CS5-Data/assignments prellm/submissions_cs5_s2019/submission_26583591/finalproject/nltk.tag.stanford.py,254,8.268,22.440944881889763,20.47244094488189,11,19,23.09090909090909,-1,2,1.291,7,CS5,s2019,2019
/Users/summer-2024/Desktop/code metrics 25/All-Data/CS35-Data/assignments prellm/submissions_cs35_sp2019/submission_18311538/TLCex.py,552,22.101,19.202898550724637,15.760869565217392,20,116,27.6,31,1,1.3,6,CS35,sp2019,2019
/Users/summer-2024/Desktop/code metrics 25/All-Data/CS5-Data/assignments prellm/submissions_cs5_s2019/submission_26629138/porter.py,375,4.267,34.93333333333333,10.933333333333334,17,240,22.058823529411764,5,2,1.303,7,CS5,s2019,2019
/Users/summer-2024/Desktop/code metrics 25/All-Data/CS5-Data/assignments prellm/submissions_cs5_s2019/submission_26625683/final.py,653,7.504,17.151607963246555,16.539050535987748,31,243,21.06451612903226,37,4,1.275,6,CS5,s2019,2019
/Users/summer-2024/Desktop/code metrics 25/All-Data/CS5-Data/assignments prellm/submissions_cs5_s2019/submission_26386982/final.py,302,5.629,21.85430463576159,21.85430463576159,14,55,21.571428571428573,9,4,1.283,5,CS5,s2019,2019
/Users/summer-2024/Desktop/code metrics 25/All-Data/CS5-Data/assignments prellm/submissions_cs5_s2019/submission_26423702/final.py,503,5.169,19.08548707753479,12.127236580516898,22,195,22.863636363636363,36,4,1.301,6,CS5,s2019,2019
/Users/summer-2024/Desktop/code metrics 25/All-Data/CS35-Data/assignments prellm/submissions_cs35_sp2019/submission_18315297/concatenate.py,7,0.0,0.0,14.285714285714285,0,4,0.0,1,0,1.282,3,CS35,sp2019,2019
/Users/summer-2024/Desktop/code metrics 25/All-Data/CS5-Data/assignments prellm/submissions_cs5_s2019/submission_26661861/porter.py,376,4.255,34.840425531914896,11.170212765957446,17,240,22.11764705882353,5,2,1.245,7,CS5,s2019,2019
/Users/summer-2024/Desktop/code metrics 25/All-Data/CS5-Data/assignments prellm/submissions_cs5_s2019/submission_26900550/final.py,1,100.0,0.0,0.0,0,2,0.0,0,0,1.254,1,CS5,s2019,2019
/Users/summer-2024/Desktop/code metrics 25/All-Data/CS5-Data/assignments prellm/submissions_cs5_s2019/submission_26611097/final.py,463,9.935,28.94168466522678,10.583153347732182,25,167,18.52,22,4,1.259,6,CS5,s2019,2019
/Users/summer-2024/Desktop/code metrics 25/All-Data/CS5-Data/assignments prellm/submissions_cs5_s2019/submission_26637754/final.py,231,23.377,6.0606060606060606,12.12121212121212,7,75,33.0,4,2,1.288,6,CS5,s2019,2019
/Users/summer-2024/Desktop/code metrics 25/All-Data/CS5-Data/assignments prellm/submissions_cs5_s2019/submission_26421656/final.py,467,7.923,21.627408993576015,21.413276231263385,28,153,16.678571428571427,30,3,1.288,6,CS5,s2019,2019
/Users/summer-2024/Desktop/code metrics 25/All-Data/CS5-Data/assignments prellm/submissions_cs5_s2019/submission_26501189/final.py,258,9.69,37.2093023255814,10.07751937984496,14,57,18.428571428571427,12,3,1.29,6,CS5,s2019,2019
/Users/summer-2024/Desktop/code metrics 25/All-Data/CS5-Data/assignments prellm/submissions_cs5_s2019/submission_26586591/final.py,1038,3.565,14.64354527938343,12.235067437379575,31,498,33.483870967741936,53,5,1.262,7,CS5,s2019,2019
/Users/summer-2024/Desktop/code metrics 25/All-Data/CS5-Data/assignments prellm/submissions_cs5_s2019/submission_26664313/final.py,348,3.736,38.50574712643678,15.804597701149426,17,84,20.470588235294116,26,2,1.276,7,CS5,s2019,2019
/Users/summer-2024/Desktop/code metrics 25/All-Data/CS5-Data/assignments prellm/submissions_cs5_s2019/submission_26505117/final.py,339,32.448,11.209439528023598,18.87905604719764,8,65,42.375,3,2,1.312,5,CS5,s2019,2019
/Users/summer-2024/Desktop/code metrics 25/All-Data/CS5-Data/assignments prellm/submissions_cs5_s2019/submission_26500976/final.py,617,0.648,20.42139384116694,15.39708265802269,29,278,21.275862068965516,31,5,1.294,6,CS5,s2019,2019
/Users/summer-2024/Desktop/code metrics 25/All-Data/CS5-Data/assignments prellm/submissions_cs5_s2019/submission_26506763/final.py,822,1.46,13.990267639902676,27.25060827250608,31,285,26.516129032258064,36,5,1.287,7,CS5,s2019,2019
/Users/summer-2024/Desktop/code metrics 25/All-Data/CS5-Data/assignments prellm/submissions_cs5_s2019/submission_26638747/final.py,582,14.948,21.8213058419244,14.261168384879724,28,199,20.785714285714285,-1,3,1.27,6,CS5,s2019,2019
/Users/summer-2024/Desktop/code metrics 25/All-Data/CS5-Data/assignments prellm/submissions_cs5_s2019/submission_26577275/final.py,420,3.81,24.761904761904763,13.333333333333334,22,161,19.09090909090909,28,4,1.288,6,CS5,s2019,2019
/Users/summer-2024/Desktop/code metrics 25/All-Data/CS35-Data/assignments prellm/submissions_cs35_sp2019/submission_18085971/note.py,61,1.639,0.0,8.19672131147541,4,23,15.25,-1,2,1.277,5,CS35,sp2019,2019
/Users/summer-2024/Desktop/code metrics 25/All-Data/CS35-Data/assignments prellm/submissions_cs35_sp2019/submission_18266804/finalprojtrial.py,169,22.485,0.0,26.035502958579883,0,12,0.0,4,0,1.29,4,CS35,sp2019,2019
/Users/summer-2024/Desktop/code metrics 25/All-Data/CS35-Data/assignments prellm/submissions_cs35_sp2019/submission_18082496/project2.py,122,6.557,11.475409836065571,23.770491803278688,4,8,30.5,1,2,1.28,4,CS35,sp2019,2019
/Users/summer-2024/Desktop/code metrics 25/All-Data/CS5-Data/assignments prellm/submissions_cs5_s2019/submission_26608384/porter.py,340,4.706,28.235294117647054,8.529411764705882,17,240,20.0,5,2,1.243,7,CS5,s2019,2019
/Users/summer-2024/Desktop/code metrics 25/All-Data/CS35-Data/assignments prellm/submissions_cs35_sp2019/submission_18052517/Final Project/Test.py,30,3.333,0.0,0.0,0,2,0.0,0,0,1.261,2,CS35,sp2019,2019
/Users/summer-2024/Desktop/code metrics 25/All-Data/CS5-Data/assignments prellm/submissions_cs5_s2019/submission_26475486/final.py,439,6.834,29.38496583143508,15.717539863325742,25,159,17.56,26,3,1.288,6,CS5,s2019,2019
/Users/summer-2024/Desktop/code metrics 25/All-Data/CS35-Data/assignments prellm/submissions_cs35_sp2019/submission_18005767/Final/finalmodel.py,141,24.823,4.964539007092199,24.822695035460992,1,16,141.0,6,1,1.254,7,CS35,sp2019,2019
/Users/summer-2024/Desktop/code metrics 25/All-Data/CS5-Data/assignments prellm/submissions_cs5_s2019/submission_26632701/final.py,213,31.455,9.389671361502346,15.96244131455399,8,46,26.625,1,2,1.259,4,CS5,s2019,2019
/Users/summer-2024/Desktop/code metrics 25/All-Data/CS35-Data/assignments prellm/submissions_cs35_sp2019/submission_18315297/getImages.py,64,23.438,0.0,20.3125,0,10,0.0,2,0,1.297,4,CS35,sp2019,2019
/Users/summer-2024/Desktop/code metrics 25/All-Data/CS5-Data/assignments prellm/submissions_cs5_s2019/submission_26413638/final.py,464,7.974,21.767241379310345,20.905172413793103,28,153,16.571428571428573,30,3,1.288,6,CS5,s2019,2019
/Users/summer-2024/Desktop/code metrics 25/All-Data/CS35-Data/assignments prellm/submissions_cs35_sp2019/submission_18052517/March-Madness-2017-master/final|Applying Deep Learning.py,106,5.66,0.0,23.58490566037736,2,14,53.0,3,1,1.255,4,CS35,sp2019,2019
/Users/summer-2024/Desktop/code metrics 25/All-Data/CS35-Data/assignments prellm/submissions_cs35_sp2019/submission_18061744/animation.py,204,14.216,16.176470588235293,16.176470588235293,7,26,29.142857142857142,8,1,1.294,4,CS35,sp2019,2019
/Users/summer-2024/Desktop/code metrics 25/All-Data/CS5-Data/assignments prellm/submissions_cs5_s2019/submission_26604226/final.py,359,1.671,8.356545961002785,13.09192200557103,21,167,17.095238095238095,26,4,1.297,7,CS5,s2019,2019
/Users/summer-2024/Desktop/code metrics 25/All-Data/CS5-Data/assignments prellm/submissions_cs5_s2019/submission_26641934/final.py,465,24.516,12.688172043010754,15.483870967741936,9,116,51.666666666666664,1,1,1.248,3,CS5,s2019,2019
/Users/summer-2024/Desktop/code metrics 25/All-Data/CS5-Data/assignments prellm/submissions_cs5_s2019/submission_26629138/final.py,366,11.202,15.027322404371583,20.21857923497268,15,90,24.4,10,3,1.268,5,CS5,s2019,2019
/Users/summer-2024/Desktop/code metrics 25/All-Data/CS5-Data/assignments prellm/submissions_cs5_s2019/submission_26631075/final.py,611,11.293,25.368248772504092,10.310965630114566,28,228,21.821428571428573,33,3,1.284,7,CS5,s2019,2019
/Users/summer-2024/Desktop/code metrics 25/All-Data/CS35-Data/assignments prellm/submissions_cs35_sp2019/submission_18267542/database.py,121,0.0,0.0,10.743801652892564,8,34,15.125,10,3,1.291,6,CS35,sp2019,2019
/Users/summer-2024/Desktop/code metrics 25/All-Data/CS35-Data/assignments prellm/submissions_cs35_sp2019/submission_18075840/final|FinalProjectCodeGAUMER.py,529,7.561,0.0,24.38563327032136,0,8,0.0,3,0,1.308,3,CS35,sp2019,2019
/Users/summer-2024/Desktop/code metrics 25/All-Data/CS5-Data/assignments prellm/submissions_cs5_s2019/submission_26641145/final.py,986,4.564,11.663286004056795,9.127789046653144,32,558,30.8125,61,4,1.288,6,CS5,s2019,2019
/Users/summer-2024/Desktop/code metrics 25/All-Data/CS5-Data/assignments prellm/submissions_cs5_s2019/submission_26558535/final.py,478,8.577,27.824267782426777,12.133891213389122,26,178,18.384615384615383,25,4,1.31,6,CS5,s2019,2019
/Users/summer-2024/Desktop/code metrics 25/All-Data/CS35-Data/assignments prellm/submissions_cs35_sp2019/submission_18038325/2_cleanup.py,23,21.739,17.391304347826086,26.08695652173913,0,2,0.0,0,0,1.287,2,CS35,sp2019,2019
/Users/summer-2024/Desktop/code metrics 25/All-Data/CS5-Data/assignments prellm/submissions_cs5_s2019/submission_26595519/final.py,422,3.791,22.748815165876778,14.218009478672986,26,184,16.23076923076923,31,3,1.306,7,CS5,s2019,2019
/Users/summer-2024/Desktop/code metrics 25/All-Data/CS35-Data/assignments prellm/submissions_cs35_sp2019/submission_17522223/project/create_data.py,66,4.545,36.36363636363637,24.24242424242424,3,10,22.0,4,2,1.307,5,CS35,sp2019,2019
/Users/summer-2024/Desktop/code metrics 25/All-Data/CS35-Data/assignments prellm/submissions_cs35_sp2019/submission_18081011/BasketballPredictorFinal/defEffenciencies.py,1,0.0,0.0,0.0,0,2,0.0,0,0,1.279,2,CS35,sp2019,2019
/Users/summer-2024/Desktop/code metrics 25/All-Data/CS5-Data/assignments prellm/submissions_cs5_s2019/submission_26639951/Connect4.py,452,7.965,17.920353982300885,9.29203539823009,26,208,17.384615384615383,27,3,1.282,6,CS5,s2019,2019
/Users/summer-2024/Desktop/code metrics 25/All-Data/CS5-Data/assignments prellm/submissions_cs5_s2019/submission_26642810/final.py,584,8.39,24.65753424657534,12.5,27,213,21.62962962962963,38,4,1.322,6,CS5,s2019,2019
/Users/summer-2024/Desktop/code metrics 25/All-Data/CS5-Data/assignments prellm/submissions_cs5_s2019/submission_26668662/final.py,278,6.475,20.503597122302157,14.028776978417264,14,66,19.857142857142858,15,4,1.281,5,CS5,s2019,2019
/Users/summer-2024/Desktop/code metrics 25/All-Data/CS5-Data/assignments prellm/submissions_cs5_s2019/submission_26626387/final.py,459,5.882,25.70806100217865,17.21132897603486,27,167,17.0,30,2,1.278,6,CS5,s2019,2019
/Users/summer-2024/Desktop/code metrics 25/All-Data/CS5-Data/assignments prellm/submissions_cs5_s2019/submission_26420218/final.py,503,5.169,19.08548707753479,12.127236580516898,22,195,22.863636363636363,36,4,1.261,6,CS5,s2019,2019
/Users/summer-2024/Desktop/code metrics 25/All-Data/CS5-Data/assignments prellm/submissions_cs5_s2019/submission_26583591/finalproject/porter.py,357,4.482,34.45378151260504,10.92436974789916,17,241,21.0,5,2,1.33,7,CS5,s2019,2019
/Users/summer-2024/Desktop/code metrics 25/All-Data/CS5-Data/assignments prellm/submissions_cs5_s2019/submission_26556283/final.py,346,13.006,19.36416184971098,23.699421965317917,14,64,24.714285714285715,-1,3,1.305,5,CS5,s2019,2019
/Users/summer-2024/Desktop/code metrics 25/All-Data/CS35-Data/assignments prellm/submissions_cs35_sp2019/submission_18058118/__init__.py,13,100.0,0.0,0.0,0,2,0.0,0,0,1.263,1,CS35,sp2019,2019
/Users/summer-2024/Desktop/code metrics 25/All-Data/CS35-Data/assignments prellm/submissions_cs35_sp2019/submission_18077102/miscFuns.py,311,17.685,18.971061093247588,26.366559485530544,7,75,44.42857142857143,9,2,1.286,6,CS35,sp2019,2019
/Users/summer-2024/Desktop/code metrics 25/All-Data/CS35-Data/assignments prellm/submissions_cs35_sp2019/submission_18052517/Final Project/final|March Madness 2017.py,842,21.021,0.831353919239905,16.6270783847981,25,76,33.68,17,4,1.282,5,CS35,sp2019,2019
/Users/summer-2024/Desktop/code metrics 25/All-Data/CS5-Data/assignments prellm/submissions_cs5_s2019/submission_26666517/final.py,416,6.731,29.086538461538463,13.701923076923078,20,149,20.8,24,3,1.286,7,CS5,s2019,2019
/Users/summer-2024/Desktop/code metrics 25/All-Data/CS5-Data/assignments prellm/submissions_cs5_s2019/submission_26663907/Final_Project_Garg.py,238,11.345,4.621848739495799,14.285714285714285,14,64,17.0,13,4,1.276,6,CS5,s2019,2019
/Users/summer-2024/Desktop/code metrics 25/All-Data/CS5-Data/assignments prellm/submissions_cs5_s2019/submission_26639299/final.py,288,17.361,27.77777777777778,12.84722222222222,15,67,19.2,10,4,1.256,5,CS5,s2019,2019
/Users/summer-2024/Desktop/code metrics 25/All-Data/CS5-Data/assignments prellm/submissions_cs5_s2019/submission_26581435/final.py,465,7.312,19.13978494623656,19.13978494623656,27,171,17.22222222222222,31,3,1.27,7,CS5,s2019,2019
/Users/summer-2024/Desktop/code metrics 25/All-Data/CS35-Data/assignments prellm/submissions_cs35_sp2019/submission_18231803/FinalProjectScript.py,163,13.497,9.202453987730062,42.944785276073624,2,20,81.5,5,1,1.274,5,CS35,sp2019,2019
/Users/summer-2024/Desktop/code metrics 25/All-Data/CS35-Data/assignments prellm/submissions_cs35_sp2019/submission_18052517/Final Project/March-Madness-2017-master/.ipynb_checkpoints/final|Applying Deep Learning-checkpoint.py,106,5.66,0.0,23.58490566037736,2,14,53.0,3,1,1.281,4,CS35,sp2019,2019
/Users/summer-2024/Desktop/code metrics 25/All-Data/CS35-Data/assignments prellm/submissions_cs35_sp2019/submission_18005767/Final/finalsoup.py,176,8.523,10.227272727272728,11.363636363636363,5,40,35.2,13,2,1.366,6,CS35,sp2019,2019
/Users/summer-2024/Desktop/code metrics 25/All-Data/CS5-Data/assignments prellm/submissions_cs5_s2019/submission_26632861/final.py,478,8.996,22.594142259414227,24.476987447698743,24,171,19.916666666666668,24,4,1.282,6,CS5,s2019,2019
/Users/summer-2024/Desktop/code metrics 25/All-Data/CS5-Data/assignments prellm/submissions_cs5_s2019/submission_26622508/porter.py,375,4.267,34.93333333333333,10.933333333333334,17,240,22.058823529411764,5,2,1.268,7,CS5,s2019,2019
/Users/summer-2024/Desktop/code metrics 25/All-Data/CS35-Data/assignments prellm/submissions_cs35_sp2019/submission_18085971/melody.py,26,0.0,0.0,3.8461538461538463,1,18,26.0,4,1,1.282,5,CS35,sp2019,2019
/Users/summer-2024/Desktop/code metrics 25/All-Data/CS35-Data/assignments prellm/submissions_cs35_sp2019/submission_18048462/summarizer.py,404,5.941,10.891089108910892,8.91089108910891,8,46,50.5,-1,3,1.386,7,CS35,sp2019,2019
/Users/summer-2024/Desktop/code metrics 25/All-Data/CS5-Data/assignments prellm/submissions_cs5_s2019/submission_26667659/final.py,248,10.484,11.29032258064516,13.709677419354838,14,76,17.714285714285715,8,3,1.265,5,CS5,s2019,2019
/Users/summer-2024/Desktop/code metrics 25/All-Data/CS5-Data/assignments prellm/submissions_cs5_s2019/submission_26385995/porter.py,375,4.267,34.93333333333333,10.933333333333334,17,240,22.058823529411764,5,2,1.296,7,CS5,s2019,2019
/Users/summer-2024/Desktop/code metrics 25/All-Data/CS5-Data/assignments prellm/submissions_cs5_s2019/submission_26555079/final.py,522,7.663,24.71264367816092,11.685823754789272,25,172,20.88,24,3,1.29,7,CS5,s2019,2019
/Users/summer-2024/Desktop/code metrics 25/All-Data/CS5-Data/assignments prellm/submissions_cs5_s2019/submission_26475440/final.py,439,6.834,29.38496583143508,15.717539863325742,25,159,17.56,26,3,1.315,6,CS5,s2019,2019
/Users/summer-2024/Desktop/code metrics 25/All-Data/CS35-Data/assignments prellm/submissions_cs35_sp2019/submission_18043429/progress.py,191,0.524,6.282722513089005,17.277486910994764,5,54,38.2,-1,2,1.31,5,CS35,sp2019,2019
/Users/summer-2024/Desktop/code metrics 25/All-Data/CS35-Data/assignments prellm/submissions_cs35_sp2019/submission_18081011/BasketballPredictorFinal/getData.py,123,7.317,8.130081300813007,8.130081300813007,5,31,24.6,6,3,1.351,6,CS35,sp2019,2019
/Users/summer-2024/Desktop/code metrics 25/All-Data/CS35-Data/assignments prellm/submissions_cs35_sp2019/submission_18079062/cs35finalproject-master/main.py,72,4.167,27.77777777777778,18.055555555555554,8,6,9.0,-1,2,1.267,2,CS35,sp2019,2019
/Users/summer-2024/Desktop/code metrics 25/All-Data/CS35-Data/assignments prellm/submissions_cs35_sp2019/submission_18076817/flappym.py,359,22.841,19.77715877437326,9.47075208913649,24,34,14.958333333333334,3,5,1.284,5,CS35,sp2019,2019
/Users/summer-2024/Desktop/code metrics 25/All-Data/CS35-Data/assignments prellm/submissions_cs35_sp2019/submission_17522223/project/make_images.py,91,13.187,28.57142857142857,15.384615384615383,6,21,15.166666666666666,7,2,1.253,5,CS35,sp2019,2019
/Users/summer-2024/Desktop/code metrics 25/All-Data/CS5-Data/assignments prellm/submissions_cs5_s2019/submission_26639298/final.py,352,25.568,5.681818181818182,23.011363636363637,8,59,44.0,5,2,1.297,5,CS5,s2019,2019
/Users/summer-2024/Desktop/code metrics 25/All-Data/CS35-Data/assignments prellm/submissions_cs35_sp2019/submission_18079062/cs35finalproject-master/snake.py,162,3.086,29.01234567901235,17.28395061728395,9,30,18.0,3,2,1.28,5,CS35,sp2019,2019
/Users/summer-2024/Desktop/code metrics 25/All-Data/CS5-Data/assignments prellm/submissions_cs5_s2019/submission_26566795/final.py,237,8.439,25.31645569620253,11.81434599156118,14,56,16.928571428571427,12,3,1.244,5,CS5,s2019,2019
/Users/summer-2024/Desktop/code metrics 25/All-Data/CS5-Data/assignments prellm/submissions_cs5_s2019/submission_26639570/final.py,557,13.645,20.287253141831236,16.696588868940754,30,187,18.566666666666663,29,5,1.306,6,CS5,s2019,2019
/Users/summer-2024/Desktop/code metrics 25/All-Data/CS35-Data/assignments prellm/submissions_cs35_sp2019/submission_18058118/task.py,208,14.904,1.9230769230769231,13.461538461538462,2,21,104.0,0,1,1.279,4,CS35,sp2019,2019
/Users/summer-2024/Desktop/code metrics 25/All-Data/CS5-Data/assignments prellm/submissions_cs5_s2019/submission_26581661/final.py,322,32.298,15.527950310559005,23.29192546583851,11,46,29.272727272727273,1,2,1.294,4,CS5,s2019,2019
/Users/summer-2024/Desktop/code metrics 25/All-Data/CS5-Data/assignments prellm/submissions_cs5_s2019/submission_26637566/final.py,328,30.793,8.841463414634147,26.52439024390244,8,79,41.0,3,2,1.252,4,CS5,s2019,2019
/Users/summer-2024/Desktop/code metrics 25/All-Data/CS5-Data/assignments prellm/submissions_cs5_s2019/submission_26643616/Final.py,554,13.538,18.050541516245488,17.328519855595665,31,219,17.870967741935484,33,3,1.307,6,CS5,s2019,2019
/Users/summer-2024/Desktop/code metrics 25/All-Data/CS5-Data/assignments prellm/submissions_cs5_s2019/submission_26638029/final.py,397,5.038,26.448362720403026,12.34256926952141,25,160,15.88,20,3,1.283,6,CS5,s2019,2019
/Users/summer-2024/Desktop/code metrics 25/All-Data/CS5-Data/assignments prellm/submissions_cs5_s2019/submission_26639856/final.py,397,25.693,16.120906801007557,13.85390428211587,18,43,22.055555555555557,-1,2,1.299,5,CS5,s2019,2019
/Users/summer-2024/Desktop/code metrics 25/All-Data/CS5-Data/assignments prellm/submissions_cs5_s2019/submission_26563402/final.py,446,8.969,19.730941704035875,14.125560538116591,28,175,15.928571428571429,33,3,1.274,6,CS5,s2019,2019
/Users/summer-2024/Desktop/code metrics 25/All-Data/CS35-Data/assignments prellm/submissions_cs35_sp2019/submission_18052517/Final Project/March-Madness-2017-master/.ipynb_checkpoints/final|Predictions for 2017 Bracket-checkpoint.py,438,2.74,1.5981735159817352,16.894977168949772,13,39,33.69230769230769,6,4,1.28,4,CS35,sp2019,2019
/Users/summer-2024/Desktop/code metrics 25/All-Data/CS5-Data/assignments prellm/submissions_cs5_s2019/submission_26622227/final.py,337,5.638,15.43026706231454,13.353115727002969,15,90,22.466666666666665,10,3,1.299,5,CS5,s2019,2019
/Users/summer-2024/Desktop/code metrics 25/All-Data/CS5-Data/assignments prellm/submissions_cs5_s2019/submission_26668805/final.py,295,2.712,39.32203389830509,9.152542372881356,17,66,17.352941176470587,21,3,1.283,7,CS5,s2019,2019
/Users/summer-2024/Desktop/code metrics 25/All-Data/CS5-Data/assignments prellm/submissions_cs5_s2019/submission_26673955/final.py,270,9.63,4.074074074074074,27.03703703703704,8,67,33.75,11,2,1.267,5,CS5,s2019,2019
/Users/summer-2024/Desktop/code metrics 25/All-Data/CS5-Data/assignments prellm/submissions_cs5_s2019/submission_26665819/final.py,560,4.107,21.785714285714285,20.17857142857143,27,223,20.74074074074074,36,4,1.273,6,CS5,s2019,2019
/Users/summer-2024/Desktop/code metrics 25/All-Data/CS35-Data/assignments prellm/submissions_cs35_sp2019/submission_18261441/gestureControl.py,28,21.429,0.0,32.142857142857146,0,14,0.0,1,0,1.261,3,CS35,sp2019,2019
/Users/summer-2024/Desktop/code metrics 25/All-Data/CS5-Data/assignments prellm/submissions_cs5_s2019/submission_26580400/final.py,610,12.459,23.770491803278688,18.688524590163937,27,204,22.59259259259259,27,2,1.314,6,CS5,s2019,2019
/Users/summer-2024/Desktop/code metrics 25/All-Data/CS5-Data/assignments prellm/submissions_cs5_s2019/submission_26636460/final.py,308,26.623,12.337662337662335,14.285714285714285,11,69,28.0,4,2,1.272,5,CS5,s2019,2019
/Users/summer-2024/Desktop/code metrics 25/All-Data/CS35-Data/assignments prellm/submissions_cs35_sp2019/submission_17522223/project/ML_knn.py,157,50.318,0.0,26.11464968152866,0,12,0.0,1,0,1.296,5,CS35,sp2019,2019
/Users/summer-2024/Desktop/code metrics 25/All-Data/CS5-Data/assignments prellm/submissions_cs5_s2019/submission_26668266/final.py,203,8.374,21.182266009852217,11.822660098522167,18,63,11.27777777777778,20,4,1.285,8,CS5,s2019,2019
/Users/summer-2024/Desktop/code metrics 25/All-Data/CS5-Data/assignments prellm/submissions_cs5_s2019/submission_26629705/final.py,497,7.847,19.718309859154928,19.3158953722334,26,173,19.115384615384617,30,3,1.263,6,CS5,s2019,2019
/Users/summer-2024/Desktop/code metrics 25/All-Data/CS5-Data/assignments prellm/submissions_cs5_s2019/submission_26630447/final.py,293,56.655,8.19112627986348,14.675767918088736,7,84,41.857142857142854,1,2,1.314,4,CS5,s2019,2019
/Users/summer-2024/Desktop/code metrics 25/All-Data/CS5-Data/assignments prellm/submissions_cs5_s2019/submission_26533271/final.py,515,8.932,25.631067961165048,11.45631067961165,25,187,20.6,40,3,1.26,7,CS5,s2019,2019
/Users/summer-2024/Desktop/code metrics 25/All-Data/CS5-Data/assignments prellm/submissions_cs5_s2019/submission_26667616/final.py,296,6.081,40.54054054054054,8.445945945945946,19,60,15.578947368421051,22,4,1.263,8,CS5,s2019,2019
/Users/summer-2024/Desktop/code metrics 25/All-Data/CS35-Data/assignments prellm/submissions_cs35_sp2019/submission_18058118/util.py,50,32.0,16.0,16.0,2,4,25.0,0,1,1.235,2,CS35,sp2019,2019
/Users/summer-2024/Desktop/code metrics 25/All-Data/CS5-Data/assignments prellm/submissions_cs5_s2019/scriptCompile.py,88,17.045,15.909090909090908,17.045454545454543,4,30,22.0,-1,1,1.294,5,CS5,s2019,2019
/Users/summer-2024/Desktop/code metrics 25/All-Data/CS5-Data/assignments prellm/submissions_cs5_s2019/submission_26424416/final.py,339,5.31,20.058997050147493,13.274336283185844,18,148,18.833333333333332,29,3,1.258,6,CS5,s2019,2019
/Users/summer-2024/Desktop/code metrics 25/All-Data/CS5-Data/assignments prellm/submissions_cs5_s2019/submission_26631035/csfinal.py,353,9.632,20.679886685552407,21.246458923512748,14,56,25.214285714285715,-1,4,1.29,7,CS5,s2019,2019
/Users/summer-2024/Desktop/code metrics 25/All-Data/CS5-Data/assignments prellm/submissions_cs5_s2019/submission_26647851/final.py,258,13.566,22.093023255813954,15.11627906976744,14,50,18.428571428571427,9,3,1.296,6,CS5,s2019,2019
/Users/summer-2024/Desktop/code metrics 25/All-Data/CS5-Data/assignments prellm/submissions_cs5_s2019/submission_26594762/final.py,571,9.982,17.68826619964974,11.033274956217165,30,247,19.033333333333335,32,4,1.265,7,CS5,s2019,2019
/Users/summer-2024/Desktop/code metrics 25/All-Data/CS35-Data/assignments prellm/submissions_cs35_sp2019/submission_18085971/project.py,248,35.484,36.29032258064516,14.112903225806454,8,28,31.0,-1,3,1.432,7,CS35,sp2019,2019
/Users/summer-2024/Desktop/code metrics 25/All-Data/CS5-Data/assignments prellm/submissions_cs5_s2019/submission_26667616/final_plus_turtle.py,315,6.667,36.82539682539683,10.158730158730158,19,58,16.57894736842105,21,4,1.289,8,CS5,s2019,2019
/Users/summer-2024/Desktop/code metrics 25/All-Data/CS5-Data/assignments prellm/submissions_cs5_s2019/submission_26638206/final.py,611,5.074,16.366612111292962,13.58428805237316,25,251,24.44,28,4,1.263,6,CS5,s2019,2019
/Users/summer-2024/Desktop/code metrics 25/All-Data/CS35-Data/assignments prellm/submissions_cs35_sp2019/submission_18077102/Beatboxing_Detection.py,733,22.51,12.687585266030013,26.73942701227831,14,138,52.357142857142854,17,3,1.277,7,CS35,sp2019,2019
/Users/summer-2024/Desktop/code metrics 25/All-Data/CS5-Data/assignments prellm/submissions_cs5_s2019/submission_26605470/final.py,427,8.665,21.07728337236534,14.519906323185012,27,167,15.814814814814817,32,3,1.267,6,CS5,s2019,2019
/Users/summer-2024/Desktop/code metrics 25/All-Data/CS5-Data/assignments prellm/submissions_cs5_s2019/submission_26647159/final.py,523,13.384,19.311663479923517,13.001912045889105,26,172,20.115384615384617,30,3,1.305,6,CS5,s2019,2019
/Users/summer-2024/Desktop/code metrics 25/All-Data/CS5-Data/assignments prellm/submissions_cs5_s2019/submission_26466500/porter.py,375,4.267,34.93333333333333,10.933333333333334,17,240,22.058823529411764,5,2,1.274,7,CS5,s2019,2019
/Users/summer-2024/Desktop/code metrics 25/All-Data/CS35-Data/assignments prellm/submissions_cs35_sp2019/submission_18077102/multiML.py,241,24.066,9.95850622406639,23.236514522821576,3,50,80.33333333333333,-1,3,1.306,5,CS35,sp2019,2019
/Users/summer-2024/Desktop/code metrics 25/All-Data/CS35-Data/assignments prellm/submissions_cs35_sp2019/submission_18077443/predict.py,72,27.778,0.0,19.444444444444446,0,4,0.0,0,0,1.317,3,CS35,sp2019,2019
/Users/summer-2024/Desktop/code metrics 25/All-Data/CS35-Data/assignments prellm/submissions_cs35_s2020/submission_40161313/cartpole_tflearn.py,185,15.135,3.243243243243243,24.864864864864867,4,34,46.25,7,2,1.256,5,CS35,s2020,2020
/Users/summer-2024/Desktop/code metrics 25/All-Data/CS35-Data/assignments prellm/submissions_cs35_s2020/submission_40179638/finalproject/.ipynb_checkpoints/final|final_aapl-checkpoint.py,144,16.667,0.0,25.0,1,4,144.0,1,1,1.251,4,CS35,s2020,2020
/Users/summer-2024/Desktop/code metrics 25/All-Data/CS5-Data/assignments prellm/submissions_cs5_s2020/submission_38746670/finalproject.py,297,8.754,23.905723905723907,12.12121212121212,16,84,18.5625,22,4,1.292,5,CS5,s2020,2020
/Users/summer-2024/Desktop/code metrics 25/All-Data/CS35-Data/assignments prellm/submissions_cs35_s2020/submission_40216499/picStuff.py,38,18.421,10.526315789473683,23.684210526315788,1,6,38.0,2,1,1.244,4,CS35,s2020,2020
/Users/summer-2024/Desktop/code metrics 25/All-Data/CS35-Data/assignments prellm/submissions_cs35_s2020/submission_40161313/cartpole_keras.py,185,15.135,3.243243243243243,23.24324324324325,4,34,46.25,7,2,1.266,5,CS35,s2020,2020
/Users/summer-2024/Desktop/code metrics 25/All-Data/CS35-Data/assignments prellm/submissions_cs35_s2020/submission_40164513/knn_final.py,202,19.802,35.148514851485146,21.287128712871286,4,40,50.5,11,2,1.281,5,CS35,s2020,2020
/Users/summer-2024/Desktop/code metrics 25/All-Data/CS35-Data/assignments prellm/submissions_cs35_s2020/submission_40169377/Final project.py,124,4.032,3.225806451612903,15.32258064516129,0,20,0.0,-1,0,1.499,5,CS35,s2020,2020
/Users/summer-2024/Desktop/code metrics 25/All-Data/CS35-Data/assignments prellm/submissions_cs35_s2020/submission_40231078/mask_detection.py,249,35.743,6.024096385542169,24.497991967871485,3,26,83.0,4,1,1.287,5,CS35,s2020,2020
/Users/summer-2024/Desktop/code metrics 25/All-Data/CS35-Data/assignments prellm/submissions_cs35_s2020/submission_40173899/seq_data_gen.py,3,0.0,0.0,66.66666666666666,0,2,0.0,0,0,1.255,1,CS35,s2020,2020
/Users/summer-2024/Desktop/code metrics 25/All-Data/CS5-Data/assignments prellm/submissions_cs5_s2020/submission_38729000/finalProject.py,217,11.521,11.52073732718894,15.668202764976956,9,46,24.11111111111111,4,2,1.252,7,CS5,s2020,2020
/Users/summer-2024/Desktop/code metrics 25/All-Data/CS35-Data/assignments prellm/submissions_cs35_s2020/submission_40179638/finalproject/final|SamsungFInal.py,183,15.301,13.114754098360656,21.85792349726776,1,4,183.0,1,1,1.306,4,CS35,s2020,2020
/Users/summer-2024/Desktop/code metrics 25/All-Data/CS5-Data/assignments prellm/submissions_cs5_s2020/submission_38747275/final.py,395,7.089,27.088607594936708,20.759493670886076,20,89,19.75,21,3,,8,CS5,s2020,2020
/Users/summer-2024/Desktop/code metrics 25/All-Data/CS35-Data/assignments prellm/submissions_cs35_s2020/submission_40181991/war.py,229,32.751,5.676855895196507,26.63755458515284,3,20,76.33333333333333,6,1,1.249,7,CS35,s2020,2020
/Users/summer-2024/Desktop/code metrics 25/All-Data/CS5-Data/assignments prellm/submissions_cs5_s2020/submission_38747622/textmodel.py,375,14.933,21.866666666666667,15.2,17,82,22.058823529411764,11,3,1.292,7,CS5,s2020,2020
/Users/summer-2024/Desktop/code metrics 25/All-Data/CS35-Data/assignments prellm/submissions_cs35_s2020/submission_40216499/artscrapper.py,108,3.704,0.0,14.814814814814811,3,8,36.0,0,2,1.306,2,CS35,s2020,2020
/Users/summer-2024/Desktop/code metrics 25/All-Data/CS5-Data/assignments prellm/submissions_cs5_s2020/submission_38738353/FP.py,248,8.468,10.483870967741936,14.516129032258066,9,35,27.555555555555557,3,2,1.278,5,CS5,s2020,2020
/Users/summer-2024/Desktop/code metrics 25/All-Data/CS5-Data/assignments prellm/submissions_cs5_s2020/submission_38755398/porter.py,375,4.267,34.93333333333333,10.933333333333334,17,240,22.058823529411764,5,2,1.318,7,CS5,s2020,2020
/Users/summer-2024/Desktop/code metrics 25/All-Data/CS5-Data/assignments prellm/submissions_cs5_s2020/submission_38793632/finalproject.py,366,25.41,24.59016393442623,16.120218579234972,15,52,24.4,12,3,1.293,7,CS5,s2020,2020
/Users/summer-2024/Desktop/code metrics 25/All-Data/CS5-Data/assignments prellm/submissions_cs5_s2020/submission_38732251/textmodel.py,283,9.187,28.62190812720848,13.780918727915196,15,49,18.866666666666667,-1,3,1.282,7,CS5,s2020,2020
/Users/summer-2024/Desktop/code metrics 25/All-Data/CS35-Data/assignments prellm/submissions_cs35_s2020/submission_40181991/iris.py,123,36.585,4.878048780487805,26.82926829268293,1,6,123.0,2,1,1.266,5,CS35,s2020,2020
/Users/summer-2024/Desktop/code metrics 25/All-Data/CS35-Data/assignments prellm/submissions_cs35_s2020/submission_40221356/finalproject.py,264,12.879,14.772727272727272,18.181818181818183,7,42,37.714285714285715,-1,2,1.257,6,CS35,s2020,2020
/Users/summer-2024/Desktop/code metrics 25/All-Data/CS35-Data/assignments prellm/submissions_cs35_s2020/submission_40181991/titanic.py,145,38.621,3.4482758620689653,24.13793103448276,1,8,145.0,3,1,1.31,6,CS35,s2020,2020
/Users/summer-2024/Desktop/code metrics 25/All-Data/CS5-Data/assignments prellm/submissions_cs5_s2020/submission_38747622/porter.py,375,4.267,34.93333333333333,10.933333333333334,17,240,22.058823529411764,5,2,1.281,7,CS5,s2020,2020
/Users/summer-2024/Desktop/code metrics 25/All-Data/CS35-Data/assignments prellm/submissions_cs35_s2020/submission_40173899/oeis_processor.py,47,0.0,0.0,12.76595744680851,5,10,9.4,0,2,1.305,3,CS35,s2020,2020
/Users/summer-2024/Desktop/code metrics 25/All-Data/CS35-Data/assignments prellm/submissions_cs35_s2020/submission_40179638/finalproject/final|final_aapl.py,188,17.021,12.76595744680851,22.340425531914892,1,4,188.0,1,1,1.319,4,CS35,s2020,2020
/Users/summer-2024/Desktop/code metrics 25/All-Data/CS5-Data/assignments prellm/submissions_cs5_s2020/submission_38767563/finalproject.py,836,16.148,23.80382775119617,17.822966507177032,32,302,26.125,-1,2,1.287,8,CS5,s2020,2020
/Users/summer-2024/Desktop/code metrics 25/All-Data/CS35-Data/assignments prellm/submissions_cs35_s2020/submission_40164513/process_dataset.py,87,21.839,22.988505747126435,17.24137931034483,4,20,21.75,6,1,1.239,5,CS35,s2020,2020
/Users/summer-2024/Desktop/code metrics 25/All-Data/CS5-Data/assignments prellm/submissions_cs5_s2020/submission_38740523/Finalproject.py,157,10.828,15.286624203821656,22.29299363057325,9,31,17.444444444444443,3,2,1.28,6,CS5,s2020,2020
/Users/summer-2024/Desktop/code metrics 25/All-Data/CS5-Data/assignments prellm/submissions_cs5_s2020/submission_38792115/textmodel.py,449,12.472,14.92204899777283,16.258351893095767,16,74,28.0625,-1,3,1.255,7,CS5,s2020,2020
/Users/summer-2024/Desktop/code metrics 25/All-Data/CS5-Data/assignments prellm/submissions_cs5_s2020/submission_38739219/game.py,317,7.571,5.993690851735016,17.665615141955836,7,51,45.285714285714285,3,2,1.332,5,CS5,s2020,2020
/Users/summer-2024/Desktop/code metrics 25/All-Data/CS35-Data/assignments prellm/submissions_cs35_s2020/submission_40156205/record.py,74,24.324,14.864864864864863,17.56756756756757,3,12,24.666666666666668,1,2,1.286,4,CS35,s2020,2020
/Users/summer-2024/Desktop/code metrics 25/All-Data/CS5-Data/assignments prellm/submissions_cs5_s2020/submission_38803439/Hangman.py,239,12.134,9.205020920502092,17.99163179916318,8,39,29.875,-1,2,1.291,6,CS5,s2020,2020
/Users/summer-2024/Desktop/code metrics 25/All-Data/CS5-Data/assignments prellm/submissions_cs5_s2020/submission_38730438/final.py,199,10.05,26.13065326633166,26.633165829145728,9,32,22.11111111111111,2,2,1.242,5,CS5,s2020,2020
/Users/summer-2024/Desktop/code metrics 25/All-Data/CS5-Data/assignments prellm/submissions_cs5_s2020/submission_38747831/finalproject.py,400,21.25,10.0,19.75,11,147,36.36363636363637,21,1,1.388,4,CS5,s2020,2020
/Users/summer-2024/Desktop/code metrics 25/All-Data/CS35-Data/assignments prellm/submissions_cs35_s2020/submission_40209991/finalprojtest1.py,103,13.592,0.0,23.300970873786408,8,10,12.875,3,1,1.263,7,CS35,s2020,2020
/Users/summer-2024/Desktop/code metrics 25/All-Data/CS5-Data/assignments prellm/submissions_cs5_s2020/submission_39017569/finalproject.py,158,15.19,3.1645569620253164,0.6329113924050633,1,39,158.0,-1,1,1.24,4,CS5,s2020,2020
/Users/summer-2024/Desktop/code metrics 25/All-Data/CS35-Data/assignments prellm/submissions_cs35_s2020/submission_40227394/final|FP_SARIMAX.py,221,1.81,0.0,32.57918552036199,1,8,221.0,2,1,1.347,5,CS35,s2020,2020
/Users/summer-2024/Desktop/code metrics 25/All-Data/CS5-Data/assignments prellm/submissions_cs5_s2020/submission_38766059/Final.py,401,13.716,21.44638403990025,12.468827930174564,15,60,26.733333333333334,-1,2,1.249,7,CS5,s2020,2020
/Users/summer-2024/Desktop/code metrics 25/All-Data/CS35-Data/assignments prellm/submissions_cs35_s2020/submission_40181991/digits.py,99,32.323,0.0,29.292929292929298,0,8,0.0,3,0,1.321,6,CS35,s2020,2020
/Users/summer-2024/Desktop/code metrics 25/All-Data/CS35-Data/assignments prellm/submissions_cs35_s2020/submission_40209991/finalprojpart2.py,778,15.81,9.511568123393316,6.298200514138817,29,193,26.82758620689655,-1,3,1.288,6,CS35,s2020,2020
/Users/summer-2024/Desktop/code metrics 25/All-Data/CS5-Data/assignments prellm/submissions_cs5_s2020/submission_38730446/finalProject.py,160,4.375,11.25,7.5,8,69,20.0,-1,2,1.295,6,CS5,s2020,2020
/Users/summer-2024/Desktop/code metrics 25/All-Data/CS35-Data/assignments prellm/submissions_cs35_s2020/submission_40156205/final|keystroke_dynamics.py,689,22.206,1.0159651669085632,29.46298984034833,7,96,98.42857142857144,41,2,1.234,6,CS35,s2020,2020
/Users/summer-2024/Desktop/code metrics 25/All-Data/CS35-Data/assignments prellm/submissions_cs35_s2020/submission_40182029/message_extraction.py,186,27.419,5.913978494623656,26.344086021505376,0,31,0.0,-1,0,1.304,5,CS35,s2020,2020
/Users/summer-2024/Desktop/code metrics 25/All-Data/CS5-Data/assignments prellm/submissions_cs5_s2020/submission_38764622/CS5 Final.py,299,10.702,31.77257525083612,23.076923076923077,10,104,29.9,-1,3,1.297,6,CS5,s2020,2020
/Users/summer-2024/Desktop/code metrics 25/All-Data/CS35-Data/assignments prellm/submissions_cs35_s2020/submission_40173899/seq_nn.py,114,8.772,0.0,17.543859649122805,4,28,28.5,5,1,1.27,4,CS35,s2020,2020
/Users/summer-2024/Desktop/code metrics 25/All-Data/CS5-Data/assignments prellm/submissions_cs5_s2020/submission_38755398/final.py,558,16.667,15.232974910394264,13.799283154121865,20,98,27.9,-1,3,1.263,7,CS5,s2020,2020
/Users/summer-2024/Desktop/code metrics 25/All-Data/CS35-Data/assignments prellm/submissions_cs35_s2020/submission_40209991/finalprojpart3.py,450,30.377,9.090909090909092,17.516629711751662,7,24,64.28571428571429,7,2,1.262,5,CS35,s2020,2020
/Users/summer-2024/Desktop/code metrics 25/All-Data/CS5-Data/assignments prellm/submissions_cs5_s2021/submission_104410721/final.py,381,0.787,20.47244094488189,9.186351706036746,17,143,22.41176470588235,21,3,1.257,6,CS5,s2021,2021
/Users/summer-2024/Desktop/code metrics 25/All-Data/CS5-Data/assignments prellm/submissions_cs5_s2021/submission_104571941/final.py,318,4.403,47.48427672955975,14.150943396226417,23,74,13.826086956521738,-1,5,1.272,7,CS5,s2021,2021
/Users/summer-2024/Desktop/code metrics 25/All-Data/CS5-Data/assignments prellm/submissions_cs5_s2021/submission_104584356/final.py,117,5.128,3.418803418803419,17.094017094017094,2,38,58.5,5,1,1.261,3,CS5,s2021,2021
/Users/summer-2024/Desktop/code metrics 25/All-Data/CS5-Data/assignments prellm/submissions_cs5_s2021/submission_104538808/WordHunt.py,257,7.393,8.171206225680933,4.280155642023346,11,172,23.363636363636363,25,3,1.278,7,CS5,s2021,2021
/Users/summer-2024/Desktop/code metrics 25/All-Data/CS5-Data/assignments prellm/submissions_cs5_s2021/submission_104581910/final.py,311,4.823,33.440514469453376,11.254019292604502,16,161,19.4375,42,3,1.251,6,CS5,s2021,2021
/Users/summer-2024/Desktop/code metrics 25/All-Data/CS5-Data/assignments prellm/submissions_cs5_s2021/submission_104469020/final.py,416,3.846,16.346153846153847,25.721153846153843,17,78,24.470588235294116,13,4,1.259,6,CS5,s2021,2021
/Users/summer-2024/Desktop/code metrics 25/All-Data/CS5-Data/assignments prellm/submissions_cs5_s2021/submission_104588221/erin_the_hacker_Julia.py,538,16.543,1.858736059479554,22.676579925650557,3,231,179.33333333333334,1,2,1.263,4,CS5,s2021,2021
/Users/summer-2024/Desktop/code metrics 25/All-Data/CS5-Data/assignments prellm/submissions_cs5_s2021/submission_104201614/final.py,479,11.691,17.954070981210858,20.041753653444676,18,162,26.61111111111111,24,2,1.21,6,CS5,s2021,2021
/Users/summer-2024/Desktop/code metrics 25/All-Data/CS5-Data/assignments prellm/submissions_cs5_s2021/submission_104615103/final.py,183,4.372,9.836065573770492,18.579234972677597,6,73,30.5,8,2,1.303,4,CS5,s2021,2021
/Users/summer-2024/Desktop/code metrics 25/All-Data/CS5-Data/assignments prellm/submissions_cs5_s2021/submission_104431465/final.py,687,9.025,18.777292576419217,14.847161572052403,26,222,26.423076923076923,32,6,1.263,7,CS5,s2021,2021
/Users/summer-2024/Desktop/code metrics 25/All-Data/CS5-Data/assignments prellm/submissions_cs5_s2021/submission_104695936/final.py,537,24.767,14.52513966480447,16.573556797020483,14,56,38.357142857142854,2,2,1.302,5,CS5,s2021,2021
/Users/summer-2024/Desktop/code metrics 25/All-Data/CS5-Data/assignments prellm/submissions_cs5_s2021/submission_104594296/final.py,501,0.399,15.169660678642716,27.345309381237527,19,170,26.36842105263158,25,4,1.278,7,CS5,s2021,2021
/Users/summer-2024/Desktop/code metrics 25/All-Data/CS5-Data/assignments prellm/submissions_cs5_s2021/submission_104607676/final.py,498,2.811,12.650602409638552,14.056224899598394,21,173,23.714285714285715,40,6,1.292,6,CS5,s2021,2021
/Users/summer-2024/Desktop/code metrics 25/All-Data/CS35-Data/assignments prellm/submissions_cs35_s2021/submission_84246355/final_project/FlaskAppStarter/app/routes.py,139,2.878,0.0,10.79136690647482,9,18,15.444444444444445,-1,1,1.283,3,CS35,s2021,2021
/Users/summer-2024/Desktop/code metrics 25/All-Data/CS5-Data/assignments prellm/submissions_cs5_s2021/submission_104607988/final.py,410,10.488,16.34146341463415,15.609756097560975,16,74,25.625,15,3,1.307,8,CS5,s2021,2021
/Users/summer-2024/Desktop/code metrics 25/All-Data/CS5-Data/assignments prellm/submissions_cs5_s2021/submission_102907756/final.py,381,12.073,19.68503937007874,17.322834645669293,15,62,25.4,13,3,1.27,7,CS5,s2021,2021
/Users/summer-2024/Desktop/code metrics 25/All-Data/CS5-Data/assignments prellm/submissions_cs5_s2021/submission_104541150/final.py,433,9.469,17.321016166281755,18.937644341801384,17,74,25.470588235294116,12,3,1.242,7,CS5,s2021,2021
/Users/summer-2024/Desktop/code metrics 25/All-Data/CS5-Data/assignments prellm/submissions_cs5_s2021/submission_104589229/FinalProjectpyglet.py,438,28.995,12.100456621004566,11.87214611872146,20,107,21.9,-1,2,1.244,6,CS5,s2021,2021
/Users/summer-2024/Desktop/code metrics 25/All-Data/CS5-Data/assignments prellm/submissions_cs5_s2021/submission_104593188/final.py,175,2.857,0.0,9.714285714285714,5,42,35.0,4,2,1.259,4,CS5,s2021,2021
/Users/summer-2024/Desktop/code metrics 25/All-Data/CS5-Data/assignments prellm/submissions_cs5_s2021/submission_104599443/final.py,342,10.819,23.09941520467836,21.052631578947366,18,61,19.0,18,2,1.31,8,CS5,s2021,2021
/Users/summer-2024/Desktop/code metrics 25/All-Data/CS5-Data/assignments prellm/submissions_cs5_s2021/submission_103404334/final.py,255,7.843,20.392156862745097,10.588235294117649,17,74,15.0,18,1,,7,CS5,s2021,2021
/Users/summer-2024/Desktop/code metrics 25/All-Data/CS35-Data/assignments prellm/submissions_cs35_s2021/submission_84246907/final|c4_cleaner.py,152,51.316,0.0,36.18421052631579,0,4,0.0,1,0,1.301,5,CS35,s2021,2021
/Users/summer-2024/Desktop/code metrics 25/All-Data/CS5-Data/assignments prellm/submissions_cs5_s2021/submission_104695981/textmodel.py,427,13.583,22.716627634660423,15.690866510538642,18,70,23.72222222222222,11,3,1.283,8,CS5,s2021,2021
/Users/summer-2024/Desktop/code metrics 25/All-Data/CS5-Data/assignments prellm/submissions_cs5_s2021/submission_104568003/final.py,207,4.348,23.18840579710145,13.526570048309178,14,110,14.785714285714286,25,4,1.246,5,CS5,s2021,2021
/Users/summer-2024/Desktop/code metrics 25/All-Data/CS5-Data/assignments prellm/submissions_cs5_s2021/submission_104052358/final.py,393,21.12,17.8117048346056,14.75826972010178,15,62,26.2,8,2,1.261,7,CS5,s2021,2021
/Users/summer-2024/Desktop/code metrics 25/All-Data/CS5-Data/assignments prellm/submissions_cs5_s2021/submission_104527294/final.py,356,33.427,7.02247191011236,17.415730337078653,7,56,50.857142857142854,1,2,1.268,4,CS5,s2021,2021
/Users/summer-2024/Desktop/code metrics 25/All-Data/CS5-Data/assignments prellm/submissions_cs5_s2021/submission_104575626/final.py,1067,6.467,13.495782567947517,10.21555763823805,44,204,24.25,29,3,1.247,7,CS5,s2021,2021
/Users/summer-2024/Desktop/code metrics 25/All-Data/CS5-Data/assignments prellm/submissions_cs5_s2021/submission_104615674/final.py,538,1.487,11.71003717472119,14.684014869888475,21,311,25.61904761904762,48,4,1.262,6,CS5,s2021,2021
/Users/summer-2024/Desktop/code metrics 25/All-Data/CS35-Data/assignments prellm/submissions_cs35_s2021/submission_84177529/final|final_project_code.py,853,14.537,6.799531066822978,25.087924970691677,21,97,40.61904761904762,-1,3,1.288,7,CS35,s2021,2021
/Users/summer-2024/Desktop/code metrics 25/All-Data/CS5-Data/assignments prellm/submissions_cs5_s2021/submission_104554747/final.py,576,7.465,14.930555555555555,22.569444444444446,26,178,22.153846153846153,30,6,1.297,6,CS5,s2021,2021
/Users/summer-2024/Desktop/code metrics 25/All-Data/CS5-Data/assignments prellm/submissions_cs5_s2021/submission_104527321/final.py,553,16.456,11.39240506329114,17.540687160940323,23,148,24.043478260869566,21,2,,8,CS5,s2021,2021
/Users/summer-2024/Desktop/code metrics 25/All-Data/CS5-Data/assignments prellm/submissions_cs5_s2021/submission_104595187/final.py,360,5.0,18.88888888888889,10.277777777777777,18,136,20.0,25,6,1.274,6,CS5,s2021,2021
/Users/summer-2024/Desktop/code metrics 25/All-Data/CS5-Data/assignments prellm/submissions_cs5_s2021/submission_104692390/battleship.py,1811,13.584,6.23964660408614,8.779679734953065,35,840,51.74285714285714,72,5,1.272,7,CS5,s2021,2021
/Users/summer-2024/Desktop/code metrics 25/All-Data/CS5-Data/assignments prellm/submissions_cs5_s2021/submission_104610984/finalproject.py,793,10.467,6.557377049180328,11.979823455233293,23,360,34.47826086956522,81,5,,6,CS5,s2021,2021
/Users/summer-2024/Desktop/code metrics 25/All-Data/CS5-Data/assignments prellm/submissions_cs5_s2021/submission_104607043/final.py,1122,3.565,3.832442067736185,2.5846702317290555,29,455,38.689655172413794,28,4,1.305,6,CS5,s2021,2021
/Users/summer-2024/Desktop/code metrics 25/All-Data/CS5-Data/assignments prellm/submissions_cs5_s2021/submission_104688466/finalproject.py,296,2.365,0.0,18.24324324324324,1,64,296.0,8,1,1.297,4,CS5,s2021,2021
/Users/summer-2024/Desktop/code metrics 25/All-Data/CS35-Data/assignments prellm/submissions_cs35_s2021/submission_84260874/final|Final_Project.py,1003,8.275,5.682951146560319,25.42372881355932,16,102,62.6875,25,2,1.266,7,CS35,s2021,2021
/Users/summer-2024/Desktop/code metrics 25/All-Data/CS35-Data/assignments prellm/submissions_cs35_s2021/submission_84246355/final_project/.ipynb_checkpoints/final|merc_model_DT_RF-checkpoint.py,618,40.777,6.148867313915858,27.02265372168285,3,68,206.0,-1,1,1.294,6,CS35,s2021,2021
/Users/summer-2024/Desktop/code metrics 25/All-Data/CS5-Data/assignments prellm/submissions_cs5_s2021/submission_104576904/final.py,353,4.816,19.8300283286119,19.54674220963173,11,100,32.09090909090909,-1,2,1.292,5,CS5,s2021,2021
/Users/summer-2024/Desktop/code metrics 25/All-Data/CS5-Data/assignments prellm/submissions_cs5_s2021/submission_104589377/starter.py,246,29.268,21.544715447154474,11.788617886178862,9,107,27.333333333333332,16,2,1.247,6,CS5,s2021,2021
/Users/summer-2024/Desktop/code metrics 25/All-Data/CS5-Data/assignments prellm/submissions_cs5_s2021/submission_104605595/Hangman Final Project.py,445,11.011,4.719101123595506,19.55056179775281,8,162,55.625,16,2,1.269,5,CS5,s2021,2021
/Users/summer-2024/Desktop/code metrics 25/All-Data/CS5-Data/assignments prellm/submissions_cs5_s2021/submission_104585851/FinalProj.py,1392,4.741,10.488505747126435,3.951149425287357,28,850,49.714285714285715,58,5,1.282,6,CS5,s2021,2021
/Users/summer-2024/Desktop/code metrics 25/All-Data/CS5-Data/assignments prellm/submissions_cs5_s2021/submission_104585984/final.py,333,4.805,13.213213213213212,12.612612612612612,20,108,16.65,5,3,1.281,4,CS5,s2021,2021
/Users/summer-2024/Desktop/code metrics 25/All-Data/CS5-Data/assignments prellm/submissions_cs5_s2021/submission_104589377/milestone.py,409,28.117,15.892420537897312,11.246943765281172,15,148,27.266666666666666,28,3,1.238,6,CS5,s2021,2021
/Users/summer-2024/Desktop/code metrics 25/All-Data/CS35-Data/assignments prellm/submissions_cs35_s2021/submission_84246355/final_project/.ipynb_checkpoints/final|merc_model_NNets-checkpoint.py,277,32.852,10.469314079422382,23.826714801444044,2,62,138.5,-1,1,1.334,5,CS35,s2021,2021
/Users/summer-2024/Desktop/code metrics 25/All-Data/CS5-Data/assignments prellm/submissions_cs5_s2021/submission_104585273/CS_Final.py,598,13.545,9.866220735785951,18.06020066889632,15,123,39.86666666666667,17,4,1.239,7,CS5,s2021,2021
/Users/summer-2024/Desktop/code metrics 25/All-Data/CS5-Data/assignments prellm/submissions_cs5_s2021/submission_104334879/finalproject.py,831,9.507,6.257521058965103,10.108303249097473,17,421,48.88235294117647,25,4,1.309,6,CS5,s2021,2021
/Users/summer-2024/Desktop/code metrics 25/All-Data/CS5-Data/assignments prellm/submissions_cs5_s2021/submission_105455124/collision.py,58,20.69,0.0,31.03448275862069,1,2,58.0,0,1,1.288,3,CS5,s2021,2021
/Users/summer-2024/Desktop/code metrics 25/All-Data/CS5-Data/assignments prellm/submissions_cs5_s2021/submission_104577450/final.py,353,4.816,19.8300283286119,19.54674220963173,11,100,32.09090909090909,-1,2,1.265,5,CS5,s2021,2021
/Users/summer-2024/Desktop/code metrics 25/All-Data/CS5-Data/assignments prellm/submissions_cs5_s2021/submission_105449233/Battleship.py,715,0.42,7.4125874125874125,12.307692307692308,21,256,34.04761904761905,39,3,1.278,6,CS5,s2021,2021
/Users/summer-2024/Desktop/code metrics 25/All-Data/CS5-Data/assignments prellm/submissions_cs5_s2021/submission_104339481/final.py,322,18.323,17.080745341614907,15.217391304347828,17,80,18.941176470588236,20,3,1.3,8,CS5,s2021,2021
/Users/summer-2024/Desktop/code metrics 25/All-Data/CS5-Data/assignments prellm/submissions_cs5_s2021/submission_104600033/final.py,677,2.659,10.635155096011816,3.2496307237813884,16,239,42.3125,42,5,1.25,6,CS5,s2021,2021
/Users/summer-2024/Desktop/code metrics 25/All-Data/CS5-Data/assignments prellm/submissions_cs5_s2021/submission_104611605/final.py,227,11.454,21.58590308370044,25.991189427312776,11,81,20.636363636363637,10,3,1.247,6,CS5,s2021,2021
/Users/summer-2024/Desktop/code metrics 25/All-Data/CS5-Data/assignments prellm/submissions_cs5_s2021/submission_104589377/p.py,1,0.0,0.0,0.0,0,2,0.0,0,0,1.382,1,CS5,s2021,2021
/Users/summer-2024/Desktop/code metrics 25/All-Data/CS5-Data/assignments prellm/submissions_cs5_s2021/submission_104586382/final.py,237,3.797,10.970464135021098,5.9071729957805905,9,147,26.333333333333332,22,4,1.29,6,CS5,s2021,2021
/Users/summer-2024/Desktop/code metrics 25/All-Data/CS5-Data/assignments prellm/submissions_cs5_s2021/submission_105557360/final.py,500,13.4,29.4,9.6,15,100,33.333333333333336,-1,3,1.262,6,CS5,s2021,2021
/Users/summer-2024/Desktop/code metrics 25/All-Data/CS35-Data/assignments prellm/submissions_cs35_s2021/submission_84253108/final|final_project.py,446,38.117,6.726457399103139,25.33632286995516,2,22,223.0,6,1,1.283,5,CS35,s2021,2021
/Users/summer-2024/Desktop/code metrics 25/All-Data/CS35-Data/assignments prellm/submissions_cs35_s2021/submission_84246355/final_project/FlaskAppStarter/my_app.py,2,0.0,0.0,50.0,0,2,0.0,0,0,1.29,1,CS35,s2021,2021
/Users/summer-2024/Desktop/code metrics 25/All-Data/CS5-Data/assignments prellm/submissions_cs5_s2021/submission_104588138/final.py,474,13.713,14.345991561181432,18.776371308016877,17,175,27.88235294117647,36,4,1.275,6,CS5,s2021,2021
/Users/summer-2024/Desktop/code metrics 25/All-Data/CS5-Data/assignments prellm/submissions_cs5_s2021/submission_104550163/final.py,499,0.0,19.03807615230461,5.410821643286573,24,222,20.791666666666668,37,4,1.286,7,CS5,s2021,2021
/Users/summer-2024/Desktop/code metrics 25/All-Data/CS35-Data/assignments prellm/submissions_cs35_s2021/submission_84246355/final_project/FlaskAppStarter/app/__init__.py,14,7.143,0.0,35.714285714285715,0,2,0.0,0,0,1.294,2,CS35,s2021,2021
/Users/summer-2024/Desktop/code metrics 25/All-Data/CS5-Data/assignments prellm/submissions_cs5_s2021/submission_104615923/final.py,378,5.556,5.82010582010582,21.693121693121693,15,104,25.2,23,4,1.314,7,CS5,s2021,2021
/Users/summer-2024/Desktop/code metrics 25/All-Data/CS5-Data/assignments prellm/submissions_cs5_s2021/submission_104603949/final.py,689,7.257,6.531204644412192,17.99709724238026,11,215,62.63636363636363,27,2,1.229,6,CS5,s2021,2021
/Users/summer-2024/Desktop/code metrics 25/All-Data/CS5-Data/assignments prellm/submissions_cs5_s2021/submission_104602013/main.py,292,19.863,10.273972602739724,11.986301369863012,12,69,24.333333333333332,-1,2,1.255,7,CS5,s2021,2021
/Users/summer-2024/Desktop/code metrics 25/All-Data/CS35-Data/assignments prellm/submissions_cs35_s2021/submission_84246355/final_project/final|merc_model_NNets.py,277,32.852,10.469314079422382,23.826714801444044,2,62,138.5,-1,1,1.289,5,CS35,s2021,2021
/Users/summer-2024/Desktop/code metrics 25/All-Data/CS35-Data/assignments prellm/submissions_cs35_s2021/submission_84164234/final|finale.py,231,14.719,11.688311688311687,19.480519480519483,13,22,17.76923076923077,7,3,1.299,6,CS35,s2021,2021
/Users/summer-2024/Desktop/code metrics 25/All-Data/CS5-Data/assignments prellm/submissions_cs5_s2021/submission_104589377/example_pyglet.py,440,28.864,12.727272727272728,11.818181818181818,20,107,22.0,-1,2,1.256,6,CS5,s2021,2021
/Users/summer-2024/Desktop/code metrics 25/All-Data/CS5-Data/assignments prellm/submissions_cs5_s2021/submission_104615728/final.py,378,5.556,5.82010582010582,21.693121693121693,15,104,25.2,23,4,1.289,7,CS5,s2021,2021
/Users/summer-2024/Desktop/code metrics 25/All-Data/CS5-Data/assignments prellm/submissions_cs5_s2021/submission_104584222/final.py,277,0.0,22.74368231046931,19.133574007220215,17,82,16.294117647058822,22,4,1.285,7,CS5,s2021,2021
/Users/summer-2024/Desktop/code metrics 25/All-Data/CS5-Data/assignments prellm/submissions_cs5_s2021/submission_104052358/porter.py,375,4.267,34.93333333333333,10.933333333333334,17,240,22.058823529411764,5,2,1.286,7,CS5,s2021,2021
/Users/summer-2024/Desktop/code metrics 25/All-Data/CS35-Data/assignments prellm/submissions_cs35_s2021/submission_84246832/final|FinalFinalNotebookZachTaylor.py,379,15.303,39.84168865435356,23.48284960422164,3,24,126.33333333333331,-1,2,1.286,5,CS35,s2021,2021
/Users/summer-2024/Desktop/code metrics 25/All-Data/CS5-Data/assignments prellm/submissions_cs5_s2021/submission_104585273/dict.py,1,100.0,0.0,0.0,0,2,0.0,-1,0,1.306,2,CS5,s2021,2021
/Users/summer-2024/Desktop/code metrics 25/All-Data/CS5-Data/assignments prellm/submissions_cs5_s2021/submission_104654293/final.py,1496,51.203,13.903743315508022,7.68716577540107,20,709,74.8,111,5,1.26,7,CS5,s2021,2021
/Users/summer-2024/Desktop/code metrics 25/All-Data/CS5-Data/assignments prellm/submissions_cs5_s2021/submission_104587277/final.py,577,26.343,10.74523396880416,22.703639514731368,10,99,57.7,12,2,1.308,5,CS5,s2021,2021
/Users/summer-2024/Desktop/code metrics 25/All-Data/CS5-Data/assignments prellm/submissions_cs5_s2021/submission_104614450/final.py,327,2.141,26.299694189602445,13.45565749235474,18,90,18.166666666666668,26,4,1.29,8,CS5,s2021,2021
/Users/summer-2024/Desktop/code metrics 25/All-Data/CS5-Data/assignments prellm/submissions_cs5_s2021/submission_104414447/final.py,348,25.0,8.045977011494253,22.41379310344828,9,41,38.666666666666664,1,2,1.314,4,CS5,s2021,2021
/Users/summer-2024/Desktop/code metrics 25/All-Data/CS5-Data/assignments prellm/submissions_cs5_s2021/submission_104557756/finalproject.py,443,27.991,16.70428893905192,15.80135440180587,15,58,29.533333333333335,9,3,1.276,7,CS5,s2021,2021
/Users/summer-2024/Desktop/code metrics 25/All-Data/CS5-Data/assignments prellm/submissions_cs5_s2021/submission_104773517/finalversion.py,354,15.254,25.141242937853107,16.666666666666664,18,148,19.666666666666668,21,4,1.386,6,CS5,s2021,2021
/Users/summer-2024/Desktop/code metrics 25/All-Data/CS5-Data/assignments prellm/submissions_cs5_s2021/submission_104403525/final.py,405,18.025,19.012345679012345,18.765432098765434,15,67,27.0,-1,2,1.523,8,CS5,s2021,2021
/Users/summer-2024/Desktop/code metrics 25/All-Data/CS5-Data/assignments prellm/submissions_cs5_s2021/submission_104608034/finalproject.py,410,10.488,16.34146341463415,15.609756097560975,16,74,25.625,15,3,1.427,8,CS5,s2021,2021
/Users/summer-2024/Desktop/code metrics 25/All-Data/CS5-Data/assignments prellm/submissions_cs5_s2021/submission_104506665/final.py,745,23.624,9.12751677852349,18.926174496644297,15,129,49.666666666666664,-1,2,1.283,4,CS5,s2021,2021
/Users/summer-2024/Desktop/code metrics 25/All-Data/CS5-Data/assignments prellm/submissions_cs5_s2021/submission_104562202/final.py,264,12.121,12.5,18.560606060606062,8,36,33.0,1,1,1.292,3,CS5,s2021,2021
/Users/summer-2024/Desktop/code metrics 25/All-Data/CS5-Data/assignments prellm/submissions_cs5_s2021/submission_104589229/FinalProject.py,394,24.873,19.543147208121827,10.152284263959393,15,148,26.266666666666666,28,3,1.266,6,CS5,s2021,2021
/Users/summer-2024/Desktop/code metrics 25/All-Data/CS35-Data/assignments prellm/submissions_cs35_s2021/submission_84164234/final|finale_cleaner.py,327,18.043,13.149847094801222,17.12538226299694,16,99,20.4375,21,3,1.612,7,CS35,s2021,2021
/Users/summer-2024/Desktop/code metrics 25/All-Data/CS5-Data/assignments prellm/submissions_cs5_s2021/submission_104557543/final.py,291,2.749,15.120274914089348,19.93127147766323,17,96,17.11764705882353,26,4,1.329,8,CS5,s2021,2021
/Users/summer-2024/Desktop/code metrics 25/All-Data/CS5-Data/assignments prellm/submissions_cs5_s2021/submission_104690741/finish.py,196,12.755,19.387755102040817,9.693877551020408,14,104,14.0,26,2,1.314,6,CS5,s2021,2021
/Users/summer-2024/Desktop/code metrics 25/All-Data/CS35-Data/assignments prellm/submissions_cs35_s2021/submission_84246907/final|c4_modeler.py,903,24.363,11.184939091915837,24.14174972314507,23,230,39.26086956521739,-1,4,1.298,8,CS35,s2021,2021
/Users/summer-2024/Desktop/code metrics 25/All-Data/CS5-Data/assignments prellm/submissions_cs5_s2021/submission_104512838/final.py,533,5.629,11.44465290806754,12.195121951219512,15,124,35.53333333333333,20,4,1.298,6,CS5,s2021,2021
/Users/summer-2024/Desktop/code metrics 25/All-Data/CS5-Data/assignments prellm/submissions_cs5_s2021/submission_104589377/hw9pr1.py,161,6.832,22.981366459627328,16.149068322981368,10,74,16.1,16,3,1.284,5,CS5,s2021,2021
/Users/summer-2024/Desktop/code metrics 25/All-Data/CS35-Data/assignments prellm/submissions_cs35_s2021/submission_84246355/final_project/FlaskAppStarter/app/mer_model_NNets_A.py,179,28.492,16.201117318435752,15.64245810055866,2,58,89.5,3,1,1.283,5,CS35,s2021,2021
/Users/summer-2024/Desktop/code metrics 25/All-Data/CS5-Data/assignments prellm/submissions_cs5_s2021/submission_104602013/Life.py,124,4.839,10.483870967741936,14.516129032258066,8,45,15.5,8,3,1.293,7,CS5,s2021,2021
/Users/summer-2024/Desktop/code metrics 25/All-Data/CS5-Data/assignments prellm/submissions_cs5_s2021/submission_105431922/final.py,323,9.907,23.219814241486063,16.09907120743034,15,129,21.533333333333335,24,3,1.287,6,CS5,s2021,2021
/Users/summer-2024/Desktop/code metrics 25/All-Data/CS5-Data/assignments prellm/submissions_cs5_s2021/submission_104535729/final.py,678,5.31,12.389380530973453,16.96165191740413,18,258,37.666666666666664,-1,4,1.254,6,CS5,s2021,2021
/Users/summer-2024/Desktop/code metrics 25/All-Data/CS35-Data/assignments prellm/submissions_cs35_s2021/submission_84249015/final|NBA_player_plus_minus_modeler.py,295,33.22,1.3559322033898304,27.11864406779661,3,34,98.33333333333331,8,1,1.325,6,CS35,s2021,2021
/Users/summer-2024/Desktop/code metrics 25/All-Data/CS5-Data/assignments prellm/submissions_cs5_s2021/submission_104557337/finalproject.py,443,27.991,16.70428893905192,15.80135440180587,15,58,29.533333333333335,9,3,1.287,7,CS5,s2021,2021
/Users/summer-2024/Desktop/code metrics 25/All-Data/CS5-Data/assignments prellm/submissions_cs5_s2021/submission_104691156/final.py,465,5.806,20.21505376344086,16.559139784946236,20,147,23.25,15,5,1.28,7,CS5,s2021,2021
/Users/summer-2024/Desktop/code metrics 25/All-Data/CS35-Data/assignments prellm/submissions_cs35_s2021/submission_84246355/final_project/final|merc_model_DT_RF.py,623,40.449,6.099518459069021,27.12680577849117,3,68,207.66666666666663,-1,1,1.286,6,CS35,s2021,2021
/Users/summer-2024/Desktop/code metrics 25/All-Data/CS35-Data/assignments prellm/submissions_cs35_s2021/submission_84246355/final_project/FlaskAppStarter/app/pythonfunctions.py,738,32.52,3.658536585365854,24.66124661246613,9,20,82.0,9,1,1.315,5,CS35,s2021,2021
/Users/summer-2024/Desktop/code metrics 25/All-Data/CS35-Data/assignments prellm/submissions_cs35_s2021/submission_84246355/final_project/FlaskAppStarter/config.py,8,25.0,0.0,25.0,0,3,0.0,0,0,1.287,2,CS35,s2021,2021
/Users/summer-2024/Desktop/code metrics 25/All-Data/CS5-Data/assignments prellm/submissions_cs5_s2021/submission_104377051/final.py,322,4.037,18.633540372670808,12.111801242236025,15,73,21.466666666666665,12,3,1.264,7,CS5,s2021,2021
/Users/summer-2024/Desktop/code metrics 25/All-Data/CS5-Data/assignments prellm/submissions_cs5_s2021/submission_104062148/PongFinalProject.py,377,35.013,6.896551724137931,16.180371352785148,5,56,75.4,7,1,1.265,5,CS5,s2021,2021
/Users/summer-2024/Desktop/code metrics 25/All-Data/CS35-Data/assignments prellm/submissions_cs35_sp2022/submission_125094981/lib/jinja2/exceptions.py,166,7.229,25.301204819277107,25.903614457831324,8,21,20.75,-1,2,1.288,6,CS35,sp2022,2022
/Users/summer-2024/Desktop/code metrics 25/All-Data/CS35-Data/assignments prellm/submissions_cs35_sp2022/submission_125094981/config.py,6,16.667,0.0,16.666666666666664,0,3,0.0,0,0,1.274,2,CS35,sp2022,2022
/Users/summer-2024/Desktop/code metrics 25/All-Data/CS35-Data/assignments prellm/submissions_cs35_sp2022/submission_125094981/lib/flask/typing.py,55,27.273,0.0,12.727272727272728,0,4,0.0,0,0,1.31,2,CS35,sp2022,2022
/Users/summer-2024/Desktop/code metrics 25/All-Data/CS5-Data/assignments prellm/submissions_cs5_s2022/submission_153641098/final.py,597,1.508,5.025125628140704,26.800670016750416,15,206,39.8,32,3,1.285,5,CS5,s2022,2022
/Users/summer-2024/Desktop/code metrics 25/All-Data/CS35-Data/assignments prellm/submissions_cs35_sp2022/submission_125094981/lib/jinja2/compiler.py,1957,6.847,8.635666836995401,15.125191619826264,117,456,16.726495726495727,-1,6,1.244,8,CS35,sp2022,2022
/Users/summer-2024/Desktop/code metrics 25/All-Data/CS35-Data/assignments prellm/submissions_cs35_sp2022/submission_125770196/FlaskAppStarter/app/pythonfunctions.py,131,38.168,26.717557251908396,20.610687022900763,3,25,43.666666666666664,2,1,1.278,3,CS35,sp2022,2022
/Users/summer-2024/Desktop/code metrics 25/All-Data/CS35-Data/assignments prellm/submissions_cs35_sp2022/submission_125094981/lib/click/decorators.py,497,3.622,33.199195171026155,23.541247484909455,30,63,16.566666666666666,0,3,1.255,4,CS35,sp2022,2022
/Users/summer-2024/Desktop/code metrics 25/All-Data/CS35-Data/assignments prellm/submissions_cs35_sp2022/submission_125094981/lib/flask/json/__init__.py,299,2.341,61.53846153846154,23.076923076923077,10,40,29.9,-1,2,1.275,4,CS35,sp2022,2022
/Users/summer-2024/Desktop/code metrics 25/All-Data/CS35-Data/assignments prellm/submissions_cs35_s2022/submission_129742874/final|hw9_project_progress.py,829,44.029,0.241254523522316,27.864897466827504,1,26,829.0,-1,1,1.298,6,CS35,s2022,2022
/Users/summer-2024/Desktop/code metrics 25/All-Data/CS5-Data/assignments prellm/submissions_cs5_s2022/submission_153717985/final|Project.py,519,13.68,11.946050096339114,17.148362235067438,17,92,30.529411764705884,10,4,1.328,7,CS5,s2022,2022
/Users/summer-2024/Desktop/code metrics 25/All-Data/CS35-Data/assignments prellm/submissions_cs35_sp2022/submission_125094981/lib/werkzeug/wrappers/request.py,614,7.492,46.09120521172638,16.123778501628664,25,52,24.56,-1,5,1.246,7,CS35,sp2022,2022
/Users/summer-2024/Desktop/code metrics 25/All-Data/CS5-Data/assignments prellm/submissions_cs5_s2022/submission_153704659/final.py,483,7.453,7.453416149068323,15.113871635610764,34,229,14.205882352941176,36,5,1.314,6,CS5,s2022,2022
/Users/summer-2024/Desktop/code metrics 25/All-Data/CS35-Data/assignments prellm/submissions_cs35_sp2022/submission_126549274/final|pysentiment2.py,132,26.515,0.0,40.15151515151515,0,2,0.0,0,0,1.257,3,CS35,sp2022,2022
/Users/summer-2024/Desktop/code metrics 25/All-Data/CS35-Data/assignments prellm/submissions_cs35_sp2022/submission_125094981/lib/jinja2/constants.py,20,5.0,100.0,0.0,0,2,0.0,-1,0,1.296,2,CS35,sp2022,2022
/Users/summer-2024/Desktop/code metrics 25/All-Data/CS5-Data/assignments prellm/submissions_cs5_s2022/submission_153112423/final.py,351,29.63,7.6923076923076925,12.535612535612536,7,55,50.142857142857146,6,2,1.26,6,CS5,s2022,2022
/Users/summer-2024/Desktop/code metrics 25/All-Data/CS35-Data/assignments prellm/submissions_cs35_sp2022/submission_126439242/final.py,19,0.0,0.0,26.31578947368421,0,4,0.0,0,0,1.301,2,CS35,sp2022,2022
/Users/summer-2024/Desktop/code metrics 25/All-Data/CS35-Data/assignments prellm/submissions_cs35_sp2022/submission_125094981/lib/colorama/ansitowin32.py,258,10.465,10.07751937984496,15.11627906976744,18,70,14.333333333333334,4,4,1.28,6,CS35,sp2022,2022
/Users/summer-2024/Desktop/code metrics 25/All-Data/CS35-Data/assignments prellm/submissions_cs35_s2022/submission_129673962/final|speedymovie2k22.py,543,18.969,2.209944751381215,27.25598526703499,4,44,135.75,13,2,3.907,6,CS35,s2022,2022
/Users/summer-2024/Desktop/code metrics 25/All-Data/CS35-Data/assignments prellm/submissions_cs35_sp2022/submission_126555890/final|final_project.py,288,6.597,12.5,24.305555555555554,9,55,32.0,18,2,1.295,6,CS35,sp2022,2022
/Users/summer-2024/Desktop/code metrics 25/All-Data/CS35-Data/assignments prellm/submissions_cs35_s2022/submission_129695073/finalProject/Sources/python_projects-main/1_snake_game/7_final_code_background_music_image.py,194,2.577,0.0,22.164948453608247,21,56,9.238095238095235,5,3,1.288,7,CS35,s2022,2022
/Users/summer-2024/Desktop/code metrics 25/All-Data/CS35-Data/assignments prellm/submissions_cs35_sp2022/submission_125094981/lib/colorama/winterm.py,169,18.343,0.0,10.650887573964498,14,40,12.071428571428571,0,4,1.297,4,CS35,sp2022,2022
/Users/summer-2024/Desktop/code metrics 25/All-Data/CS35-Data/assignments prellm/submissions_cs35_s2022/submission_129747839/final|hw9_final_project.py,625,25.92,6.239999999999999,19.68,15,100,41.666666666666664,10,2,1.244,6,CS35,s2022,2022
/Users/summer-2024/Desktop/code metrics 25/All-Data/CS35-Data/assignments prellm/submissions_cs35_sp2022/submission_125094981/lib/itsdangerous/serializer.py,295,4.068,39.32203389830509,17.966101694915253,14,39,21.071428571428573,3,7,1.269,7,CS35,sp2022,2022
/Users/summer-2024/Desktop/code metrics 25/All-Data/CS5-Data/assignments prellm/submissions_cs5_s2022/submission_153654467/final.py,258,20.155,12.4031007751938,20.155038759689923,11,43,23.454545454545453,1,2,1.291,4,CS5,s2022,2022
/Users/summer-2024/Desktop/code metrics 25/All-Data/CS5-Data/assignments prellm/submissions_cs5_s2022/submission_152606976/final.py,395,9.367,15.18987341772152,15.69620253164557,20,175,19.75,22,4,1.246,6,CS5,s2022,2022
/Users/summer-2024/Desktop/code metrics 25/All-Data/CS35-Data/assignments prellm/submissions_cs35_s2022/submission_129697215/final|hw9_project_progress.py,263,14.829,9.505703422053232,24.714828897338403,10,54,26.3,14,3,1.318,7,CS35,s2022,2022
/Users/summer-2024/Desktop/code metrics 25/All-Data/CS35-Data/assignments prellm/submissions_cs35_sp2022/submission_125526066/final|cycleGAN2.py,577,10.572,2.079722703639515,19.410745233968804,19,28,30.36842105263158,10,2,1.237,7,CS35,sp2022,2022
/Users/summer-2024/Desktop/code metrics 25/All-Data/CS35-Data/assignments prellm/submissions_cs35_sp2022/submission_125670308/final|nbascrape2.py,449,16.258,6.23608017817372,22.048997772828507,6,82,74.83333333333333,27,2,1.288,6,CS35,sp2022,2022
/Users/summer-2024/Desktop/code metrics 25/All-Data/CS5-Data/assignments prellm/submissions_cs5_s2022/submission_153629568/Final.py,423,7.092,13.947990543735225,17.257683215130022,20,92,21.15,19,2,1.264,6,CS5,s2022,2022
/Users/summer-2024/Desktop/code metrics 25/All-Data/CS35-Data/assignments prellm/submissions_cs35_sp2022/submission_125336353/final|sophie de castro mask2face final project.py,158,29.747,0.0,38.607594936708864,0,9,0.0,1,0,1.265,3,CS35,sp2022,2022
/Users/summer-2024/Desktop/code metrics 25/All-Data/CS35-Data/assignments prellm/submissions_cs35_sp2022/submission_125094981/lib/werkzeug/http.py,1371,6.419,35.521517140773156,17.65134938001459,40,269,34.275,-1,3,1.323,7,CS35,sp2022,2022
/Users/summer-2024/Desktop/code metrics 25/All-Data/CS5-Data/assignments prellm/submissions_cs5_s2022/submission_152867372/final.py,229,0.0,8.73362445414847,2.1834061135371177,10,127,22.9,15,3,1.279,5,CS5,s2022,2022
/Users/summer-2024/Desktop/code metrics 25/All-Data/CS35-Data/assignments prellm/submissions_cs35_sp2022/submission_125651139/final|hw8pr1_project_exploring.py,37,16.216,0.0,32.432432432432435,0,2,0.0,0,0,1.27,3,CS35,sp2022,2022
/Users/summer-2024/Desktop/code metrics 25/All-Data/CS35-Data/assignments prellm/submissions_cs35_sp2022/submission_125094981/lib/werkzeug/testapp.py,240,3.333,55.00000000000001,10.833333333333334,5,25,48.0,-1,3,1.282,5,CS35,sp2022,2022
/Users/summer-2024/Desktop/code metrics 25/All-Data/CS35-Data/assignments prellm/submissions_cs35_sp2022/submission_125672029/Treys/lookup.py,274,17.518,20.437956204379564,17.51824817518248,6,42,45.666666666666664,18,2,1.312,8,CS35,sp2022,2022
/Users/summer-2024/Desktop/code metrics 25/All-Data/CS35-Data/assignments prellm/submissions_cs35_sp2022/submission_125094981/lib/markupsafe/__init__.py,295,4.407,19.322033898305087,25.42372881355932,30,38,9.833333333333334,2,4,1.284,6,CS35,sp2022,2022
/Users/summer-2024/Desktop/code metrics 25/All-Data/CS5-Data/assignments prellm/submissions_cs5_s2022/submission_153710854/final.py,262,1.145,16.412213740458014,14.885496183206106,17,89,15.411764705882351,26,3,1.274,8,CS5,s2022,2022
/Users/summer-2024/Desktop/code metrics 25/All-Data/CS35-Data/assignments prellm/submissions_cs35_sp2022/submission_125672029/Treys/__init__.py,3,0.0,0.0,0.0,0,2,0.0,0,0,1.274,1,CS35,sp2022,2022
/Users/summer-2024/Desktop/code metrics 25/All-Data/CS35-Data/assignments prellm/submissions_cs35_sp2022/submission_126449226/final|exploratory_analysis.py,199,17.085,0.0,27.63819095477387,0,16,0.0,7,0,1.319,3,CS35,sp2022,2022
/Users/summer-2024/Desktop/code metrics 25/All-Data/CS35-Data/assignments prellm/submissions_cs35_sp2022/submission_126551059/config.py,8,25.0,0.0,25.0,0,3,0.0,0,0,1.282,2,CS35,sp2022,2022
/Users/summer-2024/Desktop/code metrics 25/All-Data/CS35-Data/assignments prellm/submissions_cs35_sp2022/submission_125152436/Treys/lookup.py,274,17.518,20.437956204379564,17.51824817518248,6,42,45.666666666666664,18,2,1.279,8,CS35,sp2022,2022
/Users/summer-2024/Desktop/code metrics 25/All-Data/CS5-Data/assignments prellm/submissions_cs5_s2022/submission_153696521/final.py,467,11.563,21.627408993576015,10.278372591006423,25,171,18.68,31,5,1.285,6,CS5,s2022,2022
/Users/summer-2024/Desktop/code metrics 25/All-Data/CS35-Data/assignments prellm/submissions_cs35_sp2022/submission_126347357/final|Copy_of_deepdream_colab.py,166,14.458,3.0120481927710845,27.10843373493976,5,25,33.2,7,2,1.294,7,CS35,sp2022,2022
/Users/summer-2024/Desktop/code metrics 25/All-Data/CS35-Data/assignments prellm/submissions_cs35_sp2022/submission_125672029/Treys/treys/setup.py,25,0.0,16.0,8.0,0,2,0.0,0,0,1.267,2,CS35,sp2022,2022
/Users/summer-2024/Desktop/code metrics 25/All-Data/CS35-Data/assignments prellm/submissions_cs35_sp2022/submission_125477362/final|final_project.py,143,0.0,0.0,28.671328671328673,0,2,0.0,0,0,1.269,4,CS35,sp2022,2022
/Users/summer-2024/Desktop/code metrics 25/All-Data/CS35-Data/assignments prellm/submissions_cs35_sp2022/submission_125094981/lib/flask/logging.py,74,5.405,35.13513513513514,29.72972972972973,3,15,24.666666666666668,1,2,1.278,4,CS35,sp2022,2022
/Users/summer-2024/Desktop/code metrics 25/All-Data/CS5-Data/assignments prellm/submissions_cs5_s2022/submission_153840613/final.py,294,4.422,21.08843537414966,17.687074829931973,19,79,15.473684210526317,23,3,1.285,8,CS5,s2022,2022
/Users/summer-2024/Desktop/code metrics 25/All-Data/CS35-Data/assignments prellm/submissions_cs35_sp2022/submission_125094981/lib/flask/json/tag.py,312,1.923,33.33333333333333,27.884615384615387,33,20,9.454545454545457,2,3,1.251,7,CS35,sp2022,2022
/Users/summer-2024/Desktop/code metrics 25/All-Data/CS35-Data/assignments prellm/submissions_cs35_sp2022/submission_125094981/lib/werkzeug/urls.py,1067,5.623,33.73945641986879,17.80693533270853,47,212,22.70212765957447,-1,6,1.282,8,CS35,sp2022,2022
/Users/summer-2024/Desktop/code metrics 25/All-Data/CS5-Data/assignments prellm/submissions_cs5_s2022/submission_153681935/final.py,1004,28.984,7.470119521912351,15.836653386454184,11,111,91.27272727272728,-1,2,1.328,5,CS5,s2022,2022
/Users/summer-2024/Desktop/code metrics 25/All-Data/CS5-Data/assignments prellm/submissions_cs5_s2022/submission_153801235/final.py,305,0.656,23.9344262295082,23.9344262295082,17,109,17.941176470588236,24,3,1.311,5,CS5,s2022,2022
/Users/summer-2024/Desktop/code metrics 25/All-Data/CS35-Data/assignments prellm/submissions_cs35_sp2022/submission_125321132/train_dalle_mejia.py,874,5.149,2.631578947368421,21.28146453089245,11,137,79.45454545454545,-1,2,2.821,8,CS35,sp2022,2022
/Users/summer-2024/Desktop/code metrics 25/All-Data/CS35-Data/assignments prellm/submissions_cs35_sp2022/submission_125094981/lib/werkzeug/local.py,532,9.962,32.70676691729324,18.60902255639098,35,35,15.2,1,3,1.222,6,CS35,sp2022,2022
/Users/summer-2024/Desktop/code metrics 25/All-Data/CS5-Data/assignments prellm/submissions_cs5_s2022/submission_153700938/finalproject.py,711,12.096,3.5161744022503516,23.769338959212376,6,109,118.5,-1,2,1.286,4,CS5,s2022,2022
/Users/summer-2024/Desktop/code metrics 25/All-Data/CS5-Data/assignments prellm/submissions_cs5_s2022/submission_152954180/final.py,374,11.497,4.27807486631016,17.379679144385026,4,84,93.5,1,1,1.293,4,CS5,s2022,2022
/Users/summer-2024/Desktop/code metrics 25/All-Data/CS5-Data/assignments prellm/submissions_cs5_s2022/submission_153365919/final.py,265,1.132,5.283018867924529,25.28301886792453,9,79,29.444444444444443,11,4,1.286,3,CS5,s2022,2022
/Users/summer-2024/Desktop/code metrics 25/All-Data/CS35-Data/assignments prellm/submissions_cs35_sp2022/submission_125094981/lib/werkzeug/middleware/proxy_fix.py,187,1.604,54.01069518716578,17.647058823529413,3,27,62.333333333333336,0,2,1.296,4,CS35,sp2022,2022
/Users/summer-2024/Desktop/code metrics 25/All-Data/CS35-Data/assignments prellm/submissions_cs35_sp2022/submission_125624930/final|project.py,510,1.961,38.62745098039216,22.35294117647059,11,50,46.36363636363637,15,6,1.255,6,CS35,sp2022,2022
/Users/summer-2024/Desktop/code metrics 25/All-Data/CS5-Data/assignments prellm/submissions_cs5_s2022/submission_152943576/final.py,402,20.647,16.91542288557214,15.422885572139302,18,140,22.333333333333332,20,4,1.337,6,CS5,s2022,2022
/Users/summer-2024/Desktop/code metrics 25/All-Data/CS35-Data/assignments prellm/submissions_cs35_sp2022/submission_125321132/final|final_cleaner.py,162,25.926,0.0,33.33333333333333,0,8,0.0,2,0,1.269,5,CS35,sp2022,2022
/Users/summer-2024/Desktop/code metrics 25/All-Data/CS35-Data/assignments prellm/submissions_cs35_sp2022/submission_125651139/final|knn_model.py,125,25.6,1.6,34.4,1,10,125.0,2,1,1.284,5,CS35,sp2022,2022
/Users/summer-2024/Desktop/code metrics 25/All-Data/CS5-Data/assignments prellm/submissions_cs5_s2022/submission_153624648/final.py,250,10.8,15.2,9.6,17,98,14.705882352941176,22,3,1.276,8,CS5,s2022,2022
"/Users/summer-2024/Desktop/code metrics 25/All-Data/CS35-Data/assignments prellm/submissions_cs35_sp2022/submission_126443433/final|Ashmun, Ford CSCI181Y Final Project.py",281,12.811,6.405693950177936,19.572953736654807,7,25,40.142857142857146,6,3,1.847,7,CS35,sp2022,2022
/Users/summer-2024/Desktop/code metrics 25/All-Data/CS5-Data/assignments prellm/submissions_cs5_s2022/submission_153714893/final.py,472,5.085,23.30508474576271,11.440677966101696,24,255,19.666666666666668,68,4,1.281,6,CS5,s2022,2022
/Users/summer-2024/Desktop/code metrics 25/All-Data/CS35-Data/assignments prellm/submissions_cs35_sp2022/submission_125770196/FlaskAppStarter/app/model.py,74,10.811,9.45945945945946,17.56756756756757,1,20,74.0,1,1,1.297,6,CS35,sp2022,2022
/Users/summer-2024/Desktop/code metrics 25/All-Data/CS5-Data/assignments prellm/submissions_cs5_s2022/submission_153589093/final.py,349,11.461,22.349570200573066,6.017191977077363,18,150,19.38888888888889,23,5,1.303,5,CS5,s2022,2022
/Users/summer-2024/Desktop/code metrics 25/All-Data/CS35-Data/assignments prellm/submissions_cs35_sp2022/submission_125094981/lib/werkzeug/middleware/profiler.py,139,2.158,42.44604316546763,18.705035971223023,4,13,34.75,0,2,1.298,4,CS35,sp2022,2022
/Users/summer-2024/Desktop/code metrics 25/All-Data/CS5-Data/assignments prellm/submissions_cs5_s2022/submission_153689757/final.py,425,5.412,14.117647058823527,10.352941176470589,15,177,28.333333333333332,19,3,1.26,6,CS5,s2022,2022
/Users/summer-2024/Desktop/code metrics 25/All-Data/CS35-Data/assignments prellm/submissions_cs35_sp2022/submission_125235323/flask_movie_rec/routes.py,53,1.887,0.0,9.433962264150944,1,12,53.0,1,1,1.292,5,CS35,sp2022,2022
/Users/summer-2024/Desktop/code metrics 25/All-Data/CS5-Data/assignments prellm/submissions_cs5_s2022/submission_155096085/textmodel.py,289,15.571,17.99307958477509,10.034602076124568,15,72,19.266666666666666,13,2,1.268,7,CS5,s2022,2022
/Users/summer-2024/Desktop/code metrics 25/All-Data/CS35-Data/assignments prellm/submissions_cs35_sp2022/submission_125094981/lib/flask/debughelpers.py,174,0.575,13.218390804597702,17.81609195402299,8,43,21.75,-1,2,1.29,7,CS35,sp2022,2022
/Users/summer-2024/Desktop/code metrics 25/All-Data/CS35-Data/assignments prellm/submissions_cs35_sp2022/submission_125672029/renderer.py,134,1.493,0.0,15.671641791044776,6,23,22.333333333333332,3,3,1.458,6,CS35,sp2022,2022
/Users/summer-2024/Desktop/code metrics 25/All-Data/CS5-Data/assignments prellm/submissions_cs5_s2022/submission_153785965/final.py,312,2.564,51.60256410256411,21.474358974358974,8,40,39.0,-1,4,1.269,5,CS5,s2022,2022
/Users/summer-2024/Desktop/code metrics 25/All-Data/CS35-Data/assignments prellm/submissions_cs35_sp2022/submission_125094981/lib/jinja2/optimizer.py,47,4.255,27.659574468085108,21.27659574468085,3,6,15.666666666666666,0,1,1.272,4,CS35,sp2022,2022
/Users/summer-2024/Desktop/code metrics 25/All-Data/CS35-Data/assignments prellm/submissions_cs35_sp2022/submission_125094981/lib/flask/scaffold.py,869,14.96,41.31185270425777,19.677790563866512,39,62,22.28205128205128,0,6,1.293,5,CS35,sp2022,2022
/Users/summer-2024/Desktop/code metrics 25/All-Data/CS5-Data/assignments prellm/submissions_cs5_s2022/submission_153710854/maze.py,275,1.091,15.636363636363637,16.363636363636363,18,95,15.27777777777778,27,3,1.287,8,CS5,s2022,2022
/Users/summer-2024/Desktop/code metrics 25/All-Data/CS35-Data/assignments prellm/submissions_cs35_s2022/submission_129694692/routes.py,72,18.056,11.11111111111111,25.0,2,13,36.0,-1,1,1.299,3,CS35,s2022,2022
/Users/summer-2024/Desktop/code metrics 25/All-Data/CS35-Data/assignments prellm/submissions_cs35_s2022/submission_129695073/finalProject/Sources/flappy_learning_pygame-master/Ch15/defs.py,103,0.0,0.0,62.13592233009708,0,2,0.0,0,0,1.271,2,CS35,s2022,2022
/Users/summer-2024/Desktop/code metrics 25/All-Data/CS35-Data/assignments prellm/submissions_cs35_sp2022/submission_125770196/FlaskAppStarter/app/__init__.py,14,7.143,0.0,35.714285714285715,0,2,0.0,0,0,1.322,2,CS35,sp2022,2022
/Users/summer-2024/Desktop/code metrics 25/All-Data/CS35-Data/assignments prellm/submissions_cs35_sp2022/submission_125094981/lib/jinja2/loaders.py,661,7.262,28.290468986384266,19.213313161875945,30,96,22.033333333333335,-1,2,1.285,8,CS35,sp2022,2022
/Users/summer-2024/Desktop/code metrics 25/All-Data/CS5-Data/assignments prellm/submissions_cs5_s2022/submission_153697298/final.py,1484,21.631,10.781671159029653,18.39622641509434,14,82,106.0,6,2,1.251,5,CS5,s2022,2022
/Users/summer-2024/Desktop/code metrics 25/All-Data/CS5-Data/assignments prellm/submissions_cs5_s2022/submission_153687182/final.py,305,15.082,75.73770491803279,21.311475409836063,14,96,21.785714285714285,-1,3,2.868,7,CS5,s2022,2022
/Users/summer-2024/Desktop/code metrics 25/All-Data/CS35-Data/assignments prellm/submissions_cs35_sp2022/submission_125802890/yelp-app.py,3,33.333,0.0,33.33333333333333,0,2,0.0,0,0,1.278,1,CS35,sp2022,2022
/Users/summer-2024/Desktop/code metrics 25/All-Data/CS35-Data/assignments prellm/submissions_cs35_sp2022/submission_125094981/lib/flask/config.py,337,1.484,55.48961424332344,20.77151335311573,12,47,28.083333333333332,5,3,1.264,8,CS35,sp2022,2022
/Users/summer-2024/Desktop/code metrics 25/All-Data/CS35-Data/assignments prellm/submissions_cs35_sp2022/submission_125094981/lib/werkzeug/security.py,140,1.429,37.142857142857146,25.71428571428571,5,29,28.0,1,3,1.295,5,CS35,sp2022,2022
/Users/summer-2024/Desktop/code metrics 25/All-Data/CS35-Data/assignments prellm/submissions_cs35_sp2022/submission_126449356/final|nn_angle_velocity_predictor.py,427,44.028,3.747072599531616,27.166276346604217,4,22,106.75,4,1,1.285,5,CS35,sp2022,2022
/Users/summer-2024/Desktop/code metrics 25/All-Data/CS35-Data/assignments prellm/submissions_cs35_sp2022/submission_125672029/table.py,75,18.667,0.0,22.666666666666664,11,8,6.818181818181818,0,1,1.272,4,CS35,sp2022,2022
/Users/summer-2024/Desktop/code metrics 25/All-Data/CS35-Data/assignments prellm/submissions_cs35_sp2022/submission_125646783/Project.py,67,0.0,0.0,11.940298507462686,2,18,33.5,2,1,1.292,5,CS35,sp2022,2022
/Users/summer-2024/Desktop/code metrics 25/All-Data/CS35-Data/assignments prellm/submissions_cs35_sp2022/submission_125094981/lib/flask/__init__.py,45,0.0,0.0,4.444444444444445,0,2,0.0,0,0,1.296,2,CS35,sp2022,2022
/Users/summer-2024/Desktop/code metrics 25/All-Data/CS35-Data/assignments prellm/submissions_cs35_sp2022/submission_126439242/final2.py,20,15.0,0.0,25.0,2,2,10.0,0,1,1.284,2,CS35,sp2022,2022
/Users/summer-2024/Desktop/code metrics 25/All-Data/CS35-Data/assignments prellm/submissions_cs35_sp2022/submission_123130932/__init__.py,8,0.0,0.0,25.0,0,2,0.0,0,0,1.296,2,CS35,sp2022,2022
/Users/summer-2024/Desktop/code metrics 25/All-Data/CS35-Data/assignments prellm/submissions_cs35_s2022/submission_129695073/finalProject/Sources/flappy_learning_pygame-master/Ch4/defs.py,40,0.0,0.0,55.00000000000001,0,2,0.0,0,0,1.259,2,CS35,s2022,2022
/Users/summer-2024/Desktop/code metrics 25/All-Data/CS5-Data/assignments prellm/submissions_cs5_s2022/submission_153795758/idletictactoe.py,257,2.335,14.785992217898832,24.90272373540856,8,117,32.125,16,4,,5,CS5,s2022,2022
/Users/summer-2024/Desktop/code metrics 25/All-Data/CS35-Data/assignments prellm/submissions_cs35_sp2022/submission_125094981/lib/jinja2/filters.py,1840,1.902,39.23913043478261,23.967391304347828,72,185,25.555555555555557,11,5,1.325,8,CS35,sp2022,2022
/Users/summer-2024/Desktop/code metrics 25/All-Data/CS35-Data/assignments prellm/submissions_cs35_sp2022/submission_125802890/app/routes.py,68,20.588,0.0,16.176470588235293,4,12,17.0,-1,2,1.306,2,CS35,sp2022,2022
/Users/summer-2024/Desktop/code metrics 25/All-Data/CS35-Data/assignments prellm/submissions_cs35_sp2022/submission_125094981/lib/click/exceptions.py,287,1.394,24.390243902439025,22.99651567944251,18,48,15.944444444444445,-1,2,1.316,5,CS35,sp2022,2022
/Users/summer-2024/Desktop/code metrics 25/All-Data/CS5-Data/assignments prellm/submissions_cs5_s2022/submission_153263088/finalproject.py,177,6.215,9.6045197740113,12.429378531073446,8,89,22.125,7,1,1.272,6,CS5,s2022,2022
/Users/summer-2024/Desktop/code metrics 25/All-Data/CS35-Data/assignments prellm/submissions_cs35_sp2022/submission_125094981/lib/werkzeug/routing.py,2334,3.428,40.74550128534704,17.480719794344473,84,381,27.785714285714285,-1,4,1.243,8,CS35,sp2022,2022
/Users/summer-2024/Desktop/code metrics 25/All-Data/CS35-Data/assignments prellm/submissions_cs35_sp2022/submission_125651139/final|random_forest_model.py,159,9.434,1.257861635220126,35.22012578616352,1,14,159.0,4,1,1.417,5,CS35,sp2022,2022
/Users/summer-2024/Desktop/code metrics 25/All-Data/CS35-Data/assignments prellm/submissions_cs35_sp2022/submission_126449356/random_agent.py,68,23.529,0.0,29.411764705882355,0,12,0.0,3,0,1.301,5,CS35,sp2022,2022
/Users/summer-2024/Desktop/code metrics 25/All-Data/CS5-Data/assignments prellm/submissions_cs5_s2022/submission_153716072/milestone.py,475,10.526,5.473684210526316,7.578947368421053,12,348,39.583333333333336,100,2,1.285,7,CS5,s2022,2022
/Users/summer-2024/Desktop/code metrics 25/All-Data/CS35-Data/assignments prellm/submissions_cs35_sp2022/submission_125672029/methods.py,144,9.028,0.0,13.88888888888889,13,64,11.076923076923077,12,4,1.292,6,CS35,sp2022,2022
/Users/summer-2024/Desktop/code metrics 25/All-Data/CS5-Data/assignments prellm/submissions_cs5_s2022/submission_153608552/finalproject.py,374,14.973,9.893048128342247,22.994652406417114,9,105,41.55555555555556,17,3,1.287,6,CS5,s2022,2022
/Users/summer-2024/Desktop/code metrics 25/All-Data/CS5-Data/assignments prellm/submissions_cs5_s2022/submission_153695036/Text_ID_final.py,354,12.712,16.94915254237288,15.254237288135592,15,87,23.6,9,3,1.276,7,CS5,s2022,2022
/Users/summer-2024/Desktop/code metrics 25/All-Data/CS35-Data/assignments prellm/submissions_cs35_s2022/submission_129695073/finalProject/Sources/flappy_learning_pygame-master/Ch14/defs.py,100,0.0,0.0,64.0,0,2,0.0,0,0,1.27,2,CS35,s2022,2022
/Users/summer-2024/Desktop/code metrics 25/All-Data/CS35-Data/assignments prellm/submissions_cs35_sp2022/submission_125526066/final|final_project.py,236,11.864,0.0,30.08474576271186,9,14,26.22222222222222,6,2,1.263,6,CS35,sp2022,2022
/Users/summer-2024/Desktop/code metrics 25/All-Data/CS5-Data/assignments prellm/submissions_cs5_s2022/submission_152960059/coolAITest.py,45,11.111,0.0,40.0,2,14,22.5,4,2,1.294,5,CS5,s2022,2022
/Users/summer-2024/Desktop/code metrics 25/All-Data/CS5-Data/assignments prellm/submissions_cs5_s2022/submission_153634789/final.py,495,4.444,8.88888888888889,13.737373737373735,23,148,21.52173913043478,-1,4,1.307,8,CS5,s2022,2022
/Users/summer-2024/Desktop/code metrics 25/All-Data/CS35-Data/assignments prellm/submissions_cs35_sp2022/submission_125094981/lib/flask/sessions.py,421,12.114,33.729216152019006,19.002375296912113,23,34,18.304347826086957,0,3,1.296,5,CS35,sp2022,2022
/Users/summer-2024/Desktop/code metrics 25/All-Data/CS5-Data/assignments prellm/submissions_cs5_s2022/submission_153717985/final.py,451,9.756,29.046563192904657,14.634146341463412,17,92,26.529411764705884,10,4,1.288,7,CS5,s2022,2022
/Users/summer-2024/Desktop/code metrics 25/All-Data/CS5-Data/assignments prellm/submissions_cs5_s2022/submission_153625259/final.py,287,16.376,20.209059233449477,16.02787456445993,16,52,17.9375,12,4,1.287,8,CS5,s2022,2022
/Users/summer-2024/Desktop/code metrics 25/All-Data/CS35-Data/assignments prellm/submissions_cs35_s2022/submission_129695073/finalProject/Sources/flappy_learning_pygame-master/Ch10/defs.py,88,0.0,0.0,70.45454545454545,0,2,0.0,0,0,1.27,2,CS35,s2022,2022
/Users/summer-2024/Desktop/code metrics 25/All-Data/CS35-Data/assignments prellm/submissions_cs35_sp2022/submission_125796191/markov.py,174,23.563,32.18390804597701,28.735632183908045,7,20,24.857142857142858,5,2,1.294,7,CS35,sp2022,2022
/Users/summer-2024/Desktop/code metrics 25/All-Data/CS5-Data/assignments prellm/submissions_cs5_s2022/submission_153704724/final.py,876,4.566,4.794520547945205,10.388127853881278,21,368,41.714285714285715,10,2,1.29,6,CS5,s2022,2022
/Users/summer-2024/Desktop/code metrics 25/All-Data/CS35-Data/assignments prellm/submissions_cs35_sp2022/submission_122932944/final|finalproject_notebook1.py,346,8.382,3.4682080924855487,33.81502890173411,8,10,43.25,2,2,1.279,7,CS35,sp2022,2022
/Users/summer-2024/Desktop/code metrics 25/All-Data/CS35-Data/assignments prellm/submissions_cs35_sp2022/submission_125094981/lib/click/types.py,1073,5.499,24.044734389561977,21.062441752096923,61,146,17.59016393442623,-1,3,1.263,6,CS35,sp2022,2022
/Users/summer-2024/Desktop/code metrics 25/All-Data/CS35-Data/assignments prellm/submissions_cs35_sp2022/submission_125094981/lib/flask/globals.py,59,8.475,28.8135593220339,22.033898305084744,3,10,19.666666666666668,-1,1,1.294,2,CS35,sp2022,2022
/Users/summer-2024/Desktop/code metrics 25/All-Data/CS5-Data/assignments prellm/submissions_cs5_s2022/submission_153179426/uno_final.py,355,6.761,19.718309859154928,10.140845070422536,12,132,29.583333333333332,23,2,1.271,6,CS5,s2022,2022
/Users/summer-2024/Desktop/code metrics 25/All-Data/CS5-Data/assignments prellm/submissions_cs5_s2022/submission_153695036/porter.py,375,4.267,34.93333333333333,10.933333333333334,17,240,22.058823529411764,5,2,1.258,7,CS5,s2022,2022
/Users/summer-2024/Desktop/code metrics 25/All-Data/CS35-Data/assignments prellm/submissions_cs35_sp2022/submission_125671324/final|main.py,68,0.0,0.0,45.588235294117645,2,4,34.0,1,1,1.304,5,CS35,sp2022,2022
/Users/summer-2024/Desktop/code metrics 25/All-Data/CS35-Data/assignments prellm/submissions_cs35_sp2022/submission_125094981/lib/jinja2/nodes.py,1204,1.412,28.90365448504983,26.827242524916944,48,136,25.083333333333332,-1,3,1.317,6,CS35,sp2022,2022
/Users/summer-2024/Desktop/code metrics 25/All-Data/CS35-Data/assignments prellm/submissions_cs35_sp2022/submission_125321132/final|ds_generator.py,365,29.863,6.575342465753424,29.589041095890412,5,26,73.0,0,3,1.246,3,CS35,sp2022,2022
/Users/summer-2024/Desktop/code metrics 25/All-Data/CS35-Data/assignments prellm/submissions_cs35_sp2022/submission_125634857/main.py,90,7.778,21.11111111111111,17.77777777777778,2,22,45.0,-1,1,1.247,4,CS35,sp2022,2022
/Users/summer-2024/Desktop/code metrics 25/All-Data/CS5-Data/assignments prellm/submissions_cs5_s2022/submission_153641268/final.py,489,10.838,39.672801635991824,9.202453987730062,24,108,20.375,25,4,1.308,8,CS5,s2022,2022
/Users/summer-2024/Desktop/code metrics 25/All-Data/CS35-Data/assignments prellm/submissions_cs35_sp2022/submission_125463521/final|hw9_project_progress.py,256,0.781,0.0,42.578125,5,16,51.2,7,1,1.738,8,CS35,sp2022,2022
/Users/summer-2024/Desktop/code metrics 25/All-Data/CS35-Data/assignments prellm/submissions_cs35_sp2022/submission_126441150/final|2019_cleaner.py,136,13.971,0.0,44.11764705882353,0,26,0.0,7,0,1.263,5,CS35,sp2022,2022
/Users/summer-2024/Desktop/code metrics 25/All-Data/CS35-Data/assignments prellm/submissions_cs35_sp2022/submission_126441150/final|2018_cleaner.py,133,15.789,0.0,42.857142857142854,0,24,0.0,5,0,1.261,5,CS35,sp2022,2022
/Users/summer-2024/Desktop/code metrics 25/All-Data/CS35-Data/assignments prellm/submissions_cs35_sp2022/submission_125094981/lib/flask/__main__.py,3,0.0,0.0,33.33333333333333,0,2,0.0,0,0,1.258,1,CS35,sp2022,2022
/Users/summer-2024/Desktop/code metrics 25/All-Data/CS35-Data/assignments prellm/submissions_cs35_sp2022/submission_126549274/parsing_earnings_calls_tsv.py,74,16.216,33.78378378378378,14.864864864864863,2,16,37.0,4,1,1.247,3,CS35,sp2022,2022
/Users/summer-2024/Desktop/code metrics 25/All-Data/CS5-Data/assignments prellm/submissions_cs5_s2022/submission_153714740/final.py,1346,12.11,4.606240713224369,16.493313521545318,17,56,79.17647058823529,1,2,1.309,4,CS5,s2022,2022
/Users/summer-2024/Desktop/code metrics 25/All-Data/CS35-Data/assignments prellm/submissions_cs35_sp2022/submission_125094981/lib/werkzeug/debug/__init__.py,504,10.317,11.904761904761903,15.07936507936508,19,105,26.526315789473685,4,7,1.276,7,CS35,sp2022,2022
/Users/summer-2024/Desktop/code metrics 25/All-Data/CS35-Data/assignments prellm/submissions_cs35_sp2022/submission_125672029/Treys/treys/__init__.py,1,0.0,0.0,0.0,0,2,0.0,0,0,1.295,2,CS35,sp2022,2022
/Users/summer-2024/Desktop/code metrics 25/All-Data/CS35-Data/assignments prellm/submissions_cs35_sp2022/submission_125152436/Treys/card.py,214,8.879,37.38317757009346,19.626168224299064,13,19,16.46153846153846,5,3,1.31,6,CS35,sp2022,2022
/Users/summer-2024/Desktop/code metrics 25/All-Data/CS5-Data/assignments prellm/submissions_cs5_s2022/submission_153754072/final.py,937,11.099,5.549626467449306,22.625400213447172,14,308,66.92857142857143,47,1,1.253,8,CS5,s2022,2022
/Users/summer-2024/Desktop/code metrics 25/All-Data/CS5-Data/assignments prellm/submissions_cs5_s2022/submission_153262463/tictactoe.py,281,4.27,17.08185053380783,20.99644128113879,16,70,17.5625,13,4,1.247,5,CS5,s2022,2022
/Users/summer-2024/Desktop/code metrics 25/All-Data/CS35-Data/assignments prellm/submissions_cs35_sp2022/submission_125094981/lib/werkzeug/_internal.py,548,3.832,16.423357664233578,22.81021897810219,40,104,13.7,-1,3,1.295,7,CS35,sp2022,2022
/Users/summer-2024/Desktop/code metrics 25/All-Data/CS35-Data/assignments prellm/submissions_cs35_sp2022/submission_125094981/lib/jinja2/ext.py,859,6.403,17.927823050058205,17.112922002328286,43,169,19.976744186046513,12,3,1.314,7,CS35,sp2022,2022
/Users/summer-2024/Desktop/code metrics 25/All-Data/CS35-Data/assignments prellm/submissions_cs35_sp2022/submission_125651139/convert.py,31,0.0,0.0,19.35483870967742,6,2,5.166666666666667,0,1,1.287,2,CS35,sp2022,2022
/Users/summer-2024/Desktop/code metrics 25/All-Data/CS35-Data/assignments prellm/submissions_cs35_sp2022/submission_125094981/lib/itsdangerous/url_safe.py,80,0.0,18.75,22.5,2,10,40.0,-1,1,1.289,5,CS35,sp2022,2022
/Users/summer-2024/Desktop/code metrics 25/All-Data/CS35-Data/assignments prellm/submissions_cs35_sp2022/submission_126551059/final|Final-project-bts.py,181,12.707,0.0,38.12154696132597,1,18,181.0,4,1,1.312,5,CS35,sp2022,2022
/Users/summer-2024/Desktop/code metrics 25/All-Data/CS35-Data/assignments prellm/submissions_cs35_sp2022/submission_125094981/main.py,99,8.081,0.0,19.19191919191919,8,16,12.375,-1,2,1.24,3,CS35,sp2022,2022
/Users/summer-2024/Desktop/code metrics 25/All-Data/CS5-Data/assignments prellm/submissions_cs5_s2022/submission_153657899/final.py,309,0.324,7.119741100323624,13.915857605177994,6,71,51.5,4,3,1.29,5,CS5,s2022,2022
/Users/summer-2024/Desktop/code metrics 25/All-Data/CS35-Data/assignments prellm/submissions_cs35_sp2022/submission_125152436/renderer.py,134,1.493,0.0,15.671641791044776,6,23,22.333333333333332,3,3,1.273,6,CS35,sp2022,2022
/Users/summer-2024/Desktop/code metrics 25/All-Data/CS5-Data/assignments prellm/submissions_cs5_s2022/submission_153094348/final.py,511,26.614,6.653620352250488,13.307240704500977,9,104,56.77777777777778,4,2,1.302,4,CS5,s2022,2022
/Users/summer-2024/Desktop/code metrics 25/All-Data/CS5-Data/assignments prellm/submissions_cs5_s2022/submission_152866972/final.py,337,19.288,17.804154302670625,16.320474777448073,16,54,21.0625,-1,3,1.312,7,CS5,s2022,2022
/Users/summer-2024/Desktop/code metrics 25/All-Data/CS35-Data/assignments prellm/submissions_cs35_sp2022/submission_126219749/final|Detector.py,275,13.818,3.272727272727273,30.545454545454547,2,10,137.5,2,1,1.259,4,CS35,sp2022,2022
/Users/summer-2024/Desktop/code metrics 25/All-Data/CS35-Data/assignments prellm/submissions_cs35_sp2022/submission_125094981/lib/werkzeug/wrappers/response.py,877,9.236,40.93500570125427,15.96351197263398,42,129,20.88095238095238,4,6,1.263,6,CS35,sp2022,2022
/Users/summer-2024/Desktop/code metrics 25/All-Data/CS5-Data/assignments prellm/submissions_cs5_s2022/submission_153224005/final.py,369,9.485,12.737127371273711,19.78319783197832,15,83,24.6,16,3,1.27,7,CS5,s2022,2022
/Users/summer-2024/Desktop/code metrics 25/All-Data/CS35-Data/assignments prellm/submissions_cs35_sp2022/submission_125796191/final|project.py,121,13.223,7.43801652892562,30.57851239669421,9,8,13.444444444444445,1,4,1.257,4,CS35,sp2022,2022
/Users/summer-2024/Desktop/code metrics 25/All-Data/CS35-Data/assignments prellm/submissions_cs35_sp2022/submission_125671154/services/essay_service.py,76,5.263,0.0,26.31578947368421,3,10,25.333333333333332,1,2,1.429,5,CS35,sp2022,2022
/Users/summer-2024/Desktop/code metrics 25/All-Data/CS35-Data/assignments prellm/submissions_cs35_s2022/submission_129695073/finalProject/Sources/flappy_learning_pygame-master/Ch13/nnet.py,148,10.811,0.0,58.108108108108105,8,14,18.5,3,2,1.302,5,CS35,s2022,2022
/Users/summer-2024/Desktop/code metrics 25/All-Data/CS35-Data/assignments prellm/submissions_cs35_sp2022/submission_125796191/__init__.py,12,0.0,0.0,33.33333333333333,0,2,0.0,0,0,1.303,2,CS35,sp2022,2022
/Users/summer-2024/Desktop/code metrics 25/All-Data/CS35-Data/assignments prellm/submissions_cs35_s2022/submission_129695073/finalProject/Sources/flappy_learning_pygame-master/Ch14/nnet.py,146,0.0,0.0,58.21917808219178,8,14,18.25,3,2,1.251,5,CS35,s2022,2022
/Users/summer-2024/Desktop/code metrics 25/All-Data/CS35-Data/assignments prellm/submissions_cs35_sp2022/submission_125152436/treysevaluator.py,27,7.407,0.0,18.51851851851852,1,6,27.0,1,1,1.284,4,CS35,sp2022,2022
/Users/summer-2024/Desktop/code metrics 25/All-Data/CS35-Data/assignments prellm/submissions_cs35_s2022/submission_129695073/finalProject/Sources/flappy_learning_pygame-master/Ch15/nnet.py,146,0.0,0.0,58.21917808219178,8,14,18.25,3,2,1.272,5,CS35,s2022,2022
/Users/summer-2024/Desktop/code metrics 25/All-Data/CS35-Data/assignments prellm/submissions_cs35_sp2022/submission_126551059/routes.py,69,21.739,0.0,20.28985507246377,4,12,17.25,-1,2,1.31,3,CS35,sp2022,2022
/Users/summer-2024/Desktop/code metrics 25/All-Data/CS35-Data/assignments prellm/submissions_cs35_sp2022/submission_125796191/project.py,122,25.41,7.377049180327869,21.311475409836063,9,8,13.555555555555555,1,4,1.272,4,CS35,sp2022,2022
/Users/summer-2024/Desktop/code metrics 25/All-Data/CS35-Data/assignments prellm/submissions_cs35_sp2022/submission_125152436/Treys/evaluator.py,181,4.42,31.491712707182316,17.12707182320442,9,47,20.11111111111111,5,2,1.281,6,CS35,sp2022,2022
/Users/summer-2024/Desktop/code metrics 25/All-Data/CS35-Data/assignments prellm/submissions_cs35_sp2022/submission_123802816/final|final_project.py,122,8.197,16.39344262295082,20.49180327868853,6,18,20.333333333333332,3,2,1.303,5,CS35,sp2022,2022
/Users/summer-2024/Desktop/code metrics 25/All-Data/CS5-Data/assignments prellm/submissions_cs5_s2022/submission_153253073/final.py,373,17.158,3.2171581769436997,26.273458445040216,6,55,62.166666666666664,1,2,1.295,4,CS5,s2022,2022
/Users/summer-2024/Desktop/code metrics 25/All-Data/CS35-Data/assignments prellm/submissions_cs35_sp2022/submission_125094981/lib/flask/ctx.py,513,9.162,38.20662768031189,20.2729044834308,30,44,17.1,0,3,1.298,5,CS35,sp2022,2022
/Users/summer-2024/Desktop/code metrics 25/All-Data/CS35-Data/assignments prellm/submissions_cs35_sp2022/submission_125152436/constants.py,12,41.667,0.0,25.0,0,2,0.0,0,0,1.287,2,CS35,sp2022,2022
/Users/summer-2024/Desktop/code metrics 25/All-Data/CS5-Data/assignments prellm/submissions_cs5_s2022/submission_153586223/final.py,309,0.324,7.119741100323624,13.915857605177994,6,71,51.5,4,3,1.293,5,CS5,s2022,2022
/Users/summer-2024/Desktop/code metrics 25/All-Data/CS35-Data/assignments prellm/submissions_cs35_sp2022/submission_125094981/lib/werkzeug/utils.py,703,5.121,36.41536273115221,18.91891891891892,16,114,43.9375,3,2,1.257,6,CS35,sp2022,2022
/Users/summer-2024/Desktop/code metrics 25/All-Data/CS35-Data/assignments prellm/submissions_cs35_sp2022/submission_125152436/table.py,75,18.667,0.0,22.666666666666664,11,8,6.818181818181818,0,1,1.287,4,CS35,sp2022,2022
/Users/summer-2024/Desktop/code metrics 25/All-Data/CS35-Data/assignments prellm/submissions_cs35_sp2022/submission_125436657/final|finalProject.py,363,2.479,1.9283746556473829,19.00826446280992,16,97,22.6875,27,3,1.652,6,CS35,sp2022,2022
/Users/summer-2024/Desktop/code metrics 25/All-Data/CS35-Data/assignments prellm/submissions_cs35_sp2022/submission_126453977/final|resolution.py,396,6.313,17.67676767676768,26.515151515151516,18,84,22.0,19,3,1.287,7,CS35,sp2022,2022
/Users/summer-2024/Desktop/code metrics 25/All-Data/CS35-Data/assignments prellm/submissions_cs35_sp2022/submission_125094981/fileSearch.py,62,16.129,4.838709677419355,22.58064516129032,3,16,20.666666666666668,4,1,1.311,6,CS35,sp2022,2022
/Users/summer-2024/Desktop/code metrics 25/All-Data/CS35-Data/assignments prellm/submissions_cs35_s2022/submission_129680603/final|hw9_project_progress.py,316,12.975,9.49367088607595,35.44303797468354,0,4,0.0,-1,0,1.268,3,CS35,s2022,2022
/Users/summer-2024/Desktop/code metrics 25/All-Data/CS5-Data/assignments prellm/submissions_cs5_s2022/submission_153683828/final.py,269,2.602,2.2304832713754648,10.037174721189592,16,143,16.8125,17,4,1.289,6,CS5,s2022,2022
/Users/summer-2024/Desktop/code metrics 25/All-Data/CS5-Data/assignments prellm/submissions_cs5_s2022/submission_152770459/final.py,473,8.668,15.644820295983086,22.19873150105708,24,120,19.708333333333332,-1,3,1.277,6,CS5,s2022,2022
/Users/summer-2024/Desktop/code metrics 25/All-Data/CS35-Data/assignments prellm/submissions_cs35_sp2022/submission_125281567/final|NFT_GAN-2.py,428,35.047,0.0,16.355140186915886,15,28,28.533333333333335,11,2,1.249,6,CS35,sp2022,2022
/Users/summer-2024/Desktop/code metrics 25/All-Data/CS35-Data/assignments prellm/submissions_cs35_sp2022/submission_125094981/lib/itsdangerous/signer.py,257,7.393,31.906614785992215,21.40077821011673,14,34,18.357142857142858,1,4,1.239,6,CS35,sp2022,2022
/Users/summer-2024/Desktop/code metrics 25/All-Data/CS35-Data/assignments prellm/submissions_cs35_sp2022/submission_125094981/lib/werkzeug/test.py,1324,3.248,29.003021148036257,16.314199395770395,64,214,20.6875,-1,8,1.296,6,CS35,sp2022,2022
/Users/summer-2024/Desktop/code metrics 25/All-Data/CS35-Data/assignments prellm/submissions_cs35_sp2022/submission_125094981/lib/werkzeug/sansio/multipart.py,260,8.462,2.307692307692308,16.923076923076923,7,59,37.142857142857146,2,2,1.283,6,CS35,sp2022,2022
/Users/summer-2024/Desktop/code metrics 25/All-Data/CS35-Data/assignments prellm/submissions_cs35_s2022/submission_129695073/finalProject/Sources/flappy_learning_pygame-master/Ch13/defs.py,100,0.0,0.0,64.0,0,2,0.0,0,0,1.299,2,CS35,s2022,2022
/Users/summer-2024/Desktop/code metrics 25/All-Data/CS35-Data/assignments prellm/submissions_cs35_sp2022/submission_125796191/config.py,8,25.0,0.0,25.0,0,3,0.0,0,0,1.308,2,CS35,sp2022,2022
/Users/summer-2024/Desktop/code metrics 25/All-Data/CS35-Data/assignments prellm/submissions_cs35_sp2022/submission_125094981/lib/jinja2/async_utils.py,84,9.524,0.0,30.952380952380953,5,18,16.8,1,3,1.275,5,CS35,sp2022,2022
/Users/summer-2024/Desktop/code metrics 25/All-Data/CS35-Data/assignments prellm/submissions_cs35_sp2022/submission_125094981/lib/click/__init__.py,73,0.0,9.58904109589041,1.36986301369863,0,2,0.0,0,0,1.286,2,CS35,sp2022,2022
/Users/summer-2024/Desktop/code metrics 25/All-Data/CS35-Data/assignments prellm/submissions_cs35_sp2022/submission_125094981/appengine_config.py,4,25.0,0.0,25.0,0,2,0.0,0,0,1.233,1,CS35,sp2022,2022
/Users/summer-2024/Desktop/code metrics 25/All-Data/CS35-Data/assignments prellm/submissions_cs35_s2022/submission_129695073/finalProject/myOwnSnake/snakeGame.py,487,19.918,1.026694045174538,22.99794661190965,35,88,13.914285714285716,16,4,1.272,8,CS35,s2022,2022
/Users/summer-2024/Desktop/code metrics 25/All-Data/CS35-Data/assignments prellm/submissions_cs35_sp2022/submission_125671154/app.py,19,0.0,0.0,15.789473684210526,1,6,19.0,0,1,1.276,3,CS35,sp2022,2022
/Users/summer-2024/Desktop/code metrics 25/All-Data/CS35-Data/assignments prellm/submissions_cs35_s2022/submission_129695073/finalProject/Sources/python_projects-main/1_snake_game/4_build_snake_draw_apple.py,124,3.226,0.0,25.806451612903224,14,34,8.857142857142858,4,4,1.253,6,CS35,s2022,2022
/Users/summer-2024/Desktop/code metrics 25/All-Data/CS5-Data/assignments prellm/submissions_cs5_s2022/submission_153251016/final.py,957,15.361,24.24242424242424,21.9435736677116,23,206,41.608695652173914,34,5,1.304,6,CS5,s2022,2022
/Users/summer-2024/Desktop/code metrics 25/All-Data/CS35-Data/assignments prellm/submissions_cs35_sp2022/submission_125577715/final|final_deliverable.py,390,14.359,12.051282051282053,29.743589743589745,12,27,32.5,8,2,1.305,7,CS35,sp2022,2022
/Users/summer-2024/Desktop/code metrics 25/All-Data/CS35-Data/assignments prellm/submissions_cs35_s2022/submission_129695073/finalProject/Sources/flappy_learning_pygame-master/Ch5/bird.py,80,25.0,0.0,48.75,7,8,11.428571428571429,0,2,1.247,4,CS35,s2022,2022
/Users/summer-2024/Desktop/code metrics 25/All-Data/CS5-Data/assignments prellm/submissions_cs5_s2022/submission_153715588/final.py,258,3.101,27.131782945736433,8.527131782945736,19,74,13.578947368421051,25,4,1.282,7,CS5,s2022,2022
/Users/summer-2024/Desktop/code metrics 25/All-Data/CS35-Data/assignments prellm/submissions_cs35_sp2022/submission_126449356/3D_simulator.py,200,15.5,3.5000000000000004,16.0,1,52,200.0,-1,1,1.27,3,CS35,sp2022,2022
/Users/summer-2024/Desktop/code metrics 25/All-Data/CS35-Data/assignments prellm/submissions_cs35_sp2022/submission_125094981/lib/colorama/win32.py,152,6.579,2.631578947368421,12.5,9,7,16.88888888888889,0,2,1.249,4,CS35,sp2022,2022
/Users/summer-2024/Desktop/code metrics 25/All-Data/CS35-Data/assignments prellm/submissions_cs35_sp2022/submission_125094981/lib/click/formatting.py,301,0.997,25.581395348837212,17.275747508305646,17,54,17.705882352941178,8,4,1.278,8,CS35,sp2022,2022
/Users/summer-2024/Desktop/code metrics 25/All-Data/CS35-Data/assignments prellm/submissions_cs35_sp2022/submission_125770196/FlaskAppStarter/example-app.py,3,33.333,0.0,33.33333333333333,0,2,0.0,0,0,1.271,1,CS35,sp2022,2022
/Users/summer-2024/Desktop/code metrics 25/All-Data/CS5-Data/assignments prellm/submissions_cs5_s2022/submission_153614510/Text_ID_final.py,354,12.712,16.94915254237288,15.254237288135592,15,87,23.6,9,3,1.234,7,CS5,s2022,2022
/Users/summer-2024/Desktop/code metrics 25/All-Data/CS5-Data/assignments prellm/submissions_cs5_s2022/submission_152246294/final.py,212,0.472,0.0,20.28301886792453,1,74,212.0,9,1,1.279,4,CS5,s2022,2022
/Users/summer-2024/Desktop/code metrics 25/All-Data/CS35-Data/assignments prellm/submissions_cs35_sp2022/submission_125094981/lib/werkzeug/debug/repr.py,284,2.817,11.267605633802818,13.028169014084506,18,85,15.77777777777778,-1,3,1.269,7,CS35,sp2022,2022
/Users/summer-2024/Desktop/code metrics 25/All-Data/CS35-Data/assignments prellm/submissions_cs35_sp2022/submission_125269908/final|hw9_Topic_Modeling_Recommendation_System.py,222,8.108,0.0,32.432432432432435,6,18,37.0,-1,2,1.28,7,CS35,sp2022,2022
/Users/summer-2024/Desktop/code metrics 25/All-Data/CS35-Data/assignments prellm/submissions_cs35_sp2022/submission_125094981/lib/werkzeug/middleware/http_proxy.py,230,0.435,27.39130434782609,19.130434782608695,6,41,38.333333333333336,4,4,1.266,7,CS35,sp2022,2022
/Users/summer-2024/Desktop/code metrics 25/All-Data/CS35-Data/assignments prellm/submissions_cs35_sp2022/submission_125094981/lib/werkzeug/debug/console.py,216,5.093,2.7777777777777777,22.22222222222222,29,24,7.448275862068965,1,3,1.243,7,CS35,sp2022,2022
/Users/summer-2024/Desktop/code metrics 25/All-Data/CS35-Data/assignments prellm/submissions_cs35_sp2022/submission_125094981/lib/jinja2/nativetypes.py,130,6.923,16.923076923076923,22.30769230769231,7,20,18.571428571428573,0,1,1.299,4,CS35,sp2022,2022
/Users/summer-2024/Desktop/code metrics 25/All-Data/CS5-Data/assignments prellm/submissions_cs5_s2022/submission_153694217/final.py,216,0.0,0.0,9.25925925925926,7,118,30.857142857142858,18,2,1.317,4,CS5,s2022,2022
/Users/summer-2024/Desktop/code metrics 25/All-Data/CS5-Data/assignments prellm/submissions_cs5_s2022/submission_153716075/final.py,535,15.14,32.149532710280376,14.57943925233645,29,107,18.448275862068964,17,5,1.292,8,CS5,s2022,2022
/Users/summer-2024/Desktop/code metrics 25/All-Data/CS35-Data/assignments prellm/submissions_cs35_sp2022/submission_125672029/Treys/treys/perf.py,60,3.333,0.0,23.333333333333332,1,10,60.0,4,1,1.272,3,CS35,sp2022,2022
/Users/summer-2024/Desktop/code metrics 25/All-Data/CS35-Data/assignments prellm/submissions_cs35_sp2022/submission_125337866/Final Project/final|hw9_project_progress.py,278,11.151,3.237410071942446,21.58273381294964,7,66,39.714285714285715,-1,2,1.3,6,CS35,sp2022,2022
/Users/summer-2024/Desktop/code metrics 25/All-Data/CS35-Data/assignments prellm/submissions_cs35_sp2022/submission_125604815/final|project.py,130,18.462,0.0,52.307692307692314,1,4,130.0,1,1,1.276,3,CS35,sp2022,2022
/Users/summer-2024/Desktop/code metrics 25/All-Data/CS35-Data/assignments prellm/submissions_cs35_sp2022/submission_125094981/lib/werkzeug/wsgi.py,982,3.36,39.71486761710794,18.43177189409369,48,184,20.458333333333332,14,3,1.275,8,CS35,sp2022,2022
/Users/summer-2024/Desktop/code metrics 25/All-Data/CS35-Data/assignments prellm/submissions_cs35_sp2022/submission_125094981/lib/werkzeug/middleware/shared_data.py,280,1.429,27.142857142857142,21.071428571428573,10,48,28.0,2,3,1.287,5,CS35,sp2022,2022
/Users/summer-2024/Desktop/code metrics 25/All-Data/CS35-Data/assignments prellm/submissions_cs35_s2022/submission_129695073/finalProject/Sources/flappy_learning_pygame-master/Ch6/defs.py,88,0.0,0.0,71.5909090909091,0,2,0.0,0,0,1.271,2,CS35,s2022,2022
/Users/summer-2024/Desktop/code metrics 25/All-Data/CS35-Data/assignments prellm/submissions_cs35_sp2022/submission_125656902/final|AIMS.py,240,14.583,2.083333333333333,22.916666666666664,7,64,34.285714285714285,8,3,1.302,6,CS35,sp2022,2022
/Users/summer-2024/Desktop/code metrics 25/All-Data/CS35-Data/assignments prellm/submissions_cs35_sp2022/submission_125094981/lib/jinja2/idtracking.py,318,2.516,5.660377358490567,22.32704402515723,40,96,7.95,-1,4,1.269,7,CS35,sp2022,2022
/Users/summer-2024/Desktop/code metrics 25/All-Data/CS35-Data/assignments prellm/submissions_cs35_sp2022/submission_125152436/Treys/treys/go.py,54,18.519,0.0,24.074074074074073,0,2,0.0,0,0,1.276,3,CS35,sp2022,2022
/Users/summer-2024/Desktop/code metrics 25/All-Data/CS35-Data/assignments prellm/submissions_cs35_sp2022/submission_125094981/lib/itsdangerous/__init__.py,19,0.0,0.0,5.263157894736842,0,2,0.0,0,0,1.253,2,CS35,sp2022,2022
/Users/summer-2024/Desktop/code metrics 25/All-Data/CS35-Data/assignments prellm/submissions_cs35_sp2022/submission_124267108/final|hw9_web_scraper.py,92,13.043,0.0,25.0,2,8,46.0,2,2,1.264,5,CS35,sp2022,2022
/Users/summer-2024/Desktop/code metrics 25/All-Data/CS35-Data/assignments prellm/submissions_cs35_s2022/submission_129681120/final|initial.py,268,34.328,14.925373134328357,26.119402985074625,2,14,134.0,4,1,1.287,5,CS35,s2022,2022
/Users/summer-2024/Desktop/code metrics 25/All-Data/CS35-Data/assignments prellm/submissions_cs35_sp2022/submission_125094981/lib/jinja2/environment.py,1657,3.983,34.33916716958358,16.354858177429087,68,181,24.36764705882353,11,6,1.296,7,CS35,sp2022,2022
/Users/summer-2024/Desktop/code metrics 25/All-Data/CS5-Data/assignments prellm/submissions_cs5_s2022/submission_153644276/final.py,219,19.178,3.65296803652968,21.461187214611872,4,61,54.75,1,1,1.297,3,CS5,s2022,2022
/Users/summer-2024/Desktop/code metrics 25/All-Data/CS35-Data/assignments prellm/submissions_cs35_sp2022/submission_125802890/config.py,8,25.0,0.0,25.0,0,3,0.0,0,0,1.324,2,CS35,sp2022,2022
/Users/summer-2024/Desktop/code metrics 25/All-Data/CS35-Data/assignments prellm/submissions_cs35_sp2022/submission_125152436/interface.py,230,6.087,0.0,10.434782608695652,13,46,17.692307692307693,-1,4,1.257,7,CS35,sp2022,2022
/Users/summer-2024/Desktop/code metrics 25/All-Data/CS35-Data/assignments prellm/submissions_cs35_sp2022/submission_125094981/lib/jinja2/tests.py,255,0.784,46.666666666666664,27.450980392156865,23,6,11.08695652173913,0,1,1.284,2,CS35,sp2022,2022
/Users/summer-2024/Desktop/code metrics 25/All-Data/CS5-Data/assignments prellm/submissions_cs5_s2022/submission_153775708/final.py,426,8.685,16.666666666666664,15.96244131455399,20,240,21.3,40,5,1.286,6,CS5,s2022,2022
/Users/summer-2024/Desktop/code metrics 25/All-Data/CS35-Data/assignments prellm/submissions_cs35_sp2022/submission_125094981/lib/werkzeug/sansio/request.py,547,9.872,40.40219378427788,13.711151736745888,32,14,17.09375,-1,3,1.262,5,CS35,sp2022,2022
/Users/summer-2024/Desktop/code metrics 25/All-Data/CS35-Data/assignments prellm/submissions_cs35_sp2022/submission_125094981/lib/werkzeug/middleware/lint.py,420,0.714,9.761904761904765,18.571428571428573,25,104,16.8,-1,3,1.259,7,CS35,sp2022,2022
/Users/summer-2024/Desktop/code metrics 25/All-Data/CS35-Data/assignments prellm/submissions_cs35_sp2022/submission_125152436/notepad.py,5,0.0,0.0,20.0,0,2,0.0,0,0,1.288,3,CS35,sp2022,2022
/Users/summer-2024/Desktop/code metrics 25/All-Data/CS5-Data/assignments prellm/submissions_cs5_s2022/submission_151611735/final.py,243,11.111,6.172839506172839,12.34567901234568,18,103,13.5,24,4,1.296,8,CS5,s2022,2022
/Users/summer-2024/Desktop/code metrics 25/All-Data/CS5-Data/assignments prellm/submissions_cs5_s2022/submission_153800634/final.py,284,8.451,13.732394366197184,15.845070422535212,18,102,15.77777777777778,25,5,1.268,8,CS5,s2022,2022
/Users/summer-2024/Desktop/code metrics 25/All-Data/CS35-Data/assignments prellm/submissions_cs35_sp2022/submission_126551059/pythonfunctions.py,101,13.861,0.0,29.7029702970297,1,6,101.0,0,1,1.281,2,CS35,sp2022,2022
/Users/summer-2024/Desktop/code metrics 25/All-Data/CS35-Data/assignments prellm/submissions_cs35_sp2022/submission_125794568/final|Final Project.py,222,18.919,0.0,28.37837837837838,3,48,74.0,7,2,1.266,6,CS35,sp2022,2022
/Users/summer-2024/Desktop/code metrics 25/All-Data/CS35-Data/assignments prellm/submissions_cs35_sp2022/submission_125463521/project.py,178,13.483,6.179775280898876,33.146067415730336,6,12,29.666666666666668,4,2,1.764,8,CS35,sp2022,2022
/Users/summer-2024/Desktop/code metrics 25/All-Data/CS35-Data/assignments prellm/submissions_cs35_sp2022/submission_125094981/lib/werkzeug/serving.py,1075,6.047,19.72093023255814,18.32558139534884,39,183,27.56410256410257,-1,5,1.318,7,CS35,sp2022,2022
/Users/summer-2024/Desktop/code metrics 25/All-Data/CS5-Data/assignments prellm/submissions_cs5_s2022/submission_153657624/csfinalproject.py,424,11.321,28.30188679245283,20.5188679245283,15,56,28.266666666666666,12,2,1.307,7,CS5,s2022,2022
/Users/summer-2024/Desktop/code metrics 25/All-Data/CS35-Data/assignments prellm/submissions_cs35_sp2022/submission_125094981/lib/flask/signals.py,56,8.929,10.714285714285714,21.428571428571427,4,2,14.0,0,1,1.276,3,CS35,sp2022,2022
/Users/summer-2024/Desktop/code metrics 25/All-Data/CS35-Data/assignments prellm/submissions_cs35_sp2022/submission_125672029/test.py,102,49.02,0.0,42.15686274509804,0,2,0.0,-1,0,1.261,2,CS35,sp2022,2022
/Users/summer-2024/Desktop/code metrics 25/All-Data/CS5-Data/assignments prellm/submissions_cs5_s2022/submission_153776881/final.py,273,5.128,14.652014652014651,10.256410256410255,17,81,16.058823529411764,23,5,1.239,8,CS5,s2022,2022
/Users/summer-2024/Desktop/code metrics 25/All-Data/CS5-Data/assignments prellm/submissions_cs5_s2022/submission_153683277/TextModel_Project.py,368,26.902,20.10869565217391,12.5,16,78,23.0,13,2,1.298,8,CS5,s2022,2022
/Users/summer-2024/Desktop/code metrics 25/All-Data/CS5-Data/assignments prellm/submissions_cs5_s2022/submission_153799329/porter.py,375,4.267,34.93333333333333,10.933333333333334,17,240,22.058823529411764,5,2,1.248,7,CS5,s2022,2022
/Users/summer-2024/Desktop/code metrics 25/All-Data/CS5-Data/assignments prellm/submissions_cs5_s2022/submission_153356858/final.py,498,27.309,17.269076305220885,14.056224899598394,20,102,24.9,34,4,1.31,7,CS5,s2022,2022
/Users/summer-2024/Desktop/code metrics 25/All-Data/CS35-Data/assignments prellm/submissions_cs35_sp2022/submission_124812305/app.py,26,0.0,0.0,23.076923076923077,5,2,5.2,0,1,1.291,3,CS35,sp2022,2022
/Users/summer-2024/Desktop/code metrics 25/All-Data/CS35-Data/assignments prellm/submissions_cs35_sp2022/submission_123130932/script.py,57,8.772,0.0,7.017543859649122,3,24,19.0,0,2,1.293,4,CS35,sp2022,2022
/Users/summer-2024/Desktop/code metrics 25/All-Data/CS35-Data/assignments prellm/submissions_cs35_sp2022/submission_125235323/flask_movie_rec/netflix.py,132,13.636,0.0,26.515151515151516,8,14,16.5,5,1,1.285,5,CS35,sp2022,2022
/Users/summer-2024/Desktop/code metrics 25/All-Data/CS35-Data/assignments prellm/submissions_cs35_sp2022/submission_125094981/fileSort.py,127,17.323,7.086614173228346,27.559055118110237,4,28,31.75,8,1,1.269,6,CS35,sp2022,2022
/Users/summer-2024/Desktop/code metrics 25/All-Data/CS35-Data/assignments prellm/submissions_cs35_sp2022/submission_126449356/tuning.py,113,15.929,0.0,11.50442477876106,0,12,0.0,0,0,1.275,2,CS35,sp2022,2022
/Users/summer-2024/Desktop/code metrics 25/All-Data/CS5-Data/assignments prellm/submissions_cs5_s2022/submission_153846047/wzambrano_FinalCrossRoad.py,522,43.87,6.704980842911877,21.0727969348659,7,140,74.57142857142857,1,2,1.254,4,CS5,s2022,2022
/Users/summer-2024/Desktop/code metrics 25/All-Data/CS5-Data/assignments prellm/submissions_cs5_s2022/submission_153652377/final.py,338,31.065,9.467455621301776,23.964497041420117,7,48,48.285714285714285,-1,2,1.287,5,CS5,s2022,2022
/Users/summer-2024/Desktop/code metrics 25/All-Data/CS35-Data/assignments prellm/submissions_cs35_sp2022/submission_125626820/final|hw9_progress-1.py,793,21.311,1.261034047919294,27.490542244640604,19,127,41.73684210526316,29,2,1.349,6,CS35,sp2022,2022
/Users/summer-2024/Desktop/code metrics 25/All-Data/CS5-Data/assignments prellm/submissions_cs5_s2022/submission_152893649/final.py,642,2.181,12.461059190031152,27.8816199376947,17,73,37.76470588235294,-1,2,1.304,6,CS5,s2022,2022
/Users/summer-2024/Desktop/code metrics 25/All-Data/CS5-Data/assignments prellm/submissions_cs5_s2022/submission_153700238/final.py,206,10.68,11.650485436893204,6.796116504854369,10,98,20.6,18,3,1.288,7,CS5,s2022,2022
/Users/summer-2024/Desktop/code metrics 25/All-Data/CS5-Data/assignments prellm/submissions_cs5_s2022/submission_153587933/final.py,309,0.324,7.119741100323624,13.915857605177994,6,71,51.5,4,3,1.294,5,CS5,s2022,2022
/Users/summer-2024/Desktop/code metrics 25/All-Data/CS5-Data/assignments prellm/submissions_cs5_s2022/submission_153673797/final.py,325,31.077,13.846153846153848,19.384615384615383,9,54,36.111111111111114,7,1,1.282,5,CS5,s2022,2022
/Users/summer-2024/Desktop/code metrics 25/All-Data/CS35-Data/assignments prellm/submissions_cs35_sp2022/submission_125094981/lib/jinja2/_identifier.py,6,33.333,0.0,16.666666666666664,0,2,0.0,0,0,1.299,2,CS35,sp2022,2022
/Users/summer-2024/Desktop/code metrics 25/All-Data/CS35-Data/assignments prellm/submissions_cs35_s2022/submission_129695073/finalProject/Sources/flappy_learning_pygame-master/Ch7/defs.py,88,0.0,0.0,70.45454545454545,0,2,0.0,0,0,1.283,2,CS35,s2022,2022
/Users/summer-2024/Desktop/code metrics 25/All-Data/CS35-Data/assignments prellm/submissions_cs35_sp2022/submission_124682242/Project Final Deliverables/final|final_project_source.py,811,17.139,11.097410604192357,17.50924784217016,14,95,57.92857142857143,28,4,1.261,7,CS35,sp2022,2022
/Users/summer-2024/Desktop/code metrics 25/All-Data/CS35-Data/assignments prellm/submissions_cs35_sp2022/submission_125672029/notepad.py,5,0.0,0.0,20.0,0,2,0.0,0,0,1.239,3,CS35,sp2022,2022
/Users/summer-2024/Desktop/code metrics 25/All-Data/CS35-Data/assignments prellm/submissions_cs35_s2022/submission_129695073/finalProject/Sources/python_projects-main/1_snake_game/3_moving_block_and_timer.py,86,1.163,0.0,29.069767441860467,9,30,9.555555555555555,2,2,1.312,6,CS35,s2022,2022
/Users/summer-2024/Desktop/code metrics 25/All-Data/CS35-Data/assignments prellm/submissions_cs35_sp2022/submission_125094981/lib/flask/blueprints.py,597,3.518,34.33835845896148,17.42043551088777,33,69,18.09090909090909,5,5,1.263,6,CS35,sp2022,2022
/Users/summer-2024/Desktop/code metrics 25/All-Data/CS35-Data/assignments prellm/submissions_cs35_sp2022/submission_125094981/lib/click/_textwrap.py,49,0.0,0.0,20.40816326530612,3,10,16.333333333333332,1,1,1.299,6,CS35,sp2022,2022
/Users/summer-2024/Desktop/code metrics 25/All-Data/CS35-Data/assignments prellm/submissions_cs35_sp2022/submission_126449356/custom_environment.py,368,14.402,22.282608695652172,25.815217391304344,9,50,40.888888888888886,2,2,1.277,7,CS35,sp2022,2022
/Users/summer-2024/Desktop/code metrics 25/All-Data/CS5-Data/assignments prellm/submissions_cs5_s2022/submission_153709588/final.py,468,35.47,19.444444444444446,14.529914529914532,17,89,27.529411764705884,24,5,1.236,6,CS5,s2022,2022
/Users/summer-2024/Desktop/code metrics 25/All-Data/CS35-Data/assignments prellm/submissions_cs35_sp2022/submission_125094981/lib/click/globals.py,68,0.0,35.294117647058826,30.88235294117647,6,10,11.333333333333334,0,2,1.237,2,CS35,sp2022,2022
/Users/summer-2024/Desktop/code metrics 25/All-Data/CS35-Data/assignments prellm/submissions_cs35_sp2022/submission_125094981/lib/werkzeug/debug/tbtools.py,418,2.153,25.11961722488038,16.267942583732058,16,67,26.125,-1,4,1.296,8,CS35,sp2022,2022
/Users/summer-2024/Desktop/code metrics 25/All-Data/CS5-Data/assignments prellm/submissions_cs5_s2022/submission_153798575/final.py,283,2.473,8.480565371024735,25.08833922261484,15,90,18.866666666666667,14,3,1.3,6,CS5,s2022,2022
/Users/summer-2024/Desktop/code metrics 25/All-Data/CS5-Data/assignments prellm/submissions_cs5_s2022/submission_153755006/tictactoe.py,244,0.82,0.0,20.081967213114755,16,80,15.25,7,3,1.299,7,CS5,s2022,2022
/Users/summer-2024/Desktop/code metrics 25/All-Data/CS35-Data/assignments prellm/submissions_cs35_sp2022/submission_126551059/example-app.py,3,33.333,0.0,33.33333333333333,0,2,0.0,0,0,1.288,1,CS35,sp2022,2022
/Users/summer-2024/Desktop/code metrics 25/All-Data/CS35-Data/assignments prellm/submissions_cs35_s2022/submission_129695073/finalProject/Sources/flappy_learning_pygame-master/Ch3/defs.py,15,0.0,0.0,20.0,0,2,0.0,0,0,1.304,2,CS35,s2022,2022
/Users/summer-2024/Desktop/code metrics 25/All-Data/CS35-Data/assignments prellm/submissions_cs35_sp2022/submission_125094981/lib/markupsafe/_native.py,63,3.175,55.55555555555556,22.22222222222222,3,8,21.0,-1,1,1.254,3,CS35,sp2022,2022
/Users/summer-2024/Desktop/code metrics 25/All-Data/CS35-Data/assignments prellm/submissions_cs35_sp2022/submission_126441322/final|final_project.py,106,19.811,4.716981132075472,31.132075471698112,3,9,35.333333333333336,2,3,1.274,4,CS35,sp2022,2022
/Users/summer-2024/Desktop/code metrics 25/All-Data/CS35-Data/assignments prellm/submissions_cs35_sp2022/submission_125602551/final|final_project.py,119,5.042,15.966386554621849,21.84873949579832,6,23,19.833333333333332,4,1,1.357,7,CS35,sp2022,2022
/Users/summer-2024/Desktop/code metrics 25/All-Data/CS35-Data/assignments prellm/submissions_cs35_sp2022/submission_125152436/test.py,102,49.02,0.0,42.15686274509804,0,2,0.0,-1,0,1.314,2,CS35,sp2022,2022
/Users/summer-2024/Desktop/code metrics 25/All-Data/CS35-Data/assignments prellm/submissions_cs35_sp2022/submission_125672029/treysevaluator.py,27,7.407,0.0,18.51851851851852,1,6,27.0,1,1,1.258,4,CS35,sp2022,2022
/Users/summer-2024/Desktop/code metrics 25/All-Data/CS35-Data/assignments prellm/submissions_cs35_sp2022/submission_125094981/lib/itsdangerous/_json.py,16,0.0,12.5,25.0,2,2,8.0,0,1,1.287,3,CS35,sp2022,2022
/Users/summer-2024/Desktop/code metrics 25/All-Data/CS35-Data/assignments prellm/submissions_cs35_sp2022/submission_123130932/example_app.py,1,0.0,0.0,0.0,0,2,0.0,0,0,1.306,1,CS35,sp2022,2022
/Users/summer-2024/Desktop/code metrics 25/All-Data/CS35-Data/assignments prellm/submissions_cs35_sp2022/submission_125094981/lib/click/shell_completion.py,580,3.103,42.58620689655173,21.379310344827587,26,67,22.307692307692307,-1,4,1.338,7,CS35,sp2022,2022
/Users/summer-2024/Desktop/code metrics 25/All-Data/CS35-Data/assignments prellm/submissions_cs35_sp2022/submission_125672029/constants.py,12,41.667,0.0,25.0,0,2,0.0,0,0,1.243,2,CS35,sp2022,2022
/Users/summer-2024/Desktop/code metrics 25/All-Data/CS5-Data/assignments prellm/submissions_cs5_s2022/submission_153714938/final.py,258,3.101,27.131782945736433,8.527131782945736,19,74,13.578947368421051,25,4,1.272,7,CS5,s2022,2022
/Users/summer-2024/Desktop/code metrics 25/All-Data/CS35-Data/assignments prellm/submissions_cs35_sp2022/submission_125672029/deck.py,43,4.651,0.0,18.6046511627907,6,4,7.166666666666667,0,2,1.28,4,CS35,sp2022,2022
/Users/summer-2024/Desktop/code metrics 25/All-Data/CS35-Data/assignments prellm/submissions_cs35_s2022/submission_129695073/finalProject/Sources/python_projects-main/1_snake_game/exercise_solution.py,203,3.448,0.0,22.660098522167488,21,61,9.666666666666666,6,3,1.308,7,CS35,s2022,2022
/Users/summer-2024/Desktop/code metrics 25/All-Data/CS35-Data/assignments prellm/submissions_cs35_sp2022/submission_124267108/final|hw9_trainer_generator.py,292,11.301,3.4246575342465753,32.534246575342465,10,16,29.2,4,3,2.081,7,CS35,sp2022,2022
/Users/summer-2024/Desktop/code metrics 25/All-Data/CS35-Data/assignments prellm/submissions_cs35_sp2022/submission_125094981/lib/itsdangerous/timed.py,234,8.974,19.65811965811966,16.666666666666664,10,27,23.4,1,2,1.279,6,CS35,sp2022,2022
/Users/summer-2024/Desktop/code metrics 25/All-Data/CS35-Data/assignments prellm/submissions_cs35_sp2022/submission_125770196/FlaskAppStarter/config.py,8,25.0,0.0,25.0,0,3,0.0,0,0,1.281,2,CS35,sp2022,2022
/Users/summer-2024/Desktop/code metrics 25/All-Data/CS5-Data/assignments prellm/submissions_cs5_s2022/submission_153700419/porter.py,375,4.267,34.93333333333333,10.933333333333334,17,240,22.058823529411764,5,2,1.249,7,CS5,s2022,2022
/Users/summer-2024/Desktop/code metrics 25/All-Data/CS35-Data/assignments prellm/submissions_cs35_sp2022/submission_125671950/final|CS181YFinal.py,453,12.583,4.856512141280353,26.93156732891832,0,34,0.0,-1,0,1.292,6,CS35,sp2022,2022
/Users/summer-2024/Desktop/code metrics 25/All-Data/CS35-Data/assignments prellm/submissions_cs35_sp2022/submission_122877940/final|hw9_project_progress.py,7,71.429,0.0,28.57142857142857,0,2,0.0,0,0,1.237,1,CS35,sp2022,2022
/Users/summer-2024/Desktop/code metrics 25/All-Data/CS35-Data/assignments prellm/submissions_cs35_sp2022/submission_125796191/routes.py,40,2.5,0.0,42.5,1,6,40.0,0,1,1.278,3,CS35,sp2022,2022
/Users/summer-2024/Desktop/code metrics 25/All-Data/CS35-Data/assignments prellm/submissions_cs35_sp2022/submission_125094981/lib/colorama/initialise.py,80,2.5,0.0,27.500000000000004,6,25,13.333333333333334,0,3,1.272,3,CS35,sp2022,2022
/Users/summer-2024/Desktop/code metrics 25/All-Data/CS5-Data/assignments prellm/submissions_cs5_s2022/submission_151423165/final.py,178,0.0,0.0,28.08988764044944,0,62,0.0,4,0,1.295,4,CS5,s2022,2022
/Users/summer-2024/Desktop/code metrics 25/All-Data/CS35-Data/assignments prellm/submissions_cs35_sp2022/submission_125672029/interface.py,230,6.087,0.0,10.434782608695652,13,46,17.692307692307693,-1,4,1.309,7,CS35,sp2022,2022
/Users/summer-2024/Desktop/code metrics 25/All-Data/CS35-Data/assignments prellm/submissions_cs35_sp2022/submission_125094981/lib/colorama/ansi.py,102,5.882,4.901960784313726,18.62745098039216,10,6,10.2,1,2,1.278,4,CS35,sp2022,2022
/Users/summer-2024/Desktop/code metrics 25/All-Data/CS35-Data/assignments prellm/submissions_cs35_s2022/submission_129731625/final|final.py,329,6.687,7.90273556231003,24.924012158054712,7,32,47.0,11,3,1.295,7,CS35,s2022,2022
/Users/summer-2024/Desktop/code metrics 25/All-Data/CS5-Data/assignments prellm/submissions_cs5_s2022/submission_153065437/final.py,373,1.877,8.579088471849866,27.34584450402145,10,139,37.3,23,2,1.256,6,CS5,s2022,2022
/Users/summer-2024/Desktop/code metrics 25/All-Data/CS35-Data/assignments prellm/submissions_cs35_sp2022/submission_125152436/Treys/treys/__init__.py,1,0.0,0.0,0.0,0,2,0.0,0,0,1.317,2,CS35,sp2022,2022
/Users/summer-2024/Desktop/code metrics 25/All-Data/CS35-Data/assignments prellm/submissions_cs35_sp2022/submission_125782071/server.py,129,21.705,3.10077519379845,18.6046511627907,3,32,43.0,5,1,1.264,7,CS35,sp2022,2022
/Users/summer-2024/Desktop/code metrics 25/All-Data/CS5-Data/assignments prellm/submissions_cs5_s2022/submission_153679493/hangman_finalversion_park.py,198,1.01,6.565656565656567,14.14141414141414,5,81,39.6,10,3,1.266,6,CS5,s2022,2022
/Users/summer-2024/Desktop/code metrics 25/All-Data/CS35-Data/assignments prellm/submissions_cs35_s2022/submission_129695073/finalProject/Sources/python_projects-main/1_snake_game/2_using_object_oriented_programming.py,70,1.429,0.0,27.142857142857142,8,22,8.75,2,2,1.303,6,CS35,s2022,2022
/Users/summer-2024/Desktop/code metrics 25/All-Data/CS5-Data/assignments prellm/submissions_cs5_s2022/submission_153395315/final.py,324,12.963,21.91358024691358,16.666666666666664,16,48,20.25,-1,3,1.313,7,CS5,s2022,2022
/Users/summer-2024/Desktop/code metrics 25/All-Data/CS35-Data/assignments prellm/submissions_cs35_sp2022/submission_125094981/lib/jinja2/defaults.py,48,14.583,0.0,12.5,0,4,0.0,-1,0,1.318,2,CS35,sp2022,2022
/Users/summer-2024/Desktop/code metrics 25/All-Data/CS35-Data/assignments prellm/submissions_cs35_sp2022/submission_125094981/lib/jinja2/parser.py,1032,3.488,7.267441860465117,10.174418604651162,57,307,18.105263157894736,-1,11,1.304,8,CS35,sp2022,2022
/Users/summer-2024/Desktop/code metrics 25/All-Data/CS5-Data/assignments prellm/submissions_cs5_s2022/submission_153253073/Grutor_Mode.py,243,25.926,4.938271604938271,24.279835390946506,5,51,48.6,1,2,1.316,4,CS5,s2022,2022
/Users/summer-2024/Desktop/code metrics 25/All-Data/CS35-Data/assignments prellm/submissions_cs35_s2022/submission_129695073/finalProject/Sources/flappy_learning_pygame-master/Ch2/defs.py,7,0.0,0.0,14.285714285714285,0,2,0.0,0,0,1.289,2,CS35,s2022,2022
/Users/summer-2024/Desktop/code metrics 25/All-Data/CS35-Data/assignments prellm/submissions_cs35_sp2022/submission_123813320/final|BERTfandomclassifier.py,746,12.735,0.8042895442359249,37.39946380697051,6,56,124.33333333333331,8,2,1.235,6,CS35,sp2022,2022
/Users/summer-2024/Desktop/code metrics 25/All-Data/CS35-Data/assignments prellm/submissions_cs35_s2022/submission_129647087/final|hw9_project_progress (1).py,660,17.424,0.0,22.575757575757574,0,122,0.0,30,0,1.274,5,CS35,s2022,2022
/Users/summer-2024/Desktop/code metrics 25/All-Data/CS5-Data/assignments prellm/submissions_cs5_s2022/submission_153717828/final.py,316,20.57,8.544303797468354,13.924050632911392,11,81,28.727272727272727,8,3,1.349,5,CS5,s2022,2022
/Users/summer-2024/Desktop/code metrics 25/All-Data/CS5-Data/assignments prellm/submissions_cs5_s2022/submission_153709400/final_project.py,328,1.524,18.597560975609756,14.329268292682926,13,91,25.23076923076923,-1,2,1.312,6,CS5,s2022,2022
/Users/summer-2024/Desktop/code metrics 25/All-Data/CS35-Data/assignments prellm/submissions_cs35_sp2022/submission_125802890/app/__init__.py,14,7.143,0.0,35.714285714285715,0,2,0.0,0,0,1.32,2,CS35,sp2022,2022
/Users/summer-2024/Desktop/code metrics 25/All-Data/CS5-Data/assignments prellm/submissions_cs5_s2022/submission_153810771/Final.py,460,22.391,7.82608695652174,16.73913043478261,16,88,28.75,7,3,1.284,4,CS5,s2022,2022
/Users/summer-2024/Desktop/code metrics 25/All-Data/CS35-Data/assignments prellm/submissions_cs35_sp2022/submission_125152436/Treys/deck.py,43,4.651,13.953488372093023,23.25581395348837,5,12,8.6,3,2,1.263,6,CS35,sp2022,2022
/Users/summer-2024/Desktop/code metrics 25/All-Data/CS5-Data/assignments prellm/submissions_cs5_s2022/submission_153628538/final.py,453,6.402,24.944812362030905,8.167770419426049,19,182,23.842105263157897,22,1,1.25,7,CS5,s2022,2022
/Users/summer-2024/Desktop/code metrics 25/All-Data/CS5-Data/assignments prellm/submissions_cs5_s2022/submission_153614510/porter.py,375,4.267,34.93333333333333,10.933333333333334,17,240,22.058823529411764,5,2,1.285,7,CS5,s2022,2022
/Users/summer-2024/Desktop/code metrics 25/All-Data/CS35-Data/assignments prellm/submissions_cs35_sp2022/submission_122756022/final|hw9_project.py,143,16.084,2.797202797202797,32.86713286713287,2,24,71.5,4,1,1.264,4,CS35,sp2022,2022
/Users/summer-2024/Desktop/code metrics 25/All-Data/CS35-Data/assignments prellm/submissions_cs35_sp2022/submission_123130932/final|final_project.py,667,39.73,2.6986506746626686,27.58620689655172,15,30,44.46666666666667,9,2,1.281,7,CS35,sp2022,2022
/Users/summer-2024/Desktop/code metrics 25/All-Data/CS5-Data/assignments prellm/submissions_cs5_s2022/submission_154526012/final.py,507,3.945,11.045364891518735,25.2465483234714,13,112,39.0,16,2,1.301,7,CS5,s2022,2022
/Users/summer-2024/Desktop/code metrics 25/All-Data/CS35-Data/assignments prellm/submissions_cs35_sp2022/submission_125672029/player.py,59,8.475,0.0,25.42372881355932,11,4,5.363636363636363,1,1,1.277,5,CS35,sp2022,2022
/Users/summer-2024/Desktop/code metrics 25/All-Data/CS35-Data/assignments prellm/submissions_cs35_sp2022/submission_125094981/lib/jinja2/meta.py,111,10.811,39.63963963963964,18.91891891891892,5,30,22.2,-1,1,1.301,5,CS35,sp2022,2022
/Users/summer-2024/Desktop/code metrics 25/All-Data/CS35-Data/assignments prellm/submissions_cs35_sp2022/submission_125152436/Treys/treys/setup.py,25,0.0,16.0,8.0,0,2,0.0,0,0,1.231,2,CS35,sp2022,2022
/Users/summer-2024/Desktop/code metrics 25/All-Data/CS35-Data/assignments prellm/submissions_cs35_sp2022/submission_125094981/lib/flask/templating.py,166,0.602,20.481927710843372,19.27710843373494,11,34,15.090909090909092,5,2,1.309,6,CS35,sp2022,2022
/Users/summer-2024/Desktop/code metrics 25/All-Data/CS35-Data/assignments prellm/submissions_cs35_sp2022/submission_125672029/Treys/treys/go.py,54,18.519,0.0,24.074074074074073,0,2,0.0,0,0,1.296,3,CS35,sp2022,2022
/Users/summer-2024/Desktop/code metrics 25/All-Data/CS35-Data/assignments prellm/submissions_cs35_sp2022/submission_125094981/lib/itsdangerous/encoding.py,54,1.852,14.814814814814811,31.48148148148148,5,4,10.8,0,2,1.292,4,CS35,sp2022,2022
/Users/summer-2024/Desktop/code metrics 25/All-Data/CS35-Data/assignments prellm/submissions_cs35_sp2022/submission_125651139/form.py,55,7.273,0.0,20.0,1,6,55.0,0,1,1.259,2,CS35,sp2022,2022
/Users/summer-2024/Desktop/code metrics 25/All-Data/CS35-Data/assignments prellm/submissions_cs35_sp2022/submission_125094981/lib/werkzeug/_reloader.py,446,9.865,9.641255605381168,21.524663677130047,26,94,17.153846153846153,17,4,1.289,8,CS35,sp2022,2022
/Users/summer-2024/Desktop/code metrics 25/All-Data/CS35-Data/assignments prellm/submissions_cs35_sp2022/submission_125094981/lib/werkzeug/exceptions.py,881,1.476,43.1328036322361,25.53916004540295,25,46,35.24,-1,5,1.3,6,CS35,sp2022,2022
/Users/summer-2024/Desktop/code metrics 25/All-Data/CS35-Data/assignments prellm/submissions_cs35_s2022/submission_129686595/final|hw9_project_progress.py,436,17.89,0.0,28.899082568807337,5,112,87.2,14,2,1.301,5,CS35,s2022,2022
/Users/summer-2024/Desktop/code metrics 25/All-Data/CS35-Data/assignments prellm/submissions_cs35_sp2022/submission_125623598/final|pokemonImagine_(Keras) (1).py,271,7.749,0.0,24.723247232472325,9,12,30.11111111111111,4,2,1.253,6,CS35,sp2022,2022
/Users/summer-2024/Desktop/code metrics 25/All-Data/CS35-Data/assignments prellm/submissions_cs35_sp2022/submission_125094981/lib/jinja2/sandbox.py,428,10.28,24.53271028037383,15.186915887850466,18,68,23.77777777777778,2,4,1.275,6,CS35,sp2022,2022
/Users/summer-2024/Desktop/code metrics 25/All-Data/CS5-Data/assignments prellm/submissions_cs5_s2022/submission_154805800/final_ken_rita.py,333,17.417,15.315315315315312,12.012012012012011,15,81,22.2,20,3,1.305,7,CS5,s2022,2022
/Users/summer-2024/Desktop/code metrics 25/All-Data/CS35-Data/assignments prellm/submissions_cs35_sp2022/submission_125672285/final|finalSubmission.py,297,6.061,0.0,19.19191919191919,13,64,22.846153846153847,18,3,1.356,7,CS35,sp2022,2022
/Users/summer-2024/Desktop/code metrics 25/All-Data/CS35-Data/assignments prellm/submissions_cs35_sp2022/submission_125152436/Treys/treys/perf.py,60,3.333,0.0,23.333333333333332,1,10,60.0,4,1,1.246,3,CS35,sp2022,2022
/Users/summer-2024/Desktop/code metrics 25/All-Data/CS35-Data/assignments prellm/submissions_cs35_s2022/submission_129695030/final|Final_FINAL_Project.py,327,11.315,8.256880733944955,29.96941896024465,2,40,163.5,6,2,1.275,5,CS35,s2022,2022
/Users/summer-2024/Desktop/code metrics 25/All-Data/CS35-Data/assignments prellm/submissions_cs35_sp2022/submission_125152436/card.py,46,13.043,0.0,23.91304347826087,9,9,5.111111111111111,0,1,1.285,4,CS35,sp2022,2022
/Users/summer-2024/Desktop/code metrics 25/All-Data/CS35-Data/assignments prellm/submissions_cs35_sp2022/submission_125094981/lib/click/parser.py,529,14.745,15.122873345935728,16.6351606805293,21,117,25.19047619047619,8,5,1.297,7,CS35,sp2022,2022
/Users/summer-2024/Desktop/code metrics 25/All-Data/CS35-Data/assignments prellm/submissions_cs35_sp2022/submission_125223498/final|final_project.py,442,5.882,8.144796380090497,35.294117647058826,10,102,44.2,25,3,1.272,7,CS35,sp2022,2022
/Users/summer-2024/Desktop/code metrics 25/All-Data/CS35-Data/assignments prellm/submissions_cs35_sp2022/submission_125651139/final|hw9_project_progress.py,137,19.708,0.0,30.656934306569344,4,8,34.25,2,1,1.289,5,CS35,sp2022,2022
/Users/summer-2024/Desktop/code metrics 25/All-Data/CS35-Data/assignments prellm/submissions_cs35_sp2022/submission_125094981/lib/click/_winconsole.py,279,5.018,0.0,18.99641577060932,20,32,13.95,1,4,1.279,6,CS35,sp2022,2022
/Users/summer-2024/Desktop/code metrics 25/All-Data/CS35-Data/assignments prellm/submissions_cs35_sp2022/submission_125094981/lib/werkzeug/datastructures.py,3034,1.582,37.17864205669083,20.468029004614372,310,549,9.787096774193548,-1,6,1.315,8,CS35,sp2022,2022
/Users/summer-2024/Desktop/code metrics 25/All-Data/CS5-Data/assignments prellm/submissions_cs5_s2022/submission_153696931/final.py,493,27.181,9.533468559837727,7.707910750507099,11,122,44.81818181818182,21,5,1.313,6,CS5,s2022,2022
/Users/summer-2024/Desktop/code metrics 25/All-Data/CS5-Data/assignments prellm/submissions_cs5_s2022/submission_153391042/final.py,390,1.282,12.307692307692308,10.0,20,276,19.5,37,3,1.35,6,CS5,s2022,2022
/Users/summer-2024/Desktop/code metrics 25/All-Data/CS35-Data/assignments prellm/submissions_cs35_sp2022/submission_125671324/final|preprocess.py,136,1.471,4.411764705882353,38.97058823529411,4,18,34.0,6,2,1.21,6,CS35,sp2022,2022
/Users/summer-2024/Desktop/code metrics 25/All-Data/CS35-Data/assignments prellm/submissions_cs35_sp2022/submission_125582176/final|hw9_final_project.py,176,3.977,0.0,38.06818181818182,2,12,88.0,4,1,1.334,4,CS35,sp2022,2022
/Users/summer-2024/Desktop/code metrics 25/All-Data/CS5-Data/assignments prellm/submissions_cs5_s2022/submission_153674021/final.py,786,4.198,33.587786259541986,10.178117048346056,43,164,18.27906976744186,-1,4,1.283,6,CS5,s2022,2022
/Users/summer-2024/Desktop/code metrics 25/All-Data/CS35-Data/assignments prellm/submissions_cs35_sp2022/submission_125796191/lstm.py,91,7.692,0.0,24.175824175824175,1,10,91.0,3,1,1.383,4,CS35,sp2022,2022
/Users/summer-2024/Desktop/code metrics 25/All-Data/CS35-Data/assignments prellm/submissions_cs35_sp2022/submission_125094981/lib/jinja2/runtime.py,1053,6.648,24.406457739791072,19.468186134852804,71,131,14.830985915492958,4,4,1.309,7,CS35,sp2022,2022
/Users/summer-2024/Desktop/code metrics 25/All-Data/CS35-Data/assignments prellm/submissions_cs35_sp2022/submission_125094981/lib/click/testing.py,479,5.01,21.29436325678497,16.910229645093946,29,57,16.517241379310345,2,3,1.322,6,CS35,sp2022,2022
/Users/summer-2024/Desktop/code metrics 25/All-Data/CS35-Data/assignments prellm/submissions_cs35_sp2022/submission_126551698/final|hw9_project_progress.py,172,8.14,0.0,26.16279069767442,8,42,21.5,4,2,1.276,5,CS35,sp2022,2022
/Users/summer-2024/Desktop/code metrics 25/All-Data/CS35-Data/assignments prellm/submissions_cs35_sp2022/submission_125094981/lib/jinja2/utils.py,755,5.166,38.145695364238414,21.986754966887418,50,104,15.1,8,3,1.3,8,CS35,sp2022,2022
/Users/summer-2024/Desktop/code metrics 25/All-Data/CS35-Data/assignments prellm/submissions_cs35_sp2022/submission_125094981/lib/colorama/__init__.py,6,16.667,0.0,16.666666666666664,0,2,0.0,0,0,1.303,2,CS35,sp2022,2022
/Users/summer-2024/Desktop/code metrics 25/All-Data/CS35-Data/assignments prellm/submissions_cs35_sp2022/submission_125094981/lib/werkzeug/formparser.py,455,1.758,20.0,16.7032967032967,18,59,25.27777777777778,4,3,1.247,8,CS35,sp2022,2022
/Users/summer-2024/Desktop/code metrics 25/All-Data/CS5-Data/assignments prellm/submissions_cs5_s2022/submission_153717985/porter.py,375,4.267,34.93333333333333,10.933333333333334,17,240,22.058823529411764,5,2,1.269,7,CS5,s2022,2022
/Users/summer-2024/Desktop/code metrics 25/All-Data/CS5-Data/assignments prellm/submissions_cs5_s2022/submission_153752112/final.py,398,7.538,20.100502512562816,15.07537688442211,17,163,23.41176470588235,-1,3,1.269,6,CS5,s2022,2022
/Users/summer-2024/Desktop/code metrics 25/All-Data/CS35-Data/assignments prellm/submissions_cs35_sp2022/submission_125672029/card.py,46,13.043,0.0,23.91304347826087,9,9,5.111111111111111,0,1,1.296,4,CS35,sp2022,2022
/Users/summer-2024/Desktop/code metrics 25/All-Data/CS5-Data/assignments prellm/submissions_cs5_s2022/submission_153171129/final.py,369,15.718,18.157181571815716,17.88617886178862,15,50,24.6,-1,3,1.29,7,CS5,s2022,2022
/Users/summer-2024/Desktop/code metrics 25/All-Data/CS35-Data/assignments prellm/submissions_cs35_sp2022/submission_125321132/train_vae_mejia.py,360,6.389,0.0,25.833333333333336,2,38,180.0,2,1,2.101,7,CS35,sp2022,2022
/Users/summer-2024/Desktop/code metrics 25/All-Data/CS35-Data/assignments prellm/submissions_cs35_sp2022/submission_126545172/final|final.py,100,7.0,0.0,28.000000000000004,4,8,25.0,3,2,1.441,4,CS35,sp2022,2022
/Users/summer-2024/Desktop/code metrics 25/All-Data/CS35-Data/assignments prellm/submissions_cs35_sp2022/submission_125672029/Treys/deck.py,43,4.651,13.953488372093023,23.25581395348837,5,12,8.6,3,2,1.258,6,CS35,sp2022,2022
/Users/summer-2024/Desktop/code metrics 25/All-Data/CS35-Data/assignments prellm/submissions_cs35_sp2022/submission_125651139/final|data_cleaning.py,92,0.0,0.0,34.78260869565217,6,2,15.333333333333334,0,1,1.309,2,CS35,sp2022,2022
/Users/summer-2024/Desktop/code metrics 25/All-Data/CS35-Data/assignments prellm/submissions_cs35_sp2022/submission_125094981/lib/werkzeug/middleware/__init__.py,22,0.0,104.54545454545456,18.181818181818183,0,2,0.0,0,0,1.263,1,CS35,sp2022,2022
/Users/summer-2024/Desktop/code metrics 25/All-Data/CS35-Data/assignments prellm/submissions_cs35_sp2022/submission_125796191/example-app.py,1,0.0,0.0,0.0,0,2,0.0,0,0,1.246,1,CS35,sp2022,2022
/Users/summer-2024/Desktop/code metrics 25/All-Data/CS5-Data/assignments prellm/submissions_cs5_s2022/submission_153614896/onefishtwofishfinal.py,276,13.043,8.695652173913043,26.08695652173913,7,82,39.42857142857143,7,2,1.293,6,CS5,s2022,2022
/Users/summer-2024/Desktop/code metrics 25/All-Data/CS35-Data/assignments prellm/submissions_cs35_sp2022/submission_126449226/final|predicting_profitability.py,585,46.496,2.3931623931623935,26.83760683760684,3,22,195.0,7,1,1.276,6,CS35,sp2022,2022
/Users/summer-2024/Desktop/code metrics 25/All-Data/CS5-Data/assignments prellm/submissions_cs5_s2022/submission_153111951/final.py,351,29.63,7.6923076923076925,12.535612535612536,7,55,50.142857142857146,6,2,1.288,6,CS5,s2022,2022
/Users/summer-2024/Desktop/code metrics 25/All-Data/CS35-Data/assignments prellm/submissions_cs35_sp2022/submission_125094981/lib/werkzeug/sansio/utils.py,142,0.0,30.985915492957744,24.647887323943664,4,39,35.5,1,4,1.258,5,CS35,sp2022,2022
/Users/summer-2024/Desktop/code metrics 25/All-Data/CS35-Data/assignments prellm/submissions_cs35_sp2022/submission_125094981/lib/flask/wrappers.py,171,12.281,38.59649122807017,25.146198830409354,7,21,24.428571428571427,0,1,1.322,4,CS35,sp2022,2022
/Users/summer-2024/Desktop/code metrics 25/All-Data/CS35-Data/assignments prellm/submissions_cs35_sp2022/submission_126441150/final|2017_cleaner_and_experimentation.py,180,19.444,0.0,47.22222222222222,0,20,0.0,5,0,1.277,5,CS35,sp2022,2022
/Users/summer-2024/Desktop/code metrics 25/All-Data/CS35-Data/assignments prellm/submissions_cs35_sp2022/submission_125094981/lib/flask/helpers.py,790,6.709,49.87341772151899,19.240506329113924,21,67,37.61904761904762,-1,2,1.312,7,CS35,sp2022,2022
/Users/summer-2024/Desktop/code metrics 25/All-Data/CS35-Data/assignments prellm/submissions_cs35_sp2022/submission_125094981/lib/jinja2/lexer.py,866,11.201,13.51039260969977,13.856812933025402,33,136,26.24242424242424,-1,3,1.281,8,CS35,sp2022,2022
/Users/summer-2024/Desktop/code metrics 25/All-Data/CS35-Data/assignments prellm/submissions_cs35_sp2022/submission_125672029/Treys/evaluator.py,181,4.42,31.491712707182316,17.12707182320442,9,47,20.11111111111111,5,2,1.372,6,CS35,sp2022,2022
/Users/summer-2024/Desktop/code metrics 25/All-Data/CS35-Data/assignments prellm/submissions_cs35_sp2022/submission_125526066/final|cycleGAN.py,577,10.572,2.079722703639515,19.410745233968804,19,28,30.36842105263158,10,2,1.291,7,CS35,sp2022,2022
/Users/summer-2024/Desktop/code metrics 25/All-Data/CS35-Data/assignments prellm/submissions_cs35_sp2022/submission_126440917/fileWalker.py,237,22.785,5.485232067510549,14.767932489451477,7,35,33.857142857142854,-1,4,1.304,7,CS35,sp2022,2022
/Users/summer-2024/Desktop/code metrics 25/All-Data/CS35-Data/assignments prellm/submissions_cs35_sp2022/submission_125770196/FlaskAppStarter/app/routes.py,43,11.628,0.0,16.27906976744186,2,4,21.5,-1,1,1.247,3,CS35,sp2022,2022
/Users/summer-2024/Desktop/code metrics 25/All-Data/CS35-Data/assignments prellm/submissions_cs35_sp2022/submission_125094981/lib/flask/testing.py,283,5.654,27.56183745583039,16.25441696113074,11,43,25.727272727272727,1,2,1.288,6,CS35,sp2022,2022
/Users/summer-2024/Desktop/code metrics 25/All-Data/CS5-Data/assignments prellm/submissions_cs5_s2022/submission_153689751/final.py,352,27.273,4.829545454545454,30.681818181818183,5,64,70.4,2,2,1.276,4,CS5,s2022,2022
/Users/summer-2024/Desktop/code metrics 25/All-Data/CS5-Data/assignments prellm/submissions_cs5_s2022/submission_153142000/main.py,391,31.714,7.161125319693094,18.925831202046037,12,57,32.583333333333336,1,2,1.284,4,CS5,s2022,2022
/Users/summer-2024/Desktop/code metrics 25/All-Data/CS35-Data/assignments prellm/submissions_cs35_s2022/submission_129695073/finalProject/Sources/flappy_learning_pygame-master/Ch11/defs.py,97,4.124,0.0,64.94845360824742,0,2,0.0,0,0,1.294,2,CS35,s2022,2022
/Users/summer-2024/Desktop/code metrics 25/All-Data/CS35-Data/assignments prellm/submissions_cs35_sp2022/submission_126440917/controls.py,238,16.387,0.0,10.504201680672267,0,114,0.0,-1,0,1.332,5,CS35,sp2022,2022
/Users/summer-2024/Desktop/code metrics 25/All-Data/CS35-Data/assignments prellm/submissions_cs35_s2022/submission_129695073/finalProject/Sources/python_projects-main/1_snake_game/5_snake_eats_apple_and_score.py,140,2.143,0.0,25.0,16,42,8.75,4,3,1.256,7,CS35,s2022,2022
/Users/summer-2024/Desktop/code metrics 25/All-Data/CS35-Data/assignments prellm/submissions_cs35_sp2022/submission_126497432/final|hw9project_progress.py,1273,8.405,5.813040062843677,19.16732128829537,29,303,43.89655172413793,-1,3,1.254,7,CS35,sp2022,2022
/Users/summer-2024/Desktop/code metrics 25/All-Data/CS35-Data/assignments prellm/submissions_cs35_sp2022/submission_125152436/methods.py,144,9.028,0.0,13.88888888888889,13,64,11.076923076923077,12,4,1.277,6,CS35,sp2022,2022
/Users/summer-2024/Desktop/code metrics 25/All-Data/CS35-Data/assignments prellm/submissions_cs35_sp2022/submission_125094981/lib/jinja2/visitor.py,92,0.0,41.30434782608695,19.565217391304348,6,26,15.333333333333334,3,2,1.269,7,CS35,sp2022,2022
/Users/summer-2024/Desktop/code metrics 25/All-Data/CS35-Data/assignments prellm/submissions_cs35_s2022/submission_129695073/finalProject/Sources/python_projects-main/1_snake_game/6_game_over_restart_logic.py,174,2.874,0.0,23.563218390804597,18,52,9.666666666666666,5,3,1.291,7,CS35,s2022,2022
/Users/summer-2024/Desktop/code metrics 25/All-Data/CS35-Data/assignments prellm/submissions_cs35_sp2022/submission_125770196/FlaskAppStarter/app/create_objects.py,82,8.537,8.536585365853659,24.390243902439025,0,10,0.0,3,0,1.283,4,CS35,sp2022,2022
/Users/summer-2024/Desktop/code metrics 25/All-Data/CS35-Data/assignments prellm/submissions_cs35_sp2022/submission_124812305/data.py,89,0.0,0.0,5.617977528089887,0,2,0.0,0,0,1.281,2,CS35,sp2022,2022
/Users/summer-2024/Desktop/code metrics 25/All-Data/CS35-Data/assignments prellm/submissions_cs35_sp2022/submission_126441150/final|final_modeling.py,471,40.552,0.4246284501061571,28.662420382165603,1,26,471.0,-1,1,1.267,6,CS35,sp2022,2022
/Users/summer-2024/Desktop/code metrics 25/All-Data/CS35-Data/assignments prellm/submissions_cs35_sp2022/submission_125094981/lib/flask/app.py,2095,12.506,44.5346062052506,17.42243436754177,68,237,30.808823529411764,22,6,1.259,7,CS35,sp2022,2022
/Users/summer-2024/Desktop/code metrics 25/All-Data/CS35-Data/assignments prellm/submissions_cs35_s2022/submission_129695073/finalProject/Sources/flappy_learning_pygame-master/Ch2/main.py,97,11.34,14.432989690721648,51.546391752577314,3,12,32.333333333333336,2,3,1.258,5,CS35,s2022,2022
/Users/summer-2024/Desktop/code metrics 25/All-Data/CS35-Data/assignments prellm/submissions_cs35_sp2022/submission_125611388/final|cs181yProject_final_pretty.py,341,9.091,0.8797653958944283,37.82991202346041,9,65,37.888888888888886,13,4,1.258,6,CS35,sp2022,2022
/Users/summer-2024/Desktop/code metrics 25/All-Data/CS35-Data/assignments prellm/submissions_cs35_sp2022/submission_125094981/lib/jinja2/bccache.py,364,3.022,38.46153846153847,19.505494505494507,25,38,14.56,-1,4,1.273,6,CS35,sp2022,2022
/Users/summer-2024/Desktop/code metrics 25/All-Data/CS5-Data/assignments prellm/submissions_cs5_s2022/submission_153655508/final.py,440,22.727,4.090909090909091,20.0,9,50,48.888888888888886,1,2,1.245,4,CS5,s2022,2022
/Users/summer-2024/Desktop/code metrics 25/All-Data/CS35-Data/assignments prellm/submissions_cs35_s2022/submission_129681120/final|monthregesor.py,332,17.47,3.91566265060241,31.626506024096383,0,66,0.0,13,0,1.308,5,CS35,s2022,2022
/Users/summer-2024/Desktop/code metrics 25/All-Data/CS35-Data/assignments prellm/submissions_cs35_sp2022/submission_125672029/Treys/card.py,214,8.879,37.38317757009346,19.626168224299064,13,19,16.46153846153846,5,3,1.319,6,CS35,sp2022,2022
/Users/summer-2024/Desktop/code metrics 25/All-Data/CS35-Data/assignments prellm/submissions_cs35_sp2022/submission_125802890/app/pythonfunctions.py,46,2.174,4.3478260869565215,30.434782608695656,2,6,23.0,1,1,1.317,4,CS35,sp2022,2022
/Users/summer-2024/Desktop/code metrics 25/All-Data/CS35-Data/assignments prellm/submissions_cs35_sp2022/submission_125094981/lib/click/utils.py,580,6.207,34.82758620689655,20.86206896551724,31,101,18.70967741935484,3,3,1.267,7,CS35,sp2022,2022
/Users/summer-2024/Desktop/code metrics 25/All-Data/CS35-Data/assignments prellm/submissions_cs35_sp2022/submission_123813320/final|BERTratingclassifier.py,534,11.423,1.1235955056179776,36.32958801498128,6,28,89.0,4,2,1.272,5,CS35,sp2022,2022
/Users/summer-2024/Desktop/code metrics 25/All-Data/CS35-Data/assignments prellm/submissions_cs35_sp2022/submission_124745723/final|hw9_project_progress.py,294,15.986,1.3605442176870748,35.374149659863946,8,12,36.75,-1,1,1.291,7,CS35,sp2022,2022
/Users/summer-2024/Desktop/code metrics 25/All-Data/CS35-Data/assignments prellm/submissions_cs35_sp2022/submission_125094981/lib/werkzeug/__init__.py,6,0.0,0.0,16.666666666666664,0,2,0.0,0,0,1.26,2,CS35,sp2022,2022
/Users/summer-2024/Desktop/code metrics 25/All-Data/CS35-Data/assignments prellm/submissions_cs35_sp2022/submission_122932944/final|finalproject_notebook2_style_transfer_II.py,232,4.31,1.7241379310344829,31.03448275862069,11,18,21.09090909090909,4,3,1.294,8,CS35,sp2022,2022
/Users/summer-2024/Desktop/code metrics 25/All-Data/CS5-Data/assignments prellm/submissions_cs5_s2022/submission_153305082/FinalProject1.py,648,28.704,12.191358024691358,12.808641975308642,25,168,25.92,-1,3,1.29,7,CS5,s2022,2022
/Users/summer-2024/Desktop/code metrics 25/All-Data/CS35-Data/assignments prellm/submissions_cs35_sp2022/submission_125094981/lib/click/termui.py,787,2.541,49.68233799237611,17.280813214739517,18,105,43.72222222222222,-1,2,1.266,6,CS35,sp2022,2022
/Users/summer-2024/Desktop/code metrics 25/All-Data/CS35-Data/assignments prellm/submissions_cs35_sp2022/submission_125094981/lib/click/_compat.py,626,6.869,4.792332268370607,20.12779552715655,50,106,12.52,2,8,1.29,5,CS35,sp2022,2022
/Users/summer-2024/Desktop/code metrics 25/All-Data/CS35-Data/assignments prellm/submissions_cs35_s2022/submission_129695073/finalProject/Sources/flappy_learning_pygame-master/Ch10/nnet.py,82,13.415,0.0,75.60975609756098,3,2,27.333333333333332,0,2,1.302,3,CS35,s2022,2022
/Users/summer-2024/Desktop/code metrics 25/All-Data/CS35-Data/assignments prellm/submissions_cs35_s2022/submission_129695073/finalProject/Sources/flappy_learning_pygame-master/Ch5/defs.py,88,0.0,0.0,71.5909090909091,0,2,0.0,0,0,1.336,2,CS35,s2022,2022
/Users/summer-2024/Desktop/code metrics 25/All-Data/CS35-Data/assignments prellm/submissions_cs35_sp2022/submission_126440917/modelMaker.py,593,17.875,0.0,23.102866779089375,21,44,28.238095238095237,8,2,1.254,6,CS35,sp2022,2022
/Users/summer-2024/Desktop/code metrics 25/All-Data/CS35-Data/assignments prellm/submissions_cs35_sp2022/submission_125094981/lib/jinja2/debug.py,191,13.613,14.659685863874344,17.801047120418847,3,39,63.666666666666664,4,3,1.254,5,CS35,sp2022,2022
/Users/summer-2024/Desktop/code metrics 25/All-Data/CS35-Data/assignments prellm/submissions_cs35_sp2022/submission_125152436/deck.py,43,4.651,0.0,18.6046511627907,6,4,7.166666666666667,0,2,1.311,4,CS35,sp2022,2022
/Users/summer-2024/Desktop/code metrics 25/All-Data/CS35-Data/assignments prellm/submissions_cs35_sp2022/submission_125094981/lib/jinja2/__init__.py,37,0.0,13.513513513513514,2.702702702702702,0,2,0.0,0,0,1.264,2,CS35,sp2022,2022
/Users/summer-2024/Desktop/code metrics 25/All-Data/CS5-Data/assignments prellm/submissions_cs5_s2022/submission_153093738/final.py,336,2.083,24.702380952380953,19.940476190476193,19,102,17.68421052631579,22,2,1.266,8,CS5,s2022,2022
/Users/summer-2024/Desktop/code metrics 25/All-Data/CS35-Data/assignments prellm/submissions_cs35_sp2022/submission_126549274/final|nrclex.py,25,8.0,0.0,60.0,0,4,0.0,1,0,1.506,3,CS35,sp2022,2022
/Users/summer-2024/Desktop/code metrics 25/All-Data/CS5-Data/assignments prellm/submissions_cs5_s2022/submission_153034443/final.py,219,19.178,3.65296803652968,21.461187214611872,4,61,54.75,1,1,1.32,3,CS5,s2022,2022
/Users/summer-2024/Desktop/code metrics 25/All-Data/CS35-Data/assignments prellm/submissions_cs35_s2022/submission_129657558/final|hw9_project_progress.py,709,8.181,7.475317348377997,21.015514809590975,6,150,118.16666666666669,-1,2,1.345,6,CS35,s2022,2022
/Users/summer-2024/Desktop/code metrics 25/All-Data/CS35-Data/assignments prellm/submissions_cs35_sp2022/submission_125094981/lib/click/core.py,2995,6.511,30.45075125208681,18.330550918196995,142,574,21.091549295774648,25,5,1.278,7,CS35,sp2022,2022
/Users/summer-2024/Desktop/code metrics 25/All-Data/CS5-Data/assignments prellm/submissions_cs5_s2022/submission_153700419/final.py,383,19.321,15.926892950391643,24.02088772845953,14,46,27.357142857142858,9,2,1.246,7,CS5,s2022,2022
/Users/summer-2024/Desktop/code metrics 25/All-Data/CS35-Data/assignments prellm/submissions_cs35_sp2022/submission_123813320/final|aO3_cleaner_model_2.py,1222,9.656,0.0,34.94271685761047,0,58,0.0,-1,0,1.326,6,CS35,sp2022,2022
/Users/summer-2024/Desktop/code metrics 25/All-Data/CS35-Data/assignments prellm/submissions_cs35_sp2022/submission_125152436/Treys/__init__.py,3,0.0,0.0,0.0,0,2,0.0,0,0,1.276,1,CS35,sp2022,2022
/Users/summer-2024/Desktop/code metrics 25/All-Data/CS35-Data/assignments prellm/submissions_cs35_sp2022/submission_126493981/final|MuddNet.py,125,2.4,3.2,22.4,6,18,20.833333333333332,5,2,1.341,7,CS35,sp2022,2022
/Users/summer-2024/Desktop/code metrics 25/All-Data/CS35-Data/assignments prellm/submissions_cs35_sp2022/submission_125152436/player.py,59,8.475,0.0,25.42372881355932,11,4,5.363636363636363,1,1,1.275,5,CS35,sp2022,2022
/Users/summer-2024/Desktop/code metrics 25/All-Data/CS35-Data/assignments prellm/submissions_cs35_sp2022/submission_125094981/lib/werkzeug/middleware/dispatcher.py,78,0.0,53.84615384615385,20.51282051282051,2,9,39.0,1,1,1.279,5,CS35,sp2022,2022
/Users/summer-2024/Desktop/code metrics 25/All-Data/CS5-Data/assignments prellm/submissions_cs5_s2022/submission_153799329/final.py,333,27.628,15.915915915915916,16.216216216216218,15,60,22.2,-1,3,1.293,7,CS5,s2022,2022
/Users/summer-2024/Desktop/code metrics 25/All-Data/CS35-Data/assignments prellm/submissions_cs35_sp2022/submission_125094981/lib/werkzeug/wrappers/__init__.py,3,0.0,0.0,0.0,0,2,0.0,0,0,1.32,1,CS35,sp2022,2022
/Users/summer-2024/Desktop/code metrics 25/All-Data/CS35-Data/assignments prellm/submissions_cs35_sp2022/submission_125094981/lib/werkzeug/user_agent.py,47,0.0,57.446808510638306,29.78723404255319,5,2,9.4,0,1,1.264,4,CS35,sp2022,2022
/Users/summer-2024/Desktop/code metrics 25/All-Data/CS35-Data/assignments prellm/submissions_cs35_sp2022/submission_125094981/lib/itsdangerous/exc.py,107,17.757,28.971962616822427,25.233644859813083,6,2,17.833333333333332,-1,1,1.291,4,CS35,sp2022,2022
/Users/summer-2024/Desktop/code metrics 25/All-Data/CS35-Data/assignments prellm/submissions_cs35_sp2022/submission_126551059/__init__.py,14,7.143,0.0,35.714285714285715,0,2,0.0,0,0,1.297,2,CS35,sp2022,2022
/Users/summer-2024/Desktop/code metrics 25/All-Data/CS35-Data/assignments prellm/submissions_cs35_s2022/submission_129680305/final|spotapp.py,193,11.917,7.253886010362693,31.088082901554404,5,18,38.6,5,3,2.599,4,CS35,s2022,2022
/Users/summer-2024/Desktop/code metrics 25/All-Data/CS5-Data/assignments prellm/submissions_cs5_s2022/submission_153388177/final.py,367,0.545,9.536784741144414,11.444141689373296,15,104,24.466666666666665,10,4,1.301,6,CS5,s2022,2022
/Users/summer-2024/Desktop/code metrics 25/All-Data/CS35-Data/assignments prellm/submissions_cs35_sp2022/submission_125235323/flask_movie_rec/__init__.py,14,0.0,0.0,42.857142857142854,1,2,14.0,0,1,1.283,2,CS35,sp2022,2022
/Users/summer-2024/Desktop/code metrics 25/All-Data/CS35-Data/assignments prellm/submissions_cs35_s2022/submission_129695073/finalProject/Sources/python_projects-main/1_snake_game/1_build_screen_moving_block.py,47,2.128,0.0,25.53191489361702,1,22,47.0,2,1,1.281,4,CS35,s2022,2022
/Users/summer-2024/Desktop/code metrics 25/All-Data/CS35-Data/assignments prellm/submissions_cs35_sp2022/submission_125094981/lib/flask/views.py,158,16.456,40.50632911392405,22.78481012658228,5,21,31.6,3,2,1.275,6,CS35,sp2022,2022
/Users/summer-2024/Desktop/code metrics 25/All-Data/CS35-Data/assignments prellm/submissions_cs35_sp2022/submission_125094981/lib/flask/cli.py,989,7.078,16.48129423660263,20.424671385237612,35,162,28.257142857142856,-1,7,1.28,7,CS35,sp2022,2022
/Users/summer-2024/Desktop/code metrics 25/All-Data/CS5-Data/assignments prellm/submissions_cs5_s2022/submission_153366096/final.py,244,13.525,25.40983606557377,16.39344262295082,14,80,17.428571428571427,23,3,1.247,6,CS5,s2022,2022
/Users/summer-2024/Desktop/code metrics 25/All-Data/CS35-Data/assignments prellm/submissions_cs35_sp2022/submission_125094981/lib/werkzeug/sansio/response.py,704,3.835,32.67045454545455,13.494318181818182,37,89,19.027027027027028,-1,3,1.256,5,CS35,sp2022,2022
/Users/summer-2024/Desktop/code metrics 25/All-Data/CS5-Data/assignments prellm/submissions_cs5_s2022/submission_153689542/finaldeliverables.py,473,23.467,17.970401691331926,13.953488372093023,11,78,43.0,7,3,1.271,5,CS5,s2022,2022
/Users/summer-2024/Desktop/code metrics 25/All-Data/CS35-Data/assignments prellm/submissions_cs35_sp2022/submission_125519840/final|hw9_project_progress.py,323,7.121,12.693498452012385,29.72136222910217,10,52,32.3,9,3,1.297,7,CS35,sp2022,2022
/Users/summer-2024/Desktop/code metrics 25/All-Data/CS35-Data/assignments prellm/submissions_cs35_s2022/submission_129695073/finalProject/Sources/flappy_learning_pygame-master/Ch11/nnet.py,82,0.0,0.0,75.60975609756098,3,2,27.333333333333332,0,2,1.309,3,CS35,s2022,2022
/Users/summer-2024/Desktop/code metrics 25/All-Data/CS5-Data/assignments prellm/submissions_cs5_s2022/submission_153770393/final.py,614,11.564,2.6058631921824107,16.775244299674267,6,78,102.33333333333331,3,2,1.245,4,CS5,s2022,2022
/Users/summer-2024/Desktop/code metrics 25/All-Data/CS5-Data/assignments postllm/submissions_cs5_s2023/submission_218949201/final.py,178,13.483,39.8876404494382,10.674157303370784,5,46,35.6,-1,3,1.268,3,CS5,s2023,2023
/Users/summer-2024/Desktop/code metrics 25/All-Data/CS5-Data/assignments postllm/submissions_cs5_s2023/submission_218563211/final.py,650,16.308,9.230769230769232,12.769230769230768,17,117,38.23529411764706,-1,2,1.276,4,CS5,s2023,2023
/Users/summer-2024/Desktop/code metrics 25/All-Data/CS5-Data/assignments postllm/submissions_cs5_s2023/submission_218715776/final.py,582,23.883,13.745704467353953,3.951890034364261,15,242,38.8,40,2,1.242,7,CS5,s2023,2023
/Users/summer-2024/Desktop/code metrics 25/All-Data/CS5-Data/assignments postllm/submissions_cs5_s2023/submission_218575183/final.py,466,8.369,19.742489270386265,18.4549356223176,18,192,25.88888888888889,28,4,1.283,6,CS5,s2023,2023
/Users/summer-2024/Desktop/code metrics 25/All-Data/CS5-Data/assignments postllm/submissions_cs5_s2023/submission_218313997/Final.py,437,13.959,9.153318077803204,21.51029748283753,13,42,33.61538461538461,1,2,1.284,4,CS5,s2023,2023
/Users/summer-2024/Desktop/code metrics 25/All-Data/CS5-Data/assignments postllm/submissions_cs5_s2023/submission_215864496/final.py,73,1.37,0.0,15.068493150684931,7,24,10.428571428571429,3,4,1.31,5,CS5,s2023,2023
/Users/summer-2024/Desktop/code metrics 25/All-Data/CS5-Data/assignments postllm/submissions_cs5_s2023/submission_218946218/final.py,1121,2.052,4.817127564674398,7.493309545049064,17,837,65.94117647058823,117,2,1.272,6,CS5,s2023,2023
/Users/summer-2024/Desktop/code metrics 25/All-Data/CS5-Data/assignments postllm/submissions_cs5_s2023/submission_218259173/final.py,282,33.688,5.673758865248227,21.98581560283688,7,44,40.285714285714285,3,2,1.261,5,CS5,s2023,2023
/Users/summer-2024/Desktop/code metrics 25/All-Data/CS35-Data/assignments postllm/submissions_cs35_s2023/submission_185243490/app.py,78,24.359,52.56410256410257,29.48717948717949,2,4,39.0,0,1,1.474,3,CS35,s2023,2023
/Users/summer-2024/Desktop/code metrics 25/All-Data/CS5-Data/assignments postllm/submissions_cs5_s2023/submission_218893702/TextIDFinal.py,345,12.754,19.130434782608695,18.84057971014493,16,54,21.5625,12,3,1.246,8,CS5,s2023,2023
/Users/summer-2024/Desktop/code metrics 25/All-Data/CS5-Data/assignments postllm/submissions_cs5_s2023/submission_218955561/final.py,2226,0.0,0.2695417789757413,2.8301886792452833,3,1335,742.0,28,1,1.29,3,CS5,s2023,2023
/Users/summer-2024/Desktop/code metrics 25/All-Data/CS5-Data/assignments postllm/submissions_cs5_s2023/submission_218956830/textmodel.py,325,13.846,21.846153846153847,10.153846153846152,15,73,21.666666666666668,-1,3,1.279,7,CS5,s2023,2023
/Users/summer-2024/Desktop/code metrics 25/All-Data/CS5-Data/assignments postllm/submissions_cs5_s2023/submission_219039244/final.py,223,26.906,0.0,5.829596412556054,9,80,24.77777777777778,9,3,1.262,5,CS5,s2023,2023
/Users/summer-2024/Desktop/code metrics 25/All-Data/CS5-Data/assignments postllm/submissions_cs5_s2023/submission_218544056/finalwith42.py,267,5.993,19.850187265917604,13.108614232209735,12,79,22.25,17,3,1.303,6,CS5,s2023,2023
/Users/summer-2024/Desktop/code metrics 25/All-Data/CS5-Data/assignments postllm/submissions_cs5_s2023/submission_218949844/final.py,100,0.0,26.0,17.0,8,38,12.5,8,2,1.247,6,CS5,s2023,2023
/Users/summer-2024/Desktop/code metrics 25/All-Data/CS5-Data/assignments postllm/submissions_cs5_s2023/submission_218609996/CS5final.py,198,5.051,0.0,18.68686868686869,14,74,14.142857142857142,7,4,1.282,7,CS5,s2023,2023
/Users/summer-2024/Desktop/code metrics 25/All-Data/CS5-Data/assignments postllm/submissions_cs5_s2023/submission_217897483/final.py,1004,21.912,8.565737051792828,11.45418326693227,18,124,55.77777777777778,2,2,1.305,5,CS5,s2023,2023
/Users/summer-2024/Desktop/code metrics 25/All-Data/CS5-Data/assignments postllm/submissions_cs5_s2023/submission_218947010/final_project1.py,183,7.104,15.300546448087433,20.21857923497268,9,78,20.333333333333332,19,2,2.642,7,CS5,s2023,2023
/Users/summer-2024/Desktop/code metrics 25/All-Data/CS5-Data/assignments postllm/submissions_cs5_s2023/submission_218947900/final.py,309,15.21,17.475728155339805,18.77022653721683,15,49,20.6,11,3,1.243,8,CS5,s2023,2023
/Users/summer-2024/Desktop/code metrics 25/All-Data/CS5-Data/assignments postllm/submissions_cs5_s2023/submission_218602965/final.py,1029,6.025,1.5549076773566568,17.687074829931973,4,233,257.25,-1,2,1.239,5,CS5,s2023,2023
/Users/summer-2024/Desktop/code metrics 25/All-Data/CS5-Data/assignments postllm/submissions_cs5_s2023/submission_218939049/final.py,200,9.5,24.0,28.499999999999996,5,28,40.0,5,1,1.273,6,CS5,s2023,2023
/Users/summer-2024/Desktop/code metrics 25/All-Data/CS5-Data/assignments postllm/submissions_cs5_s2023/submission_218947010/LB.py,71,29.577,19.718309859154928,21.12676056338028,4,12,17.75,-1,2,1.276,5,CS5,s2023,2023
/Users/summer-2024/Desktop/code metrics 25/All-Data/CS35-Data/assignments postllm/submissions_cs35_s2023/submission_185243490/final|cs35 final project reflection.py,19,0.0,0.0,63.1578947368421,0,2,0.0,0,0,1.424,2,CS35,s2023,2023
/Users/summer-2024/Desktop/code metrics 25/All-Data/CS5-Data/assignments postllm/submissions_cs5_s2023/submission_219275570/finalproject.py,121,4.959,23.96694214876033,15.702479338842975,9,24,13.444444444444445,4,4,1.218,5,CS5,s2023,2023
/Users/summer-2024/Desktop/code metrics 25/All-Data/CS5-Data/assignments postllm/submissions_cs5_s2023/submission_218957259/final.py,419,36.754,10.023866348448689,16.467780429594274,11,54,38.09090909090909,1,1,1.315,4,CS5,s2023,2023
/Users/summer-2024/Desktop/code metrics 25/All-Data/CS5-Data/assignments postllm/submissions_cs5_s2023/submission_218514572/final.py,545,20.55,11.926605504587156,14.12844036697248,11,58,49.54545454545455,5,2,1.303,5,CS5,s2023,2023
/Users/summer-2024/Desktop/code metrics 25/All-Data/CS5-Data/assignments postllm/submissions_cs5_s2023/submission_219236685/final.py,956,25.732,4.602510460251046,16.631799163179917,16,99,59.75,1,2,1.323,4,CS5,s2023,2023
/Users/summer-2024/Desktop/code metrics 25/All-Data/CS5-Data/assignments postllm/submissions_cs5_s2023/submission_218956758/final.py,726,17.493,4.40771349862259,19.14600550964187,12,102,60.5,6,2,1.276,5,CS5,s2023,2023
/Users/summer-2024/Desktop/code metrics 25/All-Data/CS5-Data/assignments postllm/submissions_cs5_s2023/submission_218454521/final.py,437,7.551,12.814645308924485,4.3478260869565215,13,185,33.61538461538461,25,3,1.283,7,CS5,s2023,2023
/Users/summer-2024/Desktop/code metrics 25/All-Data/CS35-Data/assignments postllm/submissions_cs35_s2023/submission_185215161/final|finalProject.py,2493,2.647,0.0,4.853590052146009,0,594,0.0,296,0,1.483,4,CS35,s2023,2023
/Users/summer-2024/Desktop/code metrics 25/All-Data/CS5-Data/assignments postllm/submissions_cs5_s2023/submission_219103366/final.py,443,13.77,37.24604966139955,34.31151241534989,13,48,34.07692307692308,-1,3,1.281,5,CS5,s2023,2023
/Users/summer-2024/Desktop/code metrics 25/All-Data/CS5-Data/assignments postllm/submissions_cs5_s2023/submission_218258371/final.py,416,28.846,18.028846153846153,18.509615384615387,15,55,27.733333333333334,9,3,1.278,7,CS5,s2023,2023
/Users/summer-2024/Desktop/code metrics 25/All-Data/CS35-Data/assignments postllm/submissions_cs35_s2023/submission_185173178/final|letter_dreamer.py,540,25.926,11.851851851851851,34.629629629629626,2,10,270.0,0,1,1.312,5,CS35,s2023,2023
/Users/summer-2024/Desktop/code metrics 25/All-Data/CS5-Data/assignments postllm/submissions_cs5_s2023/submission_218622907/final.py,255,17.255,9.411764705882351,9.019607843137257,12,103,21.25,23,2,1.324,7,CS5,s2023,2023
/Users/summer-2024/Desktop/code metrics 25/All-Data/CS5-Data/assignments postllm/submissions_cs5_s2023/submission_218788544/final.py,492,25.407,7.113821138211382,22.76422764227642,17,40,28.941176470588236,3,3,1.267,4,CS5,s2023,2023
/Users/summer-2024/Desktop/code metrics 25/All-Data/CS5-Data/assignments postllm/submissions_cs5_s2023/submission_218502148/final.py,236,7.203,13.983050847457626,22.033898305084744,9,64,26.22222222222222,10,2,1.319,6,CS5,s2023,2023
/Users/summer-2024/Desktop/code metrics 25/All-Data/CS5-Data/assignments postllm/submissions_cs5_s2023/submission_218840671/final.py,486,32.51,12.139917695473253,7.4074074074074066,11,96,44.18181818181818,9,2,1.281,5,CS5,s2023,2023
/Users/summer-2024/Desktop/code metrics 25/All-Data/CS5-Data/assignments postllm/submissions_cs5_s2023/submission_218808290/final.py,348,36.207,8.045977011494253,16.379310344827587,7,50,49.714285714285715,1,2,1.305,4,CS5,s2023,2023
/Users/summer-2024/Desktop/code metrics 25/All-Data/CS5-Data/assignments postllm/submissions_cs5_s2023/submission_219204632/dictnry.py,1,0.0,0.0,0.0,0,2,0.0,0,0,1.305,2,CS5,s2023,2023
/Users/summer-2024/Desktop/code metrics 25/All-Data/CS5-Data/assignments postllm/submissions_cs5_s2023/submission_218504208/final.py,182,0.549,0.0,10.43956043956044,15,74,12.133333333333333,21,4,1.253,6,CS5,s2023,2023
/Users/summer-2024/Desktop/code metrics 25/All-Data/CS5-Data/assignments postllm/submissions_cs5_s2023/submission_219268030/final.py,458,27.511,10.698689956331878,22.707423580786028,13,51,35.23076923076923,4,2,1.29,5,CS5,s2023,2023
/Users/summer-2024/Desktop/code metrics 25/All-Data/CS5-Data/assignments postllm/submissions_cs5_s2023/submission_218934502/final.py,321,38.318,8.09968847352025,18.06853582554517,6,68,53.5,1,2,1.271,4,CS5,s2023,2023
/Users/summer-2024/Desktop/code metrics 25/All-Data/CS5-Data/assignments postllm/submissions_cs5_s2023/submission_218858940/textmodel.py,350,15.143,19.142857142857142,13.428571428571429,15,62,23.333333333333332,12,3,1.288,8,CS5,s2023,2023
/Users/summer-2024/Desktop/code metrics 25/All-Data/CS5-Data/assignments postllm/submissions_cs5_s2023/submission_218909706/mancala.py,323,10.526,10.21671826625387,18.26625386996904,14,121,23.071428571428573,-1,3,1.262,6,CS5,s2023,2023
/Users/summer-2024/Desktop/code metrics 25/All-Data/CS5-Data/assignments postllm/submissions_cs5_s2023/submission_219051344/final.py,400,11.25,16.5,12.0,16,78,25.0,11,2,1.266,7,CS5,s2023,2023
/Users/summer-2024/Desktop/code metrics 25/All-Data/CS5-Data/assignments postllm/submissions_cs5_s2023/submission_218956170/final.py,515,21.359,6.796116504854369,18.83495145631068,8,148,64.375,-1,2,1.335,5,CS5,s2023,2023
/Users/summer-2024/Desktop/code metrics 25/All-Data/CS5-Data/assignments postllm/submissions_cs5_s2023/submission_219250177/porter.py,375,4.267,34.93333333333333,10.933333333333334,17,240,22.058823529411764,5,2,1.312,7,CS5,s2023,2023
/Users/summer-2024/Desktop/code metrics 25/All-Data/CS5-Data/assignments postllm/submissions_cs5_s2023/submission_218319059/final.py,512,24.609,7.03125,17.578125,12,44,42.666666666666664,2,2,1.303,4,CS5,s2023,2023
/Users/summer-2024/Desktop/code metrics 25/All-Data/CS5-Data/assignments postllm/submissions_cs5_s2023/submission_218904612/finale.py,280,2.857,16.071428571428573,8.214285714285714,11,123,25.454545454545453,19,3,1.301,6,CS5,s2023,2023
/Users/summer-2024/Desktop/code metrics 25/All-Data/CS5-Data/assignments postllm/submissions_cs5_s2023/submission_218932817/textmodel.py,193,10.363,16.580310880829018,10.362694300518134,15,42,12.866666666666667,9,3,1.32,6,CS5,s2023,2023
/Users/summer-2024/Desktop/code metrics 25/All-Data/CS5-Data/assignments postllm/submissions_cs5_s2023/submission_218956115/final(collisions).py,391,33.504,11.253196930946292,19.437340153452684,10,38,39.1,3,2,1.301,5,CS5,s2023,2023
/Users/summer-2024/Desktop/code metrics 25/All-Data/CS5-Data/assignments postllm/submissions_cs5_s2023/submission_218949929/final.py,474,0.211,10.337552742616031,13.71308016877637,12,161,39.5,41,4,1.289,5,CS5,s2023,2023
/Users/summer-2024/Desktop/code metrics 25/All-Data/CS5-Data/assignments postllm/submissions_cs5_s2023/submission_218322865/final_project.py,434,13.364,25.115207373271893,23.50230414746544,15,66,28.933333333333337,-1,3,1.265,8,CS5,s2023,2023
/Users/summer-2024/Desktop/code metrics 25/All-Data/CS35-Data/assignments postllm/submissions_cs35_s2023/submission_185186492/final|Final_Proj_V1.py,753,13.28,5.9760956175298805,28.950863213811424,24,79,31.375,22,3,1.791,8,CS35,s2023,2023
/Users/summer-2024/Desktop/code metrics 25/All-Data/CS5-Data/assignments postllm/submissions_cs5_s2023/submission_216326438/final.py,260,2.308,41.92307692307693,10.76923076923077,17,56,15.294117647058824,19,5,1.175,7,CS5,s2023,2023
/Users/summer-2024/Desktop/code metrics 25/All-Data/CS5-Data/assignments postllm/submissions_cs5_s2023/submission_218753361/final.py,606,64.026,12.046204620462046,10.396039603960396,31,255,19.548387096774192,28,8,1.259,7,CS5,s2023,2023
/Users/summer-2024/Desktop/code metrics 25/All-Data/CS5-Data/assignments postllm/submissions_cs5_s2023/submission_218957394/finalproject.py,592,11.993,16.89189189189189,10.135135135135137,20,227,29.6,26,6,1.258,6,CS5,s2023,2023
/Users/summer-2024/Desktop/code metrics 25/All-Data/CS5-Data/assignments postllm/submissions_cs5_s2023/submission_218947010/life_pyglet_example.py,160,29.375,3.75,22.5,4,32,40.0,6,2,1.3,4,CS5,s2023,2023
/Users/summer-2024/Desktop/code metrics 25/All-Data/CS5-Data/assignments postllm/submissions_cs5_s2023/submission_218538011/final.py,413,12.591,17.191283292978206,16.707021791767556,15,68,27.533333333333335,-1,2,1.3,7,CS5,s2023,2023
/Users/summer-2024/Desktop/code metrics 25/All-Data/CS5-Data/assignments postllm/submissions_cs5_s2023/submission_218940478/final.py,304,7.566,14.144736842105262,17.434210526315788,16,56,19.0,12,3,1.278,6,CS5,s2023,2023
/Users/summer-2024/Desktop/code metrics 25/All-Data/CS5-Data/assignments postllm/submissions_cs5_s2023/submission_218970224/final.py,484,26.86,5.1652892561983474,20.041322314049587,9,87,53.77777777777778,1,2,1.26,4,CS5,s2023,2023
/Users/summer-2024/Desktop/code metrics 25/All-Data/CS5-Data/assignments postllm/submissions_cs5_s2023/submission_218718703/porter.py,341,4.692,28.445747800586513,8.797653958944283,17,240,20.058823529411764,5,2,1.27,7,CS5,s2023,2023
/Users/summer-2024/Desktop/code metrics 25/All-Data/CS35-Data/assignments postllm/submissions_cs35_s2023/submission_185202057/final|Copy_of_TF_GAN_kaggle (1).py,235,9.362,0.0,29.78723404255319,7,18,33.57142857142857,6,1,1.3,7,CS35,s2023,2023
/Users/summer-2024/Desktop/code metrics 25/All-Data/CS5-Data/assignments postllm/submissions_cs5_s2023/submission_217571003/final.py,306,5.229,25.49019607843137,16.33986928104575,10,74,30.6,14,2,1.276,5,CS5,s2023,2023
/Users/summer-2024/Desktop/code metrics 25/All-Data/CS5-Data/assignments postllm/submissions_cs5_s2023/submission_218850803/finale.py,207,38.164,6.763285024154589,15.942028985507244,3,55,69.0,10,1,1.283,4,CS5,s2023,2023
/Users/summer-2024/Desktop/code metrics 25/All-Data/CS5-Data/assignments postllm/submissions_cs5_s2023/submission_218893675/final.py,283,42.049,4.240282685512367,24.73498233215548,5,46,56.6,1,2,1.264,4,CS5,s2023,2023
/Users/summer-2024/Desktop/code metrics 25/All-Data/CS5-Data/assignments postllm/submissions_cs5_s2023/submission_218960802/final.py,535,25.234,3.7383177570093458,20.0,16,167,33.4375,2,3,1.283,4,CS5,s2023,2023
/Users/summer-2024/Desktop/code metrics 25/All-Data/CS5-Data/assignments postllm/submissions_cs5_s2023/submission_218718703/milestone.py,327,13.456,18.34862385321101,18.96024464831804,15,58,21.8,-1,3,1.326,8,CS5,s2023,2023
/Users/summer-2024/Desktop/code metrics 25/All-Data/CS5-Data/assignments postllm/submissions_cs5_s2023/submission_218949944/final.py,396,6.818,12.87878787878788,27.77777777777778,14,123,28.285714285714285,20,1,1.246,6,CS5,s2023,2023
/Users/summer-2024/Desktop/code metrics 25/All-Data/CS5-Data/assignments postllm/submissions_cs5_s2023/submission_218502493/final.py,236,7.203,13.983050847457626,22.033898305084744,9,64,26.22222222222222,10,2,1.262,6,CS5,s2023,2023
/Users/summer-2024/Desktop/code metrics 25/All-Data/CS5-Data/assignments postllm/submissions_cs5_s2023/submission_218009169/final.py,333,29.129,6.906906906906906,18.91891891891892,8,52,41.625,1,1,1.297,3,CS5,s2023,2023
/Users/summer-2024/Desktop/code metrics 25/All-Data/CS5-Data/assignments postllm/submissions_cs5_s2023/submission_218938343/finalproject.py,373,12.332,20.37533512064343,24.128686327077748,15,57,24.866666666666667,-1,3,1.271,7,CS5,s2023,2023
/Users/summer-2024/Desktop/code metrics 25/All-Data/CS5-Data/assignments postllm/submissions_cs5_s2023/submission_218518686/finalproject.py,236,0.424,19.06779661016949,20.76271186440678,16,89,14.75,14,3,1.258,6,CS5,s2023,2023
/Users/summer-2024/Desktop/code metrics 25/All-Data/CS35-Data/assignments postllm/submissions_cs35_s2023/submission_185198232/final|CS35_Final_Project_Final_Save.py,3353,4.414,78.40739636146733,10.885773933790636,9,113,372.55555555555554,-1,3,1.304,5,CS35,s2023,2023
/Users/summer-2024/Desktop/code metrics 25/All-Data/CS5-Data/assignments postllm/submissions_cs5_s2023/submission_218918555/final.py,832,2.644,56.49038461538461,12.620192307692308,13,198,64.0,10,3,1.267,5,CS5,s2023,2023
/Users/summer-2024/Desktop/code metrics 25/All-Data/CS5-Data/assignments postllm/submissions_cs5_s2023/submission_218945402/final.py,163,17.178,31.901840490797547,17.791411042944784,8,30,20.375,6,1,1.277,6,CS5,s2023,2023
/Users/summer-2024/Desktop/code metrics 25/All-Data/CS5-Data/assignments postllm/submissions_cs5_s2023/submission_218954831/final.py,682,0.587,9.67741935483871,9.67741935483871,18,294,37.888888888888886,46,2,1.316,6,CS5,s2023,2023
/Users/summer-2024/Desktop/code metrics 25/All-Data/CS5-Data/assignments postllm/submissions_cs5_s2023/submission_218619257/milestone.py,327,13.456,18.34862385321101,18.96024464831804,15,58,21.8,-1,3,1.266,8,CS5,s2023,2023
/Users/summer-2024/Desktop/code metrics 25/All-Data/CS5-Data/assignments postllm/submissions_cs5_s2023/submission_219062236/finalproject.py,396,15.404,17.67676767676768,21.21212121212121,8,92,49.5,2,1,1.286,5,CS5,s2023,2023
/Users/summer-2024/Desktop/code metrics 25/All-Data/CS5-Data/assignments postllm/submissions_cs5_s2023/submission_217891845/finalproject.py,472,11.653,4.661016949152542,19.915254237288135,16,78,29.5,1,2,1.276,4,CS5,s2023,2023
/Users/summer-2024/Desktop/code metrics 25/All-Data/CS5-Data/assignments postllm/submissions_cs5_s2023/submission_217797488/final.py,357,5.322,16.246498599439775,17.92717086834734,19,129,18.789473684210527,18,3,1.248,7,CS5,s2023,2023
/Users/summer-2024/Desktop/code metrics 25/All-Data/CS5-Data/assignments postllm/submissions_cs5_s2023/submission_218628196/final.py,456,0.0,19.078947368421055,7.894736842105263,19,179,24.0,28,4,1.288,6,CS5,s2023,2023
/Users/summer-2024/Desktop/code metrics 25/All-Data/CS5-Data/assignments postllm/submissions_cs5_s2023/submission_218944887/final.py,313,2.236,0.0,11.821086261980833,7,74,44.714285714285715,4,2,1.284,3,CS5,s2023,2023
/Users/summer-2024/Desktop/code metrics 25/All-Data/CS35-Data/assignments postllm/submissions_cs35_s2023/submission_185293910/final|final_pres.py,121,8.264,17.355371900826448,37.1900826446281,3,16,40.333333333333336,4,2,1.283,5,CS35,s2023,2023
/Users/summer-2024/Desktop/code metrics 25/All-Data/CS5-Data/assignments postllm/submissions_cs5_s2023/submission_218967179/final.py,826,15.133,2.4213075060532687,18.159806295399516,21,55,39.333333333333336,1,2,1.298,4,CS5,s2023,2023
/Users/summer-2024/Desktop/code metrics 25/All-Data/CS35-Data/assignments postllm/submissions_cs35_s2023/submission_185200900/final|hw9.py,556,12.05,5.755395683453238,21.942446043165468,9,63,61.77777777777778,-1,2,1.289,6,CS35,s2023,2023
/Users/summer-2024/Desktop/code metrics 25/All-Data/CS5-Data/assignments postllm/submissions_cs5_s2023/submission_218525281/final.py,781,7.554,10.371318822023047,11.395646606914212,23,369,33.95652173913044,40,6,1.367,6,CS5,s2023,2023
/Users/summer-2024/Desktop/code metrics 25/All-Data/CS5-Data/assignments postllm/submissions_cs5_s2023/submission_218853053/final.py,306,9.15,22.22222222222222,25.163398692810457,15,63,20.4,21,3,1.24,5,CS5,s2023,2023
/Users/summer-2024/Desktop/code metrics 25/All-Data/CS5-Data/assignments postllm/submissions_cs5_s2023/submission_218484350/final.py,561,15.508,3.92156862745098,67.20142602495544,5,44,112.2,1,1,1.268,3,CS5,s2023,2023
/Users/summer-2024/Desktop/code metrics 25/All-Data/CS5-Data/assignments postllm/submissions_cs5_s2023/submission_218305391/TextID.py,389,12.596,19.28020565552699,14.910025706940877,18,68,21.61111111111111,16,3,1.255,8,CS5,s2023,2023
/Users/summer-2024/Desktop/code metrics 25/All-Data/CS5-Data/assignments postllm/submissions_cs5_s2023/submission_218155142/final.py,305,27.869,6.885245901639345,22.62295081967213,7,46,43.57142857142857,4,2,1.299,5,CS5,s2023,2023
/Users/summer-2024/Desktop/code metrics 25/All-Data/CS5-Data/assignments postllm/submissions_cs5_s2023/submission_218904832/final.py,397,17.884,21.662468513853906,18.1360201511335,16,56,24.8125,10,3,1.291,7,CS5,s2023,2023
/Users/summer-2024/Desktop/code metrics 25/All-Data/CS5-Data/assignments postllm/submissions_cs5_s2023/submission_218943739/CS5Finalproject.py,962,1.04,12.57796257796258,13.201663201663202,8,169,120.25,10,1,1.289,7,CS5,s2023,2023
/Users/summer-2024/Desktop/code metrics 25/All-Data/CS5-Data/assignments postllm/submissions_cs5_s2023/submission_219204632/final.py,1529,2.093,4.381948986265534,24.13342053629823,65,381,23.523076923076925,52,5,1.314,8,CS5,s2023,2023
/Users/summer-2024/Desktop/code metrics 25/All-Data/CS5-Data/assignments postllm/submissions_cs5_s2023/submission_219204632/bigD.py,1,100.0,0.0,0.0,0,2,0.0,-1,0,1.373,2,CS5,s2023,2023
/Users/summer-2024/Desktop/code metrics 25/All-Data/CS5-Data/assignments postllm/submissions_cs5_s2023/submission_218923104/FinalProject.py,139,9.353,23.7410071942446,10.79136690647482,9,41,15.444444444444445,7,3,1.239,7,CS5,s2023,2023
/Users/summer-2024/Desktop/code metrics 25/All-Data/CS5-Data/assignments postllm/submissions_cs5_s2023/submission_218562645/final.py,336,20.238,5.357142857142857,22.916666666666664,8,58,42.0,5,1,1.273,4,CS5,s2023,2023
/Users/summer-2024/Desktop/code metrics 25/All-Data/CS5-Data/assignments postllm/submissions_cs5_s2023/submission_217966231/final.py,383,12.533,19.06005221932115,20.365535248041773,15,67,25.533333333333335,12,3,1.327,7,CS5,s2023,2023
/Users/summer-2024/Desktop/code metrics 25/All-Data/CS5-Data/assignments postllm/submissions_cs5_s2023/submission_218622907/wordle_valid_guesses.py,14857,0.074,0.0,0.0,0,2,0.0,-1,0,1.278,2,CS5,s2023,2023
/Users/summer-2024/Desktop/code metrics 25/All-Data/CS5-Data/assignments postllm/submissions_cs5_s2023/submission_217679803/final.py,504,24.008,8.531746031746032,19.246031746031747,14,184,36.0,31,5,1.294,6,CS5,s2023,2023
/Users/summer-2024/Desktop/code metrics 25/All-Data/CS5-Data/assignments postllm/submissions_cs5_s2023/submission_217988601/final.py,1811,2.154,5.080066261733849,7.1783545002760905,37,1455,48.945945945945944,151,5,,7,CS5,s2023,2023
/Users/summer-2024/Desktop/code metrics 25/All-Data/CS5-Data/assignments postllm/submissions_cs5_s2023/submission_219264026/final.py,114,4.386,0.0,17.543859649122805,10,42,11.4,6,3,1.313,4,CS5,s2023,2023
/Users/summer-2024/Desktop/code metrics 25/All-Data/CS35-Data/assignments postllm/submissions_cs35_s2023/submission_185190518/erika_cs35/final|final_project_erika_.py,1075,30.233,7.441860465116279,31.348837209302328,8,38,134.375,-1,2,1.271,7,CS35,s2023,2023
/Users/summer-2024/Desktop/code metrics 25/All-Data/CS35-Data/assignments postllm/submissions_cs35_s2023/submission_185186492/final|Final_Proj_V2.py,366,9.016,7.923497267759563,25.956284153005463,15,32,24.4,8,3,1.804,8,CS35,s2023,2023
/Users/summer-2024/Desktop/code metrics 25/All-Data/CS5-Data/assignments postllm/submissions_cs5_s2023/submission_218967166/final.py,682,0.587,9.67741935483871,9.67741935483871,18,294,37.888888888888886,46,2,1.3,6,CS5,s2023,2023
/Users/summer-2024/Desktop/code metrics 25/All-Data/CS35-Data/assignments postllm/submissions_cs35_s2023/submission_185193739/final|Johnny Yang Project.py,480,31.875,0.0,32.083333333333336,1,29,480.0,-1,1,1.345,6,CS35,s2023,2023
/Users/summer-2024/Desktop/code metrics 25/All-Data/CS5-Data/assignments postllm/submissions_cs5_s2023/submission_218816019/Finalproject.py,389,11.568,4.113110539845758,17.480719794344473,7,74,55.57142857142857,10,1,1.311,5,CS5,s2023,2023
/Users/summer-2024/Desktop/code metrics 25/All-Data/CS5-Data/assignments postllm/submissions_cs5_s2023/submission_218516844/final.py,312,21.795,13.141025641025642,17.94871794871795,14,79,22.285714285714285,-1,3,1.299,6,CS5,s2023,2023
/Users/summer-2024/Desktop/code metrics 25/All-Data/CS35-Data/assignments postllm/submissions_cs35_s2023/submission_185197848/final|final_project.py,641,26.677,2.1840873634945397,29.329173166926676,10,64,64.1,-1,2,1.265,7,CS35,s2023,2023
/Users/summer-2024/Desktop/code metrics 25/All-Data/CS5-Data/assignments postllm/submissions_cs5_s2023/submission_218878012/final.py,344,11.047,16.27906976744186,7.267441860465117,16,111,21.5,16,4,1.249,6,CS5,s2023,2023
/Users/summer-2024/Desktop/code metrics 25/All-Data/CS5-Data/assignments postllm/submissions_cs5_s2023/submission_219241907/final.py,407,18.428,5.405405405405405,25.7985257985258,10,51,40.7,-1,2,1.287,4,CS5,s2023,2023
/Users/summer-2024/Desktop/code metrics 25/All-Data/CS5-Data/assignments postllm/submissions_cs5_s2023/submission_217888476/final.py,366,13.661,26.775956284153008,18.0327868852459,15,52,24.4,9,3,1.278,8,CS5,s2023,2023
/Users/summer-2024/Desktop/code metrics 25/All-Data/CS5-Data/assignments postllm/submissions_cs5_s2023/submission_217580080/final.py,296,27.703,3.040540540540541,30.405405405405407,3,52,98.66666666666669,4,1,1.286,4,CS5,s2023,2023
/Users/summer-2024/Desktop/code metrics 25/All-Data/CS5-Data/assignments postllm/submissions_cs5_s2023/submission_220884398/final_project (2).py,697,26.829,7.4605451936872305,31.850789096126253,16,90,43.5625,2,2,1.27,4,CS5,s2023,2023
/Users/summer-2024/Desktop/code metrics 25/All-Data/CS5-Data/assignments postllm/submissions_cs5_s2023/submission_218575183/game.py,20,5.0,0.0,25.0,0,8,0.0,1,0,1.336,3,CS5,s2023,2023
/Users/summer-2024/Desktop/code metrics 25/All-Data/CS5-Data/assignments postllm/submissions_cs5_s2023/submission_218962138/final.py,728,1.099,4.532967032967033,7.417582417582418,12,292,60.666666666666664,15,2,1.294,6,CS5,s2023,2023
/Users/summer-2024/Desktop/code metrics 25/All-Data/CS5-Data/assignments postllm/submissions_cs5_s2023/submission_217973499/final.py,1554,11.583,8.880308880308881,17.63191763191763,48,610,32.375,73,4,1.338,7,CS5,s2023,2023
/Users/summer-2024/Desktop/code metrics 25/All-Data/CS5-Data/assignments postllm/submissions_cs5_s2023/submission_218584006/final.py,490,3.469,13.877551020408164,11.020408163265309,24,244,20.416666666666668,65,3,1.252,6,CS5,s2023,2023
/Users/summer-2024/Desktop/code metrics 25/All-Data/CS5-Data/assignments postllm/submissions_cs5_s2023/submission_218956115/final(snow).py,412,31.311,11.650485436893204,20.631067961165048,11,38,37.45454545454545,3,2,1.283,5,CS5,s2023,2023
/Users/summer-2024/Desktop/code metrics 25/All-Data/CS5-Data/assignments postllm/submissions_cs5_s2023/submission_218871129/final.py,386,4.145,9.585492227979271,16.580310880829018,14,54,27.571428571428573,3,4,1.292,5,CS5,s2023,2023
/Users/summer-2024/Desktop/code metrics 25/All-Data/CS5-Data/assignments postllm/submissions_cs5_s2023/submission_218810885/final.py,192,5.208,0.0,16.145833333333336,20,50,9.6,15,4,,8,CS5,s2023,2023
/Users/summer-2024/Desktop/code metrics 25/All-Data/CS5-Data/assignments postllm/submissions_cs5_s2023/submission_218946156/final.py,123,0.813,3.2520325203252036,1.6260162601626018,1,87,123.0,4,1,1.266,6,CS5,s2023,2023
/Users/summer-2024/Desktop/code metrics 25/All-Data/CS5-Data/assignments postllm/submissions_cs5_s2023/submission_218956216/FinalProject(Collision).py,390,33.333,11.282051282051285,19.230769230769234,10,38,39.0,3,2,1.284,5,CS5,s2023,2023
/Users/summer-2024/Desktop/code metrics 25/All-Data/CS5-Data/assignments postllm/submissions_cs5_s2023/submission_218867146/final.py,786,8.397,8.9058524173028,23.02798982188295,36,304,21.833333333333332,26,9,1.283,7,CS5,s2023,2023
/Users/summer-2024/Desktop/code metrics 25/All-Data/CS5-Data/assignments postllm/submissions_cs5_s2023/submission_218274380/final.py,240,14.583,13.333333333333334,17.5,12,40,20.0,4,2,1.294,6,CS5,s2023,2023
/Users/summer-2024/Desktop/code metrics 25/All-Data/CS5-Data/assignments postllm/submissions_cs5_s2023/submission_218566082/final.py,324,1.543,10.493827160493826,17.28395061728395,9,97,36.0,8,2,1.275,6,CS5,s2023,2023
/Users/summer-2024/Desktop/code metrics 25/All-Data/CS5-Data/assignments postllm/submissions_cs5_s2023/submission_219204632/prompts.py,834,0.12,100.83932853717026,0.7194244604316548,1,6,834.0,-1,1,1.288,3,CS5,s2023,2023
/Users/summer-2024/Desktop/code metrics 25/All-Data/CS5-Data/assignments postllm/submissions_cs5_s2023/submission_218950005/final.py,474,0.211,10.337552742616031,13.71308016877637,12,161,39.5,41,4,1.29,5,CS5,s2023,2023
/Users/summer-2024/Desktop/code metrics 25/All-Data/CS5-Data/assignments postllm/submissions_cs5_s2023/submission_219265322/final.py,114,4.386,0.0,17.543859649122805,10,42,11.4,6,3,1.278,3,CS5,s2023,2023
/Users/summer-2024/Desktop/code metrics 25/All-Data/CS5-Data/assignments postllm/submissions_cs5_s2023/submission_218932817/Extras.py,89,20.225,43.82022471910113,15.730337078651685,2,6,44.5,-1,2,1.269,3,CS5,s2023,2023
/Users/summer-2024/Desktop/code metrics 25/All-Data/CS5-Data/assignments postllm/submissions_cs5_s2023/submission_218955265/final.py,435,20.0,6.896551724137931,15.402298850574711,9,42,48.333333333333336,5,2,1.247,5,CS5,s2023,2023
/Users/summer-2024/Desktop/code metrics 25/All-Data/CS5-Data/assignments postllm/submissions_cs5_s2023/submission_218918832/final.py,514,17.899,15.56420233463035,21.595330739299612,16,70,32.125,12,3,1.297,8,CS5,s2023,2023
/Users/summer-2024/Desktop/code metrics 25/All-Data/CS5-Data/assignments postllm/submissions_cs5_s2023/submission_218969804/final.py,290,22.759,22.758620689655174,7.931034482758621,18,60,16.11111111111111,-1,4,1.285,8,CS5,s2023,2023
/Users/summer-2024/Desktop/code metrics 25/All-Data/CS5-Data/assignments postllm/submissions_cs5_s2023/submission_219250177/starter.py,391,24.041,14.578005115089516,24.296675191815854,15,50,26.066666666666663,9,3,1.264,7,CS5,s2023,2023
/Users/summer-2024/Desktop/code metrics 25/All-Data/CS5-Data/assignments postllm/submissions_cs5_s2023/submission_219026562/final.py,366,15.847,16.666666666666664,21.584699453551913,17,95,21.529411764705884,22,4,1.245,8,CS5,s2023,2023
/Users/summer-2024/Desktop/code metrics 25/All-Data/CS5-Data/assignments postllm/submissions_cs5_su2024/submission_256943399/final|final.py,568,23.063,19.014084507042252,10.915492957746478,27,111,21.03703703703704,-1,3,1.388,8,CS5,su2024,2024
/Users/summer-2024/Desktop/code metrics 25/All-Data/CS5-Data/assignments postllm/submissions_cs5_s2024/submission_296776844/final.py,276,0.725,7.971014492753622,14.492753623188406,12,110,23.0,19,2,1.276,6,CS5,s2024,2024
/Users/summer-2024/Desktop/code metrics 25/All-Data/CS5-Data/assignments postllm/submissions_cs5_s2024/submission_295085326/final.py,341,15.543,18.181818181818183,21.407624633431084,15,62,22.733333333333334,8,3,1.262,7,CS5,s2024,2024
/Users/summer-2024/Desktop/code metrics 25/All-Data/CS35-Data/assignments postllm/submissions_cs35_s2024/submission_259740288/text_file_650342752-main.py,39,35.897,0.0,17.94871794871795,0,10,0.0,2,0,1.269,4,CS35,s2024,2024
/Users/summer-2024/Desktop/code metrics 25/All-Data/CS5-Data/assignments postllm/submissions_cs5_s2024/submission_295502905/final.py,336,6.548,13.690476190476192,18.452380952380953,15,97,22.4,10,3,1.274,7,CS5,s2024,2024
/Users/summer-2024/Desktop/code metrics 25/All-Data/CS5-Data/assignments postllm/submissions_cs5_s2024/submission_294767792/final.py,961,3.018,7.1800208116545265,13.423517169614986,16,389,60.0625,54,3,1.284,6,CS5,s2024,2024
/Users/summer-2024/Desktop/code metrics 25/All-Data/CS5-Data/assignments postllm/submissions_cs5_s2024/submission_295438829/final.py,270,1.111,23.703703703703702,18.14814814814815,17,72,15.882352941176473,22,3,1.284,7,CS5,s2024,2024
/Users/summer-2024/Desktop/code metrics 25/All-Data/CS5-Data/assignments postllm/submissions_cs5_s2024/submission_295394328/final.py,555,15.495,8.468468468468467,18.73873873873874,16,196,34.6875,35,5,1.274,8,CS5,s2024,2024
/Users/summer-2024/Desktop/code metrics 25/All-Data/CS35-Data/assignments postllm/submissions_cs35_s2024/submission_259791202/final|text_file_650463403-AK_FinalProject_Predictions.py,343,26.822,0.0,30.32069970845481,1,6,343.0,1,1,1.292,5,CS35,s2024,2024
/Users/summer-2024/Desktop/code metrics 25/All-Data/CS5-Data/assignments postllm/submissions_cs5_s2024/submission_295487428/final.py,231,24.675,9.523809523809524,15.584415584415584,10,94,23.1,18,3,1.291,7,CS5,s2024,2024
/Users/summer-2024/Desktop/code metrics 25/All-Data/CS5-Data/assignments postllm/submissions_cs5_s2024/submission_295474157/final.py,483,6.832,11.387163561076605,17.391304347826086,19,200,25.42105263157895,9,2,1.254,6,CS5,s2024,2024
/Users/summer-2024/Desktop/code metrics 25/All-Data/CS5-Data/assignments postllm/submissions_cs5_s2024/submission_295420155/final.py,99,30.303,4.040404040404041,17.17171717171717,3,22,33.0,2,2,1.284,4,CS5,s2024,2024
/Users/summer-2024/Desktop/code metrics 25/All-Data/CS5-Data/assignments postllm/submissions_cs5_s2024/submission_294887726/final.py,341,30.792,7.038123167155426,23.46041055718475,10,66,34.1,16,2,1.319,5,CS5,s2024,2024
/Users/summer-2024/Desktop/code metrics 25/All-Data/CS5-Data/assignments postllm/submissions_cs5_s2024/submission_294306097/final.py,79,6.329,0.0,11.39240506329114,3,28,26.333333333333332,5,2,1.303,5,CS5,s2024,2024
/Users/summer-2024/Desktop/code metrics 25/All-Data/CS5-Data/assignments postllm/submissions_cs5_s2024/submission_295670464/finalProject.py,1913,9.88,1.0454783063251438,12.388917929952951,40,820,47.825,-1,4,1.278,6,CS5,s2024,2024
/Users/summer-2024/Desktop/code metrics 25/All-Data/CS5-Data/assignments postllm/submissions_cs5_s2024/submission_293688640/final (1).py,241,6.224,10.78838174273859,15.767634854771783,13,83,18.53846153846154,13,4,1.273,7,CS5,s2024,2024
/Users/summer-2024/Desktop/code metrics 25/All-Data/CS5-Data/assignments postllm/submissions_cs5_s2024/submission_294202302/final.py.py,328,31.707,4.2682926829268295,25.0,3,51,109.33333333333331,1,2,1.251,3,CS5,s2024,2024
/Users/summer-2024/Desktop/code metrics 25/All-Data/CS5-Data/assignments postllm/submissions_cs5_s2024/submission_295417507/final.py,260,15.0,5.384615384615385,21.53846153846154,10,57,26.0,4,1,1.285,3,CS5,s2024,2024
/Users/summer-2024/Desktop/code metrics 25/All-Data/CS5-Data/assignments postllm/submissions_cs5_s2024/submission_298404398/hmc5firstsemfinal/selfplayai.py,105,0.952,0.0,5.714285714285714,6,43,17.5,3,3,1.293,5,CS5,s2024,2024
/Users/summer-2024/Desktop/code metrics 25/All-Data/CS5-Data/assignments postllm/submissions_cs5_s2024/submission_295376945/final.py,301,8.306,1.9933554817275747,11.627906976744184,17,79,17.705882352941178,12,3,1.258,8,CS5,s2024,2024
/Users/summer-2024/Desktop/code metrics 25/All-Data/CS5-Data/assignments postllm/submissions_cs5_su2024/submission_256964538/dodds_poker_room.py,335,31.642,0.0,8.059701492537313,11,86,30.454545454545453,5,3,1.31,6,CS5,su2024,2024
/Users/summer-2024/Desktop/code metrics 25/All-Data/CS5-Data/assignments postllm/submissions_cs5_s2024/submission_295502795/final.py,485,0.619,11.752577319587628,11.958762886597938,19,197,25.526315789473685,29,5,1.285,7,CS5,s2024,2024
/Users/summer-2024/Desktop/code metrics 25/All-Data/CS5-Data/assignments postllm/submissions_cs5_su2024/submission_258399048/final.py,132,6.061,0.0,18.181818181818183,8,42,16.5,1,1,1.283,5,CS5,su2024,2024
/Users/summer-2024/Desktop/code metrics 25/All-Data/CS5-Data/assignments postllm/submissions_cs5_s2024/submission_295576117/csfinale.py,432,25.463,9.49074074074074,18.28703703703704,11,56,39.27272727272727,-1,2,1.3,4,CS5,s2024,2024
/Users/summer-2024/Desktop/code metrics 25/All-Data/CS5-Data/assignments postllm/submissions_cs5_s2024/submission_295384050/final.py,300,13.667,13.666666666666666,22.333333333333332,16,14,18.75,-1,3,1.348,7,CS5,s2024,2024
/Users/summer-2024/Desktop/code metrics 25/All-Data/CS5-Data/assignments postllm/submissions_cs5_s2024/submission_294149455/final.py,341,8.211,19.35483870967742,14.95601173020528,17,125,20.058823529411764,31,3,1.279,5,CS5,s2024,2024
/Users/summer-2024/Desktop/code metrics 25/All-Data/CS5-Data/assignments postllm/submissions_cs5_su2024/submission_256966565/final.py,240,7.917,2.5,23.333333333333332,2,60,120.0,4,1,1.268,4,CS5,su2024,2024
/Users/summer-2024/Desktop/code metrics 25/All-Data/CS5-Data/assignments postllm/submissions_cs5_s2024/submission_295504832/finaltextID.py,292,19.521,10.95890410958904,16.78082191780822,15,65,19.466666666666665,12,3,1.267,7,CS5,s2024,2024
/Users/summer-2024/Desktop/code metrics 25/All-Data/CS5-Data/assignments postllm/submissions_cs5_s2024/submission_295461195/wordle_final.py,134,11.94,23.88059701492537,15.671641791044776,6,40,22.333333333333332,5,3,1.267,6,CS5,s2024,2024
/Users/summer-2024/Desktop/code metrics 25/All-Data/CS5-Data/assignments postllm/submissions_cs5_s2024/submission_294518279/finale.py,150,10.667,16.666666666666664,14.000000000000002,5,58,30.0,-1,4,1.255,6,CS5,s2024,2024
/Users/summer-2024/Desktop/code metrics 25/All-Data/CS5-Data/assignments postllm/submissions_cs5_s2024/submission_295584051/finalproject.py,316,25.949,1.89873417721519,14.873417721518988,8,58,39.5,6,2,1.26,6,CS5,s2024,2024
/Users/summer-2024/Desktop/code metrics 25/All-Data/CS5-Data/assignments postllm/submissions_cs5_s2024/submission_295494493/final.py,285,4.912,16.49122807017544,10.526315789473683,18,106,15.833333333333334,27,3,1.306,8,CS5,s2024,2024
/Users/summer-2024/Desktop/code metrics 25/All-Data/CS5-Data/assignments postllm/submissions_cs5_s2024/submission_294954375/finalproject.py,294,12.245,5.782312925170068,26.53061224489796,15,108,19.6,18,3,1.277,5,CS5,s2024,2024
/Users/summer-2024/Desktop/code metrics 25/All-Data/CS5-Data/assignments postllm/submissions_cs5_s2024/submission_295477481/final.py,270,1.111,23.703703703703702,18.14814814814815,17,72,15.882352941176473,22,3,1.327,7,CS5,s2024,2024
/Users/summer-2024/Desktop/code metrics 25/All-Data/CS5-Data/assignments postllm/submissions_cs5_s2024/submission_298404398/hmc5firstsemfinal/main.py,4,0.0,0.0,0.0,0,4,0.0,0,0,1.266,2,CS5,s2024,2024
/Users/summer-2024/Desktop/code metrics 25/All-Data/CS5-Data/assignments postllm/submissions_cs5_s2024/submission_294306354/final.py,81,2.469,0.0,18.51851851851852,3,28,27.0,5,2,1.286,5,CS5,s2024,2024
/Users/summer-2024/Desktop/code metrics 25/All-Data/CS5-Data/assignments postllm/submissions_cs5_s2024/submission_295428966/Final.py,477,28.721,4.1928721174004195,22.851153039832283,12,118,39.75,28,2,1.278,6,CS5,s2024,2024
/Users/summer-2024/Desktop/code metrics 25/All-Data/CS5-Data/assignments postllm/submissions_cs5_s2024/submission_295491985/final.py,458,21.397,11.353711790393014,21.83406113537118,6,45,76.33333333333333,-1,1,1.259,5,CS5,s2024,2024
/Users/summer-2024/Desktop/code metrics 25/All-Data/CS5-Data/assignments postllm/submissions_cs5_s2024/submission_294607403/final.py,410,25.366,13.658536585365855,19.51219512195122,17,80,24.11764705882353,3,2,1.34,5,CS5,s2024,2024
/Users/summer-2024/Desktop/code metrics 25/All-Data/CS5-Data/assignments postllm/submissions_cs5_s2024/submission_295061032/final.py,175,16.571,5.714285714285714,18.857142857142858,4,42,43.75,-1,2,1.291,5,CS5,s2024,2024
/Users/summer-2024/Desktop/code metrics 25/All-Data/CS5-Data/assignments postllm/submissions_cs5_s2024/submission_295416350/porter.py,375,4.267,34.93333333333333,10.933333333333334,17,240,22.058823529411764,5,2,1.264,7,CS5,s2024,2024
/Users/summer-2024/Desktop/code metrics 25/All-Data/CS5-Data/assignments postllm/submissions_cs5_s2024/submission_295446918/final.py,127,12.598,3.149606299212598,18.89763779527559,7,40,18.142857142857142,9,2,1.265,7,CS5,s2024,2024
/Users/summer-2024/Desktop/code metrics 25/All-Data/CS5-Data/assignments postllm/submissions_cs5_s2024/submission_298515658/richardchiu+thomaschiu_VpythonProject.py,131,3.053,0.0,19.083969465648856,8,49,16.375,5,2,1.271,4,CS5,s2024,2024
/Users/summer-2024/Desktop/code metrics 25/All-Data/CS5-Data/assignments postllm/submissions_cs5_s2024/submission_295469661/final.py,320,25.312,6.875000000000001,21.875,5,48,64.0,1,1,1.313,4,CS5,s2024,2024
/Users/summer-2024/Desktop/code metrics 25/All-Data/CS5-Data/assignments postllm/submissions_cs5_s2024/submission_295582004/milestone.py,316,25.949,1.89873417721519,14.873417721518988,8,58,39.5,6,2,1.249,6,CS5,s2024,2024
/Users/summer-2024/Desktop/code metrics 25/All-Data/CS5-Data/assignments postllm/submissions_cs5_s2024/submission_295103322/Battleship.py,691,3.039,8.104196816208393,28.65412445730825,24,329,28.791666666666668,59,3,1.266,6,CS5,s2024,2024
/Users/summer-2024/Desktop/code metrics 25/All-Data/CS35-Data/assignments postllm/submissions_cs35_s2024/submission_259793909/final|text_file_650471722-Codenames.py,502,18.127,2.98804780876494,27.88844621513944,9,78,55.77777777777778,-1,2,1.593,6,CS35,s2024,2024
/Users/summer-2024/Desktop/code metrics 25/All-Data/CS35-Data/assignments postllm/submissions_cs35_s2024/submission_259810734/final|text_file_650534888-teaData.py,397,16.373,6.045340050377834,25.440806045340057,10,158,39.7,12,2,1.276,7,CS35,s2024,2024
/Users/summer-2024/Desktop/code metrics 25/All-Data/CS5-Data/assignments postllm/submissions_cs5_s2024/submission_294853677/final.py,110,11.818,0.0,10.909090909090908,7,44,15.714285714285714,3,3,1.273,4,CS5,s2024,2024
/Users/summer-2024/Desktop/code metrics 25/All-Data/CS5-Data/assignments postllm/submissions_cs5_s2024/submission_294538640/final-finale.py,435,15.172,11.494252873563218,16.32183908045977,16,76,27.1875,6,2,1.359,7,CS5,s2024,2024
/Users/summer-2024/Desktop/code metrics 25/All-Data/CS5-Data/assignments postllm/submissions_cs5_s2024/submission_295651674/final.py,307,1.954,18.892508143322477,13.029315960912053,13,140,23.615384615384617,-1,5,1.297,6,CS5,s2024,2024
/Users/summer-2024/Desktop/code metrics 25/All-Data/CS5-Data/assignments postllm/submissions_cs5_s2024/submission_295506266/starter.py,345,2.319,23.768115942028984,16.52173913043478,18,113,19.166666666666668,-1,4,1.237,4,CS5,s2024,2024
/Users/summer-2024/Desktop/code metrics 25/All-Data/CS5-Data/assignments postllm/submissions_cs5_s2024/submission_295438145/final.py,99,30.303,4.040404040404041,17.17171717171717,3,22,33.0,2,2,1.31,4,CS5,s2024,2024
/Users/summer-2024/Desktop/code metrics 25/All-Data/CS5-Data/assignments postllm/submissions_cs5_su2024/submission_258436503/final.py,102,13.725,0.0,13.725490196078432,8,31,12.75,4,3,1.273,4,CS5,su2024,2024
/Users/summer-2024/Desktop/code metrics 25/All-Data/CS5-Data/assignments postllm/submissions_cs5_s2024/submission_295491957/final.py,351,22.792,9.401709401709402,19.08831908831909,18,85,19.5,17,4,1.258,8,CS5,s2024,2024
/Users/summer-2024/Desktop/code metrics 25/All-Data/CS5-Data/assignments postllm/submissions_cs5_s2024/submission_295430682/final.py,471,12.527,24.840764331210192,17.197452229299362,25,147,18.84,-1,4,1.257,7,CS5,s2024,2024
/Users/summer-2024/Desktop/code metrics 25/All-Data/CS5-Data/assignments postllm/submissions_cs5_su2024/submission_258407496/final.py,220,12.273,5.454545454545454,22.272727272727273,7,50,31.428571428571427,7,2,1.286,5,CS5,su2024,2024
/Users/summer-2024/Desktop/code metrics 25/All-Data/CS5-Data/assignments postllm/submissions_cs5_s2024/submission_294306474/final.py,76,6.579,0.0,11.842105263157894,3,26,25.333333333333332,4,2,1.24,5,CS5,s2024,2024
/Users/summer-2024/Desktop/code metrics 25/All-Data/CS5-Data/assignments postllm/submissions_cs5_su2024/submission_258483908/final.py,254,25.197,3.149606299212598,20.47244094488189,6,64,42.333333333333336,12,2,1.277,4,CS5,su2024,2024
/Users/summer-2024/Desktop/code metrics 25/All-Data/CS5-Data/assignments postllm/submissions_cs5_su2024/submission_258416046/final.py,240,5.0,15.416666666666668,20.0,17,42,14.117647058823527,-1,3,1.338,6,CS5,su2024,2024
/Users/summer-2024/Desktop/code metrics 25/All-Data/CS5-Data/assignments postllm/submissions_cs5_su2024/submission_258443905/final.py,386,21.244,22.279792746113987,11.658031088082902,18,64,21.444444444444443,12,3,1.372,7,CS5,su2024,2024
/Users/summer-2024/Desktop/code metrics 25/All-Data/CS5-Data/assignments postllm/submissions_cs5_s2024/submission_295449564/final.py,158,6.329,18.9873417721519,13.924050632911392,14,32,11.285714285714286,11,3,1.293,6,CS5,s2024,2024
/Users/summer-2024/Desktop/code metrics 25/All-Data/CS5-Data/assignments postllm/submissions_cs5_s2024/submission_295454130/final.py,217,14.286,11.52073732718894,9.67741935483871,10,98,21.7,12,3,1.286,7,CS5,s2024,2024
/Users/summer-2024/Desktop/code metrics 25/All-Data/CS5-Data/assignments postllm/submissions_cs5_su2024/submission_256818071/final.py,182,11.538,0.0,20.32967032967033,11,24,16.545454545454547,-1,4,2.253,7,CS5,su2024,2024
/Users/summer-2024/Desktop/code metrics 25/All-Data/CS5-Data/assignments postllm/submissions_cs5_s2024/submission_295283693/final.py,443,9.932,7.674943566591422,14.22121896162528,17,101,26.058823529411764,9,3,1.239,6,CS5,s2024,2024
/Users/summer-2024/Desktop/code metrics 25/All-Data/CS5-Data/assignments postllm/submissions_cs5_s2024/submission_298404398/hmc5firstsemfinal/game.py,186,2.688,0.0,6.989247311827956,8,78,23.25,4,3,1.316,5,CS5,s2024,2024
/Users/summer-2024/Desktop/code metrics 25/All-Data/CS5-Data/assignments postllm/submissions_cs5_s2024/submission_294391096/final.py,331,4.532,18.42900302114803,22.356495468277945,18,82,18.38888888888889,21,5,1.266,6,CS5,s2024,2024
/Users/summer-2024/Desktop/code metrics 25/All-Data/CS5-Data/assignments postllm/submissions_cs5_su2024/submission_256834044/finale.py,235,10.213,3.404255319148936,11.914893617021278,8,72,29.375,10,2,1.274,4,CS5,su2024,2024
/Users/summer-2024/Desktop/code metrics 25/All-Data/CS5-Data/assignments postllm/submissions_cs5_s2024/submission_295478139/finale.py,200,0.0,12.0,12.0,12,94,16.666666666666668,17,3,1.307,8,CS5,s2024,2024
/Users/summer-2024/Desktop/code metrics 25/All-Data/CS35-Data/assignments postllm/submissions_cs35_s2024/submission_259876917/final|text_file_650998310-pyautogui_final_nightshade.py,87,48.276,0.0,25.287356321839084,0,12,0.0,4,0,1.254,4,CS35,s2024,2024
/Users/summer-2024/Desktop/code metrics 25/All-Data/CS5-Data/assignments postllm/submissions_cs5_s2024/submission_295448667/Milestone.py,199,11.558,11.55778894472362,8.542713567839195,10,101,19.9,14,2,1.287,7,CS5,s2024,2024
/Users/summer-2024/Desktop/code metrics 25/All-Data/CS5-Data/assignments postllm/submissions_cs5_su2024/submission_258406939/final.py,530,23.208,3.39622641509434,20.943396226415096,9,38,58.888888888888886,1,1,1.273,4,CS5,su2024,2024
/Users/summer-2024/Desktop/code metrics 25/All-Data/CS5-Data/assignments postllm/submissions_cs5_s2024/submission_294422198/final.py,144,7.639,12.5,15.27777777777778,9,56,16.0,10,4,1.308,5,CS5,s2024,2024
/Users/summer-2024/Desktop/code metrics 25/All-Data/CS5-Data/assignments postllm/submissions_cs5_s2024/submission_295062016/talia_CSfinale.py,832,59.856,5.168269230769231,9.85576923076923,3,34,277.3333333333333,2,2,1.311,4,CS5,s2024,2024
/Users/summer-2024/Desktop/code metrics 25/All-Data/CS5-Data/assignments postllm/submissions_cs5_su2024/submission_258398523/final.py,238,5.462,10.084033613445378,15.966386554621849,10,52,23.8,5,3,1.313,6,CS5,su2024,2024
/Users/summer-2024/Desktop/code metrics 25/All-Data/CS5-Data/assignments postllm/submissions_cs5_s2024/submission_294694254/final.py,210,8.095,11.428571428571429,18.095238095238095,10,64,21.0,13,3,1.254,6,CS5,s2024,2024
/Users/summer-2024/Desktop/code metrics 25/All-Data/CS5-Data/assignments postllm/submissions_cs5_s2024/submission_294871910/final.py,218,12.385,7.339449541284404,7.339449541284404,4,114,54.5,12,2,1.27,5,CS5,s2024,2024
/Users/summer-2024/Desktop/code metrics 25/All-Data/CS5-Data/assignments postllm/submissions_cs5_s2024/submission_294851304/finalproject.py,111,9.009,1.8018018018018016,12.612612612612612,10,28,11.1,6,2,1.287,6,CS5,s2024,2024
/Users/summer-2024/Desktop/code metrics 25/All-Data/CS35-Data/assignments postllm/submissions_cs35_s2024/submission_259811983/final|text_file_650544977-Neural_Style_Transfer.py,92,6.522,0.0,31.521739130434785,3,8,30.666666666666668,0,1,1.26,4,CS35,s2024,2024
/Users/summer-2024/Desktop/code metrics 25/All-Data/CS5-Data/assignments postllm/submissions_cs5_s2024/submission_295498887/final.py,465,33.978,15.913978494623656,20.43010752688172,15,54,31.0,11,3,1.295,8,CS5,s2024,2024
/Users/summer-2024/Desktop/code metrics 25/All-Data/CS5-Data/assignments postllm/submissions_cs5_s2024/submission_295476955/final.py,270,1.111,23.703703703703702,18.14814814814815,17,72,15.882352941176473,22,3,1.263,7,CS5,s2024,2024
/Users/summer-2024/Desktop/code metrics 25/All-Data/CS5-Data/assignments postllm/submissions_cs5_s2024/submission_293708486/final.py,241,6.224,10.78838174273859,15.767634854771783,13,83,18.53846153846154,13,4,1.267,7,CS5,s2024,2024
/Users/summer-2024/Desktop/code metrics 25/All-Data/CS5-Data/assignments postllm/submissions_cs5_s2024/submission_294694391/final.py,210,8.095,11.428571428571429,18.095238095238095,10,64,21.0,13,3,1.281,6,CS5,s2024,2024
/Users/summer-2024/Desktop/code metrics 25/All-Data/CS5-Data/assignments postllm/submissions_cs5_s2024/submission_295550538/final.py,328,14.024,9.75609756097561,17.98780487804878,18,58,18.22222222222222,7,3,1.273,7,CS5,s2024,2024
/Users/summer-2024/Desktop/code metrics 25/All-Data/CS5-Data/assignments postllm/submissions_cs5_s2024/submission_294932686/final.py,276,0.725,7.971014492753622,14.492753623188406,12,110,23.0,19,2,1.267,6,CS5,s2024,2024
/Users/summer-2024/Desktop/code metrics 25/All-Data/CS5-Data/assignments postllm/submissions_cs5_s2024/submission_298516827/Final.py,243,6.996,8.23045267489712,20.5761316872428,16,66,15.1875,14,3,1.256,8,CS5,s2024,2024
/Users/summer-2024/Desktop/code metrics 25/All-Data/CS5-Data/assignments postllm/submissions_cs5_s2024/submission_297596919/final.py,139,17.986,4.316546762589928,17.985611510791365,7,48,19.857142857142858,8,3,1.307,5,CS5,s2024,2024
/Users/summer-2024/Desktop/code metrics 25/All-Data/CS5-Data/assignments postllm/submissions_cs5_s2024/submission_295284487/Final.py,406,7.882,31.2807881773399,13.054187192118228,15,66,27.066666666666663,8,3,1.283,7,CS5,s2024,2024
/Users/summer-2024/Desktop/code metrics 25/All-Data/CS5-Data/assignments postllm/submissions_cs5_s2024/submission_294578909/final.py,442,15.158,12.669683257918551,16.968325791855204,16,76,27.625,6,2,1.284,7,CS5,s2024,2024
/Users/summer-2024/Desktop/code metrics 25/All-Data/CS5-Data/assignments postllm/submissions_cs5_s2024/submission_295187767/simplifiedUno.py,306,25.49,13.398692810457517,20.26143790849673,12,72,25.5,9,2,1.247,5,CS5,s2024,2024
/Users/summer-2024/Desktop/code metrics 25/All-Data/CS5-Data/assignments postllm/submissions_cs5_s2024/submission_295434875/TextID.py,383,14.883,17.75456919060052,18.5378590078329,16,66,23.9375,-1,3,1.266,7,CS5,s2024,2024
/Users/summer-2024/Desktop/code metrics 25/All-Data/CS5-Data/assignments postllm/submissions_cs5_s2024/submission_295491333/final.py,232,10.345,32.758620689655174,9.482758620689657,4,40,58.0,-1,1,1.238,5,CS5,s2024,2024
/Users/summer-2024/Desktop/code metrics 25/All-Data/CS5-Data/assignments postllm/submissions_cs5_s2024/submission_294051828/AIhangman.py,189,5.291,51.85185185185185,19.047619047619047,4,48,47.25,2,1,1.276,5,CS5,s2024,2024
/Users/summer-2024/Desktop/code metrics 25/All-Data/CS5-Data/assignments postllm/submissions_cs5_s2024/submission_295383351/final.py,717,9.484,5.02092050209205,11.85495118549512,10,311,71.7,1,2,1.26,4,CS5,s2024,2024
/Users/summer-2024/Desktop/code metrics 25/All-Data/CS5-Data/assignments postllm/submissions_cs5_s2024/submission_298516144/final.py,231,35.931,12.12121212121212,23.809523809523807,8,41,28.875,2,2,1.27,4,CS5,s2024,2024
/Users/summer-2024/Desktop/code metrics 25/All-Data/CS5-Data/assignments postllm/submissions_cs5_s2024/submission_293572438/final.py,183,2.732,29.50819672131147,19.672131147540984,6,36,30.5,7,4,1.337,5,CS5,s2024,2024
/Users/summer-2024/Desktop/code metrics 25/All-Data/CS5-Data/assignments postllm/submissions_cs5_s2024/submission_298512380/final.py,183,13.661,25.683060109289617,12.021857923497269,6,58,30.5,9,2,1.304,6,CS5,s2024,2024
/Users/summer-2024/Desktop/code metrics 25/All-Data/CS5-Data/assignments postllm/submissions_cs5_su2024/submission_256718192/gpt.py,345,1.159,96.52173913043478,3.1884057971014492,0,2,0.0,-1,0,1.392,2,CS5,su2024,2024
/Users/summer-2024/Desktop/code metrics 25/All-Data/CS5-Data/assignments postllm/submissions_cs5_s2024/submission_294919347/final.py,324,4.012,26.851851851851855,14.19753086419753,10,99,32.4,-1,3,1.309,6,CS5,s2024,2024
/Users/summer-2024/Desktop/code metrics 25/All-Data/CS35-Data/assignments postllm/submissions_cs35_s2024/submission_259842587/final|text_file_650818021-cgm_data_cleanse.py,472,30.085,0.847457627118644,30.508474576271187,8,8,59.0,-1,1,1.257,4,CS35,s2024,2024
/Users/summer-2024/Desktop/code metrics 25/All-Data/CS5-Data/assignments postllm/submissions_cs5_s2024/submission_296699894/final (2).py,539,8.905,8.905380333951761,7.050092764378478,24,181,22.458333333333332,14,5,1.288,8,CS5,s2024,2024
/Users/summer-2024/Desktop/code metrics 25/All-Data/CS5-Data/assignments postllm/submissions_cs5_s2024/submission_294719921/final.py,492,12.805,46.54471544715447,9.552845528455284,13,105,37.84615384615385,-1,3,1.233,8,CS5,s2024,2024
/Users/summer-2024/Desktop/code metrics 25/All-Data/CS5-Data/assignments postllm/submissions_cs5_s2024/submission_295486975/final.py,261,14.559,8.045977011494253,21.455938697318008,11,64,23.727272727272727,1,2,1.264,4,CS5,s2024,2024
/Users/summer-2024/Desktop/code metrics 25/All-Data/CS5-Data/assignments postllm/submissions_cs5_s2024/submission_294686002/C.S Final Project.py,124,21.774,3.225806451612903,17.741935483870968,3,42,41.333333333333336,1,1,1.288,4,CS5,s2024,2024
/Users/summer-2024/Desktop/code metrics 25/All-Data/CS5-Data/assignments postllm/submissions_cs5_s2024/submission_294933914/final.py,293,20.819,9.897610921501707,20.819112627986343,15,133,19.533333333333335,21,3,1.268,5,CS5,s2024,2024
/Users/summer-2024/Desktop/code metrics 25/All-Data/CS5-Data/assignments postllm/submissions_cs5_su2024/submission_256825475/Game Of Life-Coral.py,697,27.547,4.304160688665711,32.1377331420373,11,88,63.36363636363637,27,2,,5,CS5,su2024,2024
/Users/summer-2024/Desktop/code metrics 25/All-Data/CS5-Data/assignments postllm/submissions_cs5_s2024/submission_298404398/hmc5firstsemfinal/npc.py,23,0.0,0.0,0.0,2,14,11.5,0,1,1.278,3,CS5,s2024,2024
/Users/summer-2024/Desktop/code metrics 25/All-Data/CS5-Data/assignments postllm/submissions_cs5_s2024/submission_298515760/richardchiuthomaschiu_VpythonProject.py,131,3.053,0.0,19.083969465648856,8,49,16.375,5,2,1.276,4,CS5,s2024,2024
/Users/summer-2024/Desktop/code metrics 25/All-Data/CS5-Data/assignments postllm/submissions_cs5_s2024/submission_294871344/final.py,217,12.442,7.373271889400922,7.373271889400922,4,114,54.25,12,2,1.281,5,CS5,s2024,2024
/Users/summer-2024/Desktop/code metrics 25/All-Data/CS5-Data/assignments postllm/submissions_cs5_s2024/submission_295402714/final.py,295,15.932,20.33898305084746,27.11864406779661,18,61,16.38888888888889,-1,3,,7,CS5,s2024,2024
/Users/summer-2024/Desktop/code metrics 25/All-Data/CS5-Data/assignments postllm/submissions_cs5_s2024/submission_295666802/final.py,254,7.087,29.527559055118108,13.77952755905512,17,68,14.941176470588236,19,4,,8,CS5,s2024,2024
/Users/summer-2024/Desktop/code metrics 25/All-Data/CS5-Data/assignments postllm/submissions_cs5_s2024/submission_295666802/starter.py,49,0.0,20.40816326530612,12.244897959183673,3,12,16.333333333333332,4,1,1.271,6,CS5,s2024,2024
/Users/summer-2024/Desktop/code metrics 25/All-Data/CS5-Data/assignments postllm/submissions_cs5_s2024/submission_294285596/oldmaid.py,166,3.614,1.8072289156626504,9.036144578313252,6,42,27.666666666666668,9,3,1.247,5,CS5,s2024,2024
/Users/summer-2024/Desktop/code metrics 25/All-Data/CS5-Data/assignments postllm/submissions_cs5_su2024/submission_256825475/Game Of Life-Prime Destroyer.py,707,27.157,4.243281471004243,31.683168316831683,11,103,64.27272727272727,27,2,,5,CS5,su2024,2024
/Users/summer-2024/Desktop/code metrics 25/All-Data/CS5-Data/assignments postllm/submissions_cs5_s2024/submission_294745618/final.py,160,26.875,0.0,6.875000000000001,7,57,22.857142857142858,5,3,1.288,6,CS5,s2024,2024
/Users/summer-2024/Desktop/code metrics 25/All-Data/CS5-Data/assignments postllm/submissions_cs5_s2024/submission_294764505/final.py,555,7.387,34.41441441441441,18.55855855855856,31,135,17.903225806451612,48,4,1.27,5,CS5,s2024,2024
/Users/summer-2024/Desktop/code metrics 25/All-Data/CS5-Data/assignments postllm/submissions_cs5_su2024/submission_256984069/final.py,922,14.642,6.073752711496746,18.329718004338392,16,41,57.625,1,2,1.286,4,CS5,su2024,2024
/Users/summer-2024/Desktop/code metrics 25/All-Data/CS5-Data/assignments postllm/submissions_cs5_s2024/submission_298404398/hmc5firstsemfinal/enemy.py,10,0.0,0.0,0.0,2,2,5.0,0,1,1.287,4,CS5,s2024,2024
/Users/summer-2024/Desktop/code metrics 25/All-Data/CS5-Data/assignments postllm/submissions_cs5_s2024/submission_295086486/finale.py,397,7.305,15.869017632241814,12.090680100755668,23,212,17.26086956521739,23,5,1.297,6,CS5,s2024,2024
/Users/summer-2024/Desktop/code metrics 25/All-Data/CS5-Data/assignments postllm/submissions_cs5_su2024/submission_256946953/final.py,386,0.777,2.072538860103627,8.290155440414509,4,189,96.5,18,1,1.267,5,CS5,su2024,2024
/Users/summer-2024/Desktop/code metrics 25/All-Data/CS5-Data/assignments postllm/submissions_cs5_s2024/submission_295380322/final.py,167,17.365,0.0,19.760479041916167,4,42,41.75,-1,2,1.321,5,CS5,s2024,2024
/Users/summer-2024/Desktop/code metrics 25/All-Data/CS5-Data/assignments postllm/submissions_cs5_su2024/submission_258424713/final.py,141,0.709,0.0,21.27659574468085,6,31,23.5,3,3,1.286,4,CS5,su2024,2024
/Users/summer-2024/Desktop/code metrics 25/All-Data/CS5-Data/assignments postllm/submissions_cs5_s2024/submission_295323751/final.py,226,31.416,7.079646017699115,21.238938053097343,6,39,37.666666666666664,1,2,1.335,4,CS5,s2024,2024
/Users/summer-2024/Desktop/code metrics 25/All-Data/CS5-Data/assignments postllm/submissions_cs5_s2024/submission_295590914/final.py,301,8.306,1.9933554817275747,11.627906976744184,17,79,17.705882352941178,12,3,1.294,8,CS5,s2024,2024
/Users/summer-2024/Desktop/code metrics 25/All-Data/CS5-Data/assignments postllm/submissions_cs5_s2024/submission_295408606/final.py,303,8.251,2.64026402640264,7.590759075907591,2,175,151.5,4,1,1.287,4,CS5,s2024,2024
/Users/summer-2024/Desktop/code metrics 25/All-Data/CS5-Data/assignments postllm/submissions_cs5_s2024/submission_294304343/oldmaid.py,160,3.125,1.875,6.25,6,42,26.666666666666668,9,3,1.272,5,CS5,s2024,2024
/Users/summer-2024/Desktop/code metrics 25/All-Data/CS5-Data/assignments postllm/submissions_cs5_s2024/submission_295298633/final.py,232,0.0,37.93103448275862,21.120689655172413,3,40,77.33333333333333,-1,2,1.254,5,CS5,s2024,2024
/Users/summer-2024/Desktop/code metrics 25/All-Data/CS5-Data/assignments postllm/submissions_cs5_s2024/submission_295459452/battleship.py,417,13.189,8.393285371702639,17.505995203836928,14,151,29.785714285714285,26,2,1.295,7,CS5,s2024,2024
/Users/summer-2024/Desktop/code metrics 25/All-Data/CS5-Data/assignments postllm/submissions_cs5_s2024/submission_295650833/final.py,529,9.452,10.396975425330812,23.062381852551987,18,156,29.38888888888889,13,4,1.293,5,CS5,s2024,2024
/Users/summer-2024/Desktop/code metrics 25/All-Data/CS5-Data/assignments postllm/submissions_cs5_s2024/submission_295445690/final.py,371,34.232,8.086253369272237,25.067385444743937,8,62,46.375,7,2,1.329,6,CS5,s2024,2024
/Users/summer-2024/Desktop/code metrics 25/All-Data/CS5-Data/assignments postllm/submissions_cs5_s2024/submission_294324420/final.py,237,10.97,9.282700421940929,23.62869198312236,11,43,21.545454545454547,5,3,1.284,4,CS5,s2024,2024
/Users/summer-2024/Desktop/code metrics 25/All-Data/CS5-Data/assignments postllm/submissions_cs5_s2024/submission_296119674/final.py,861,5.226,3.484320557491289,31.24274099883856,20,261,43.05,52,3,1.343,7,CS5,s2024,2024
/Users/summer-2024/Desktop/code metrics 25/All-Data/CS5-Data/assignments postllm/submissions_cs5_s2024/submission_294251249/final.py,566,14.311,17.137809187279153,17.491166077738516,25,134,22.64,38,3,1.291,6,CS5,s2024,2024
/Users/summer-2024/Desktop/code metrics 25/All-Data/CS5-Data/assignments postllm/submissions_cs5_su2024/submission_256800845/final.py,175,30.857,2.2857142857142856,16.0,9,41,19.444444444444443,7,3,1.292,5,CS5,su2024,2024
/Users/summer-2024/Desktop/code metrics 25/All-Data/CS5-Data/assignments postllm/submissions_cs5_s2024/submission_293572105/final.py,653,0.459,10.566615620214396,12.404287901990813,21,240,31.095238095238095,29,3,1.317,6,CS5,s2024,2024
/Users/summer-2024/Desktop/code metrics 25/All-Data/CS35-Data/assignments postllm/submissions_cs35_s2024/submission_259791202/final|text_file_650463402-AK_FinalProject_CoreFinancials.py,231,10.823,1.7316017316017316,27.27272727272727,6,16,38.5,6,3,1.283,5,CS35,s2024,2024
/Users/summer-2024/Desktop/code metrics 25/All-Data/CS5-Data/assignments postllm/submissions_cs5_s2024/submission_295500842/final.py,336,6.548,13.690476190476192,18.452380952380953,15,97,22.4,10,3,1.263,7,CS5,s2024,2024
/Users/summer-2024/Desktop/code metrics 25/All-Data/CS5-Data/assignments postllm/submissions_cs5_s2024/submission_297421369/final.py,321,15.576,21.18380062305296,13.084112149532707,15,52,21.4,12,3,1.259,7,CS5,s2024,2024
/Users/summer-2024/Desktop/code metrics 25/All-Data/CS5-Data/assignments postllm/submissions_cs5_s2024/submission_295497121/final.py,265,10.189,0.0,16.9811320754717,20,59,13.25,15,5,1.259,8,CS5,s2024,2024
/Users/summer-2024/Desktop/code metrics 25/All-Data/CS5-Data/assignments postllm/submissions_cs5_s2024/submission_295472662/final.py,709,14.528,20.73342736248237,11.283497884344149,32,286,22.15625,13,5,1.248,8,CS5,s2024,2024
/Users/summer-2024/Desktop/code metrics 25/All-Data/CS5-Data/assignments postllm/submissions_cs5_s2024/submission_295224666/Textmodel.py,406,7.882,31.2807881773399,13.054187192118228,15,66,27.066666666666663,8,3,1.281,7,CS5,s2024,2024
/Users/summer-2024/Desktop/code metrics 25/All-Data/CS5-Data/assignments postllm/submissions_cs5_s2024/submission_295506953/starter (2).py,345,2.319,23.768115942028984,16.52173913043478,18,113,19.166666666666668,-1,4,1.326,4,CS5,s2024,2024
/Users/summer-2024/Desktop/code metrics 25/All-Data/CS5-Data/assignments postllm/submissions_cs5_s2024/submission_294704309/final.py,337,9.496,30.56379821958457,15.133531157270031,16,123,21.0625,20,3,1.244,6,CS5,s2024,2024
/Users/summer-2024/Desktop/code metrics 25/All-Data/CS5-Data/assignments postllm/submissions_cs5_s2024/submission_295497753/final.py,256,3.906,15.234375,13.28125,16,89,16.0,26,4,1.3,8,CS5,s2024,2024
/Users/summer-2024/Desktop/code metrics 25/All-Data/CS5-Data/assignments postllm/submissions_cs5_s2024/submission_295486197/finalproject.py,269,3.346,2.6022304832713754,8.550185873605948,16,96,16.8125,12,4,1.255,7,CS5,s2024,2024
/Users/summer-2024/Desktop/code metrics 25/All-Data/CS5-Data/assignments postllm/submissions_cs5_s2024/submission_295498075/porter.py,377,4.244,34.748010610079575,11.140583554376658,17,240,22.176470588235293,5,2,1.254,7,CS5,s2024,2024
/Users/summer-2024/Desktop/code metrics 25/All-Data/CS5-Data/assignments postllm/submissions_cs5_s2024/submission_298514693/finalproject.py,155,8.387,10.32258064516129,18.70967741935484,8,41,19.375,7,3,1.278,5,CS5,s2024,2024
/Users/summer-2024/Desktop/code metrics 25/All-Data/CS5-Data/assignments postllm/submissions_cs5_s2024/submission_295444786/final.py,515,21.942,16.116504854368934,17.281553398058254,16,48,32.1875,4,2,1.279,5,CS5,s2024,2024
/Users/summer-2024/Desktop/code metrics 25/All-Data/CS5-Data/assignments postllm/submissions_cs5_s2024/submission_295498563/final.py,133,8.271,23.308270676691727,15.789473684210526,4,47,33.25,5,2,1.263,5,CS5,s2024,2024
/Users/summer-2024/Desktop/code metrics 25/All-Data/CS35-Data/assignments postllm/submissions_cs35_s2024/submission_259842587/final|text_file_650817908-cgm_data_cleanse.py,472,30.085,0.847457627118644,30.508474576271187,8,8,59.0,-1,1,1.32,4,CS35,s2024,2024
/Users/summer-2024/Desktop/code metrics 25/All-Data/CS5-Data/assignments postllm/submissions_cs5_s2024/submission_295648542/final.py,292,31.849,7.876712328767123,26.71232876712329,6,27,48.666666666666664,1,1,1.306,4,CS5,s2024,2024
/Users/summer-2024/Desktop/code metrics 25/All-Data/CS5-Data/assignments postllm/submissions_cs5_su2024/submission_256938017/final.py,320,5.312,5.0,17.1875,13,68,24.615384615384617,10,2,1.293,7,CS5,su2024,2024
/Users/summer-2024/Desktop/code metrics 25/All-Data/CS5-Data/assignments postllm/submissions_cs5_s2024/submission_293973253/cs5_final.py,961,3.018,7.1800208116545265,13.423517169614986,16,389,60.0625,54,3,1.283,6,CS5,s2024,2024
/Users/summer-2024/Desktop/code metrics 25/All-Data/CS5-Data/assignments postllm/submissions_cs5_s2024/submission_295323799/final.py,356,2.809,28.08988764044944,9.831460674157304,16,90,22.25,13,4,1.233,6,CS5,s2024,2024
/Users/summer-2024/Desktop/code metrics 25/All-Data/CS5-Data/assignments postllm/submissions_cs5_s2024/submission_295452481/final.py,99,30.303,4.040404040404041,17.17171717171717,3,22,33.0,2,2,1.262,4,CS5,s2024,2024
/Users/summer-2024/Desktop/code metrics 25/All-Data/CS5-Data/assignments postllm/submissions_cs5_su2024/submission_256825475/Game Of Life-Original.py,691,27.786,4.341534008683068,32.41678726483357,11,79,62.81818181818182,27,2,,5,CS5,su2024,2024
/Users/summer-2024/Desktop/code metrics 25/All-Data/CS5-Data/assignments postllm/submissions_cs5_su2024/submission_256961715/final.py,271,5.904,24.723247232472325,4.059040590405904,9,66,30.11111111111111,-1,2,1.274,4,CS5,su2024,2024
/Users/summer-2024/Desktop/code metrics 25/All-Data/CS5-Data/assignments postllm/submissions_cs5_su2024/submission_258406373/finale.py,121,0.826,0.0,17.355371900826448,6,51,20.166666666666668,8,3,1.241,5,CS5,su2024,2024
/Users/summer-2024/Desktop/code metrics 25/All-Data/CS5-Data/assignments postllm/submissions_cs5_s2024/submission_294629236/final.py,327,18.654,12.538226299694188,14.067278287461772,15,70,21.8,-1,3,1.289,7,CS5,s2024,2024
/Users/summer-2024/Desktop/code metrics 25/All-Data/CS5-Data/assignments postllm/submissions_cs5_su2024/submission_256825475/Game Of Life-Majority Vote.py,703,27.312,4.267425320056899,31.863442389758177,11,97,63.90909090909091,27,2,,5,CS5,su2024,2024
/Users/summer-2024/Desktop/code metrics 25/All-Data/CS5-Data/assignments postllm/submissions_cs5_s2024/submission_298546508/word.py,344,20.058,19.767441860465116,17.441860465116278,14,69,24.571428571428573,12,3,1.257,7,CS5,s2024,2024
/Users/summer-2024/Desktop/code metrics 25/All-Data/CS5-Data/assignments postllm/submissions_cs5_s2024/submission_297699843/final.py,181,8.287,1.1049723756906076,9.392265193370166,8,75,22.625,7,4,1.323,5,CS5,s2024,2024
/Users/summer-2024/Desktop/code metrics 25/All-Data/CS5-Data/assignments postllm/submissions_cs5_s2024/submission_294636861/final.py,378,19.577,10.582010582010582,26.455026455026452,9,54,42.0,1,2,1.244,4,CS5,s2024,2024
/Users/summer-2024/Desktop/code metrics 25/All-Data/CS5-Data/assignments postllm/submissions_cs5_s2024/submission_295515221/final.py,426,24.883,9.624413145539906,18.07511737089202,11,56,38.72727272727273,-1,2,1.277,4,CS5,s2024,2024
/Users/summer-2024/Desktop/code metrics 25/All-Data/CS5-Data/assignments postllm/submissions_cs5_s2024/submission_295421797/final.py,555,15.495,8.468468468468467,18.73873873873874,16,196,34.6875,35,5,1.294,8,CS5,s2024,2024
/Users/summer-2024/Desktop/code metrics 25/All-Data/CS5-Data/assignments postllm/submissions_cs5_s2024/submission_295399747/Final.py,158,3.165,13.924050632911392,13.924050632911392,9,57,17.555555555555557,3,2,1.233,6,CS5,s2024,2024
/Users/summer-2024/Desktop/code metrics 25/All-Data/CS5-Data/assignments postllm/submissions_cs5_s2024/submission_295497720/C.S Final Project.py,124,21.774,3.225806451612903,17.741935483870968,3,42,41.333333333333336,1,1,1.264,4,CS5,s2024,2024
/Users/summer-2024/Desktop/code metrics 25/All-Data/CS5-Data/assignments postllm/submissions_cs5_s2024/submission_295454135/final.py,217,14.286,11.52073732718894,9.67741935483871,10,98,21.7,12,3,1.255,7,CS5,s2024,2024
/Users/summer-2024/Desktop/code metrics 25/All-Data/CS5-Data/assignments postllm/submissions_cs5_s2024/submission_295480473/final.py,258,40.698,3.10077519379845,26.356589147286822,4,46,64.5,-1,1,1.291,4,CS5,s2024,2024
/Users/summer-2024/Desktop/code metrics 25/All-Data/CS5-Data/assignments postllm/submissions_cs5_s2024/submission_295418970/final.py,220,23.182,15.0,17.727272727272727,5,26,44.0,-1,2,1.303,4,CS5,s2024,2024
/Users/summer-2024/Desktop/code metrics 25/All-Data/CS5-Data/assignments postllm/submissions_cs5_s2024/submission_294703883/final.py,337,9.496,30.56379821958457,15.133531157270031,16,123,21.0625,20,3,1.323,6,CS5,s2024,2024
/Users/summer-2024/Desktop/code metrics 25/All-Data/CS5-Data/assignments postllm/submissions_cs5_s2024/submission_295487293/final.py,172,5.814,8.13953488372093,9.883720930232558,9,69,19.11111111111111,5,2,1.308,6,CS5,s2024,2024
/Users/summer-2024/Desktop/code metrics 25/All-Data/CS5-Data/assignments postllm/submissions_cs5_s2024/submission_295437201/final.py,365,25.205,4.383561643835616,27.3972602739726,9,60,40.55555555555556,2,2,1.292,5,CS5,s2024,2024
/Users/summer-2024/Desktop/code metrics 25/All-Data/CS5-Data/assignments postllm/submissions_cs5_s2024/submission_295081521/finale.py,623,5.939,8.186195826645266,17.49598715890851,28,155,22.25,31,10,1.338,6,CS5,s2024,2024
/Users/summer-2024/Desktop/code metrics 25/All-Data/CS5-Data/assignments postllm/submissions_cs5_s2024/submission_295666802/milestone.py,121,0.0,8.264462809917356,13.223140495867767,10,44,12.1,11,3,1.246,7,CS5,s2024,2024
/Users/summer-2024/Desktop/code metrics 25/All-Data/CS5-Data/assignments postllm/submissions_cs5_s2024/submission_298286115/final.py,400,5.0,7.5,15.75,14,163,28.571428571428573,27,4,1.223,6,CS5,s2024,2024
/Users/summer-2024/Desktop/code metrics 25/All-Data/CS5-Data/assignments postllm/submissions_cs5_s2024/submission_295107222/final.py,157,6.369,21.656050955414013,15.286624203821656,16,32,9.8125,9,3,1.289,6,CS5,s2024,2024
/Users/summer-2024/Desktop/code metrics 25/All-Data/CS5-Data/assignments postllm/submissions_cs5_s2024/submission_295416350/Textmodel.py,406,7.882,31.2807881773399,13.054187192118228,15,66,27.066666666666663,8,3,1.329,7,CS5,s2024,2024
/Users/summer-2024/Desktop/code metrics 25/All-Data/CS5-Data/assignments postllm/submissions_cs5_s2024/submission_293972685/final.py,961,3.018,7.1800208116545265,13.423517169614986,16,389,60.0625,54,3,1.298,6,CS5,s2024,2024
/Users/summer-2024/Desktop/code metrics 25/All-Data/CS5-Data/assignments postllm/submissions_cs5_s2024/submission_295363927/final.py,354,14.124,19.491525423728813,14.689265536723164,16,50,22.125,11,3,1.274,7,CS5,s2024,2024
/Users/summer-2024/Desktop/code metrics 25/All-Data/CS5-Data/assignments postllm/submissions_cs5_su2024/submission_256941197/final.py,406,14.286,14.77832512315271,19.21182266009852,16,66,25.375,-1,3,1.253,8,CS5,su2024,2024
/Users/summer-2024/Desktop/code metrics 25/All-Data/CS5-Data/assignments postllm/submissions_cs5_s2024/submission_298336757/blackjack.py,460,1.739,10.434782608695652,10.869565217391305,8,122,57.5,14,3,1.305,6,CS5,s2024,2024
/Users/summer-2024/Desktop/code metrics 25/All-Data/CS5-Data/assignments postllm/submissions_cs5_su2024/submission_256824330/final.py,312,32.692,7.051282051282051,23.717948717948715,7,46,44.57142857142857,2,2,1.268,5,CS5,su2024,2024
/Users/summer-2024/Desktop/code metrics 25/All-Data/CS5-Data/assignments postllm/submissions_cs5_su2024/submission_258402548/final.py,382,7.068,0.7853403141361256,23.56020942408377,2,148,191.0,25,1,1.363,5,CS5,su2024,2024
/Users/summer-2024/Desktop/code metrics 25/All-Data/CS5-Data/assignments postllm/submissions_cs5_s2024/submission_295107593/final.py,157,6.369,21.656050955414013,15.286624203821656,16,32,9.8125,9,3,1.286,6,CS5,s2024,2024
/Users/summer-2024/Desktop/code metrics 25/All-Data/CS5-Data/assignments postllm/submissions_cs5_s2024/submission_295394384/final.py,153,13.072,15.68627450980392,17.647058823529413,13,38,11.76923076923077,8,3,1.322,6,CS5,s2024,2024
/Users/summer-2024/Desktop/code metrics 25/All-Data/CS5-Data/assignments postllm/submissions_cs5_su2024/submission_256825475/Game Of Life-HighLife.py,693,27.706,4.329004329004329,32.323232323232325,11,82,63.0,27,2,,5,CS5,su2024,2024
/Users/summer-2024/Desktop/code metrics 25/All-Data/CS35-Data/assignments postllm/submissions_cs35_s2024/submission_259829506/final|text_file_650725830-Final_Project_Finale_CS35.py,362,17.956,8.56353591160221,25.41436464088398,2,40,181.0,-1,1,1.25,5,CS35,s2024,2024
/Users/summer-2024/Desktop/code metrics 25/All-Data/CS5-Data/assignments postllm/submissions_cs5_su2024/submission_256880801/final.py,326,15.031,40.1840490797546,15.644171779141104,7,52,46.57142857142857,7,2,1.312,5,CS5,su2024,2024
/Users/summer-2024/Desktop/code metrics 25/All-Data/CS5-Data/assignments postllm/submissions_cs5_s2024/submission_295418191/final.py,345,2.319,23.768115942028984,16.52173913043478,18,113,19.166666666666668,-1,4,1.273,4,CS5,s2024,2024
/Users/summer-2024/Desktop/code metrics 25/All-Data/CS5-Data/assignments postllm/submissions_cs5_s2024/submission_294480900/final.py,862,1.276,14.153132250580049,22.2737819025522,27,304,31.925925925925927,28,5,1.292,7,CS5,s2024,2024
/Users/summer-2024/Desktop/code metrics 25/All-Data/CS5-Data/assignments postllm/submissions_cs5_s2024/submission_295512847/final-2.py,723,14.246,21.99170124481328,11.479944674965422,32,286,22.59375,13,5,1.324,8,CS5,s2024,2024
/Users/summer-2024/Desktop/code metrics 25/All-Data/CS5-Data/assignments postllm/submissions_cs5_su2024/submission_258398573/final.py,477,10.273,0.0,29.55974842767295,9,93,53.0,12,1,1.255,5,CS5,su2024,2024
/Users/summer-2024/Desktop/code metrics 25/All-Data/CS5-Data/assignments postllm/submissions_cs5_s2024/submission_295443811/final.py,356,39.326,12.921348314606742,18.53932584269663,8,40,44.5,1,2,1.299,4,CS5,s2024,2024
/Users/summer-2024/Desktop/code metrics 25/All-Data/CS5-Data/assignments postllm/submissions_cs5_s2024/submission_294519854/final.py,150,10.667,16.666666666666664,14.000000000000002,5,58,30.0,-1,4,1.264,6,CS5,s2024,2024
/Users/summer-2024/Desktop/code metrics 25/All-Data/CS35-Data/assignments postllm/submissions_cs35_sp2025/Nora Wu/final|hw3pr1 NW.py,638,25.549,21.9435736677116,31.974921630094045,13,72,49.07692307692308,-1,1,1.805,5,CS35,sp2025,2025
/Users/summer-2024/Desktop/code metrics 25/All-Data/CS35-Data/assignments postllm/submissions_cs35_sp2025/Grace Zhu/final|hw0pr1 GZ.py,646,30.186,9.13312693498452,32.19814241486068,16,95,40.375,-1,1,,6,CS35,sp2025,2025
/Users/summer-2024/Desktop/code metrics 25/All-Data/CS35-Data/assignments postllm/submissions_cs35_sp2025/Nora Wu/final|hw6pr2digits_modeler NW.py,769,46.944,1.820546163849155,25.61768530559167,3,32,256.3333333333333,-1,1,1.298,6,CS35,sp2025,2025
/Users/summer-2024/Desktop/code metrics 25/All-Data/ECON176-Data/assignments postllm/submissions_econ176_sp2025/Catherine Liu/final|Assignment 1- CL.py,511,18.004,5.088062622309197,38.551859099804304,6,40,85.16666666666667,-1,1,1.466,7,ECON176,sp2025,2025
/Users/summer-2024/Desktop/code metrics 25/All-Data/CS35-Data/assignments postllm/submissions_cs35_sp2025/Alina Scholz/final|hw8pr2word_embeddings.py,589,29.881,7.130730050933787,35.82342954159593,6,31,98.16666666666669,7,1,1.342,7,CS35,sp2025,2025
/Users/summer-2024/Desktop/code metrics 25/All-Data/IST341-Data/assignments postllm/submissions_ist341_sp2025/final|Copy_of_hw7_ist341_spr24 (1).py,1381,36.35,2.8240405503258508,30.123099203475743,10,66,138.1,-1,1,1.28,6,IST341,sp2025,2025
/Users/summer-2024/Desktop/code metrics 25/All-Data/CS35-Data/assignments postllm/submissions_cs35_sp2025/Amanda Dee/final|hw7pr1iris_modeler AD.py,664,42.922,7.680722891566265,24.096385542168676,6,44,110.66666666666669,-1,2,1.321,5,CS35,sp2025,2025
"/Users/summer-2024/Desktop/code metrics 25/All-Data/IST341-Data/assignments postllm/submissions_ist341_sp2025/final|Copy_of_Week_5_CGU_For_libraries,_for_lists,_for_the_win (2).py",1569,15.488,50.159337157425114,21.861057998725304,18,83,87.16666666666667,-1,3,,6,IST341,sp2025,2025
/Users/summer-2024/Desktop/code metrics 25/All-Data/IST341-Data/assignments postllm/submissions_ist341_sp2025/final|Assignment_3_Notebook_Ahmed.py,1296,24.383,11.265432098765432,29.706790123456788,39,203,33.23076923076923,-1,3,,7,IST341,sp2025,2025
/Users/summer-2024/Desktop/code metrics 25/All-Data/IST341-Data/assignments postllm/submissions_ist341_sp2025/final|Copy_of_all_in_one_iris_modeler_Mohammed_and_Fahad.py,958,35.282,3.340292275574112,22.860125260960334,8,131,119.75,-1,1,1.287,6,IST341,sp2025,2025
/Users/summer-2024/Desktop/code metrics 25/All-Data/CS35-Data/assignments postllm/submissions_cs35_sp2025/Jerry Qiao/final|hw0pr1 JQ.py,648,30.093,9.104938271604938,32.407407407407405,16,95,40.5,-1,1,,6,CS35,sp2025,2025
/Users/summer-2024/Desktop/code metrics 25/All-Data/CS35-Data/assignments postllm/submissions_cs35_sp2025/Nora Wu/final|hw8pr1digits_dreamer NW.py,759,43.478,4.61133069828722,27.931488801054016,11,44,69.0,13,1,1.312,6,CS35,sp2025,2025
/Users/summer-2024/Desktop/code metrics 25/All-Data/IST341-Data/assignments postllm/submissions_ist341_sp2025/final|alqahtanemohammed_24392_1449616_Final_Deliverable_Ist341_Mohammed_&_Fahad.py,240,16.667,0.0,31.25,0,2,0.0,0,0,1.291,3,IST341,sp2025,2025
/Users/summer-2024/Desktop/code metrics 25/All-Data/IST341-Data/assignments postllm/submissions_ist341_sp2025/final|Copy_of_hw9_ist341_spr25MMohammed&Fahad.py,585,41.709,8.034188034188034,27.00854700854701,5,31,117.0,-1,1,1.315,5,IST341,sp2025,2025
/Users/summer-2024/Desktop/code metrics 25/All-Data/CS35-Data/assignments postllm/submissions_cs35_sp2025/Amanda Dee/final|hw3pr1 AD.py,491,26.273,27.494908350305497,31.56822810590631,11,44,44.63636363636363,-1,1,1.738,5,CS35,sp2025,2025
/Users/summer-2024/Desktop/code metrics 25/All-Data/CS35-Data/assignments postllm/submissions_cs35_sp2025/Tony Gao/final|hw6pr2digits_modeler TG.py,166,21.084,4.216867469879518,28.915662650602407,0,12,0.0,-1,0,1.243,5,CS35,sp2025,2025
/Users/summer-2024/Desktop/code metrics 25/All-Data/CS35-Data/assignments postllm/submissions_cs35_sp2025/Anna Park/final|hw6pr2digits_modeler AP.py,166,21.084,4.216867469879518,28.915662650602407,0,12,0.0,-1,0,1.277,5,CS35,sp2025,2025
"/Users/summer-2024/Desktop/code metrics 25/All-Data/IST341-Data/assignments postllm/submissions_ist341_sp2025/final|Copy_of_Week_5_CGU_For_libraries,_for_lists,_for_the_win (3).py",1044,26.724,19.731800766283524,34.48275862068966,20,67,52.2,-1,3,,6,IST341,sp2025,2025
/Users/summer-2024/Desktop/code metrics 25/All-Data/IST341-Data/assignments postllm/submissions_ist341_sp2025/final|hw8_ist341_spr24_ipynb_Mohammed_Qelhas_&_Abdullah_Alrumi (1).py,2613,39.686,0.6888633754305395,27.21010332950631,10,158,261.3,-1,1,1.281,6,IST341,sp2025,2025
/Users/summer-2024/Desktop/code metrics 25/All-Data/IST341-Data/assignments postllm/submissions_ist341_sp2025/final|Dan's_Copy_of_hw9_ist341_spr25.py,624,42.468,7.532051282051282,26.923076923076923,5,31,124.8,-1,1,1.249,5,IST341,sp2025,2025
/Users/summer-2024/Desktop/code metrics 25/All-Data/CS35-Data/assignments postllm/submissions_cs35_sp2025/Nora Wu/final|hw8pr2word_embeddings NW.py,501,32.934,6.58682634730539,32.53493013972056,7,34,71.57142857142857,7,2,1.346,5,CS35,sp2025,2025
"/Users/summer-2024/Desktop/code metrics 25/All-Data/IST341-Data/assignments postllm/submissions_ist341_sp2025/final|CGU_IST_341_Week_3_Functions,_Loops,_and_Monte_Carlo_Mohammed_Qelhas_&_Abdullah.py",1143,24.147,13.123359580052494,31.84601924759405,38,183,30.07894736842105,-1,2,1.318,7,IST341,sp2025,2025
/Users/summer-2024/Desktop/code metrics 25/All-Data/CS35-Data/assignments postllm/submissions_cs35_sp2025/Isabel Burger/final|hw3pr1 IB.py,640,28.281,18.90625,31.406250000000004,11,62,58.18181818181818,-1,1,1.638,4,CS35,sp2025,2025
/Users/summer-2024/Desktop/code metrics 25/All-Data/CS35-Data/assignments postllm/submissions_cs35_sp2025/Grace Zhu/final|hw5pr1births_modeler GZ.py,426,46.714,3.286384976525822,28.169014084507044,3,18,142.0,-1,1,1.28,5,CS35,sp2025,2025
"/Users/summer-2024/Desktop/code metrics 25/All-Data/IST341-Data/assignments postllm/submissions_ist341_sp2025/final|Copy_of_CGU_Week1_Cells,_Code,_and_Conditionals.py",798,13.534,1.8796992481203008,21.804511278195488,11,116,72.54545454545455,0,1,1.275,3,IST341,sp2025,2025
/Users/summer-2024/Desktop/code metrics 25/All-Data/CS35-Data/assignments postllm/submissions_cs35_sp2025/Jennifer Long/final|hw1pr1 JL.py,864,25.0,12.26851851851852,29.51388888888889,21,156,41.142857142857146,-1,2,1.387,7,CS35,sp2025,2025
/Users/summer-2024/Desktop/code metrics 25/All-Data/CS35-Data/assignments postllm/submissions_cs35_sp2025/Jennifer Long/final|hw5pr2digits_cleaner JL.py,125,39.2,0.0,39.2,0,2,0.0,0,0,1.3,4,CS35,sp2025,2025
/Users/summer-2024/Desktop/code metrics 25/All-Data/IST341-Data/assignments postllm/submissions_ist341_sp2025/final|Copy_of_CGU_Week2_Fahad_&_Mohammed.py,688,31.105,14.534883720930234,30.08720930232558,22,80,31.272727272727273,-1,2,1.225,4,IST341,sp2025,2025
/Users/summer-2024/Desktop/code metrics 25/All-Data/CS35-Data/assignments postllm/submissions_cs35_sp2025/Isabel Burger/final|hw7pr1iris_modeler IB.py,805,44.099,6.583850931677018,23.47826086956522,7,68,115.0,-1,2,1.314,6,CS35,sp2025,2025
/Users/summer-2024/Desktop/code metrics 25/All-Data/CS35-Data/assignments postllm/submissions_cs35_sp2025/Nora Wu/final|hw7pr2digits_modeler NW.py,791,46.776,2.528445006321113,24.020227560050568,9,50,87.88888888888889,-1,2,1.311,5,CS35,sp2025,2025
/Users/summer-2024/Desktop/code metrics 25/All-Data/IST341-Data/assignments postllm/submissions_ist341_sp2025/final|all_in_one_iris_modeler_ipynb_Mohammed_Qelhas_&_Abdullah_Alrumi.py,770,21.948,2.3376623376623376,28.44155844155844,9,78,85.55555555555556,-1,1,1.268,6,IST341,sp2025,2025
/Users/summer-2024/Desktop/code metrics 25/All-Data/CS35-Data/assignments postllm/submissions_cs35_sp2025/Jennifer Long/final|hw3pr1 JL.py,471,26.964,20.169851380042463,35.6687898089172,8,42,58.875,-1,1,2.681,5,CS35,sp2025,2025
/Users/summer-2024/Desktop/code metrics 25/All-Data/CS35-Data/assignments postllm/submissions_cs35_sp2025/Jennifer Long/final|hw6pr1births_modeler JL.py,805,48.323,1.7391304347826086,24.84472049689441,3,38,268.3333333333333,-1,1,1.296,6,CS35,sp2025,2025
/Users/summer-2024/Desktop/code metrics 25/All-Data/CS35-Data/assignments postllm/submissions_cs35_sp2025/Jerry Qiao/final|hw4pr1 JQ.py,892,26.794,5.605381165919283,34.97757847533632,11,11,81.0909090909091,-1,2,1.294,7,CS35,sp2025,2025
/Users/summer-2024/Desktop/code metrics 25/All-Data/ECON176-Data/assignments postllm/submissions_econ176_sp2025/Kyra Roy/final|Assignment 1- KR.py,286,21.329,3.4965034965034967,35.31468531468531,6,16,47.666666666666664,-1,2,,5,ECON176,sp2025,2025
/Users/summer-2024/Desktop/code metrics 25/All-Data/CS35-Data/assignments postllm/submissions_cs35_sp2025/Jennifer Long/final|hw8pr0final_project_explorations JL.py,7,71.429,0.0,28.57142857142857,0,2,0.0,0,0,1.278,1,CS35,sp2025,2025
/Users/summer-2024/Desktop/code metrics 25/All-Data/CS35-Data/assignments postllm/submissions_cs35_sp2025/Grace Zhu/final|hw6pr2digits_modeler GZ.py,756,44.577,1.8518518518518516,27.24867724867725,3,32,252.0,-1,1,1.319,6,CS35,sp2025,2025
/Users/summer-2024/Desktop/code metrics 25/All-Data/CS35-Data/assignments postllm/submissions_cs35_sp2025/Jerry Qiao/final|hw6pr2digits_modeler JQ.py,756,44.577,1.8518518518518516,27.24867724867725,3,32,252.0,-1,1,1.259,6,CS35,sp2025,2025
/Users/summer-2024/Desktop/code metrics 25/All-Data/CS35-Data/assignments postllm/submissions_cs35_sp2025/Tony Gao/final|hw1pr1 TG.py,565,31.327,14.15929203539823,30.08849557522124,13,107,43.46153846153846,21,1,1.408,7,CS35,sp2025,2025
/Users/summer-2024/Desktop/code metrics 25/All-Data/IST341-Data/assignments postllm/submissions_ist341_sp2025/final|Assignment_1_Notebook_Ahmed (1).py,547,21.755,1.4625228519195612,27.056672760511884,2,57,273.5,0,1,1.318,3,IST341,sp2025,2025
/Users/summer-2024/Desktop/code metrics 25/All-Data/CS35-Data/assignments postllm/submissions_cs35_sp2025/Yixuan Yuan/final|hw0pr1 YY.py,486,27.984,7.20164609053498,36.831275720164605,14,47,34.714285714285715,-1,1,,5,CS35,sp2025,2025
/Users/summer-2024/Desktop/code metrics 25/All-Data/IST341-Data/assignments postllm/submissions_ist341_sp2025/final|Homework_7_Assignment_k_Nearest_Neighbors.py,434,38.018,3.225806451612903,21.19815668202765,3,46,144.66666666666666,-1,1,1.292,6,IST341,sp2025,2025
/Users/summer-2024/Desktop/code metrics 25/All-Data/CS35-Data/assignments postllm/submissions_cs35_sp2025/Nora Wu/final|hw6pr1births_modeler NW.py,780,43.462,1.7948717948717947,24.102564102564106,4,40,195.0,-1,1,1.284,6,CS35,sp2025,2025
/Users/summer-2024/Desktop/code metrics 25/All-Data/IST341-Data/assignments postllm/submissions_ist341_sp2025/final|andayacharlize_22155_1450055_Concert_FitFinder.py,98,1.02,29.59183673469388,28.57142857142857,2,12,49.0,-1,2,1.43,4,IST341,sp2025,2025
/Users/summer-2024/Desktop/code metrics 25/All-Data/CS35-Data/assignments postllm/submissions_cs35_sp2025/Yixuan Yuan/final|hw6pr1births_modeler YY.py,89,13.483,0.0,41.57303370786517,0,12,0.0,3,0,1.288,5,CS35,sp2025,2025
"/Users/summer-2024/Desktop/code metrics 25/All-Data/IST341-Data/assignments postllm/submissions_ist341_sp2025/final|Copy_of_CGU_IST_341_Week_3_Functions,_Loops,_and_Monte_Carlo.py",1138,25.483,17.223198594024606,32.249560632688926,38,122,29.94736842105263,-1,2,,6,IST341,sp2025,2025
/Users/summer-2024/Desktop/code metrics 25/All-Data/IST341-Data/assignments postllm/submissions_ist341_sp2025/final|phamdaniel_23972_link_Dan_Pham_Final_IST341.py,324,19.753,1.2345679012345678,28.08641975308642,2,4,162.0,1,1,1.241,4,IST341,sp2025,2025
/Users/summer-2024/Desktop/code metrics 25/All-Data/CS35-Data/assignments postllm/submissions_cs35_sp2025/Nora Wu/final|hw2pr1 NW.py,619,37.48,2.7463651050080773,32.956381260096926,7,28,88.42857142857143,-1,2,4.582,6,CS35,sp2025,2025
/Users/summer-2024/Desktop/code metrics 25/All-Data/CS35-Data/assignments postllm/submissions_cs35_sp2025/Amanda Dee/final|hw8pr0final_project_explorations AD.py,7,71.429,0.0,28.57142857142857,0,2,0.0,0,0,1.241,1,CS35,sp2025,2025
/Users/summer-2024/Desktop/code metrics 25/All-Data/CS35-Data/assignments postllm/submissions_cs35_sp2025/Jennifer Long/final|hw8pr1digits_dreamer JL.py,875,35.314,6.9714285714285715,25.82857142857143,5,44,175.0,10,1,1.318,6,CS35,sp2025,2025
/Users/summer-2024/Desktop/code metrics 25/All-Data/CS35-Data/assignments postllm/submissions_cs35_sp2025/Yixuan Yuan/final|hw1pr1 YY.py,779,22.978,13.607188703465985,32.73427471116817,25,153,31.16,32,2,1.38,7,CS35,sp2025,2025
/Users/summer-2024/Desktop/code metrics 25/All-Data/CS35-Data/assignments postllm/submissions_cs35_sp2025/Alina Scholz/final|hw0pr1 AS.py,707,28.289,8.76944837340877,32.248939179632245,16,78,44.1875,-1,1,,6,CS35,sp2025,2025
/Users/summer-2024/Desktop/code metrics 25/All-Data/ECON176-Data/assignments postllm/submissions_econ176_sp2025/Nolan Windham/final|Assignment 7- NW.py,636,15.881,1.8867924528301887,28.61635220125786,7,6,90.85714285714286,1,2,1.292,5,ECON176,sp2025,2025
/Users/summer-2024/Desktop/code metrics 25/All-Data/CS35-Data/assignments postllm/submissions_cs35_sp2025/Isabel Burger/final|hw1pr1 IB.py,1379,34.083,13.343002175489485,26.68600435097897,30,367,45.96666666666667,48,4,1.439,7,CS35,sp2025,2025
"/Users/summer-2024/Desktop/code metrics 25/All-Data/IST341-Data/assignments postllm/submissions_ist341_sp2025/final|CGU_Week2_Strings,_Slicing,_and_Functions_Mohammed_Qelhas_&_Abdullah (1).py",586,24.744,4.778156996587031,26.791808873720136,21,110,27.904761904761905,-1,2,1.318,5,IST341,sp2025,2025
"/Users/summer-2024/Desktop/code metrics 25/All-Data/IST341-Data/assignments postllm/submissions_ist341_sp2025/final|Copy_of_CGU_Week1_Cells,_Code,_and_Conditionals_Mohammed_&_Abdullah.py",475,24.421,1.6842105263157894,30.94736842105263,2,53,237.5,0,1,1.277,4,IST341,sp2025,2025
/Users/summer-2024/Desktop/code metrics 25/All-Data/CS35-Data/assignments postllm/submissions_cs35_sp2025/Nora Wu/final|hw1pr1 NW.py,1117,35.094,6.624888093106536,30.975828111011637,23,275,48.56521739130435,47,2,1.418,7,CS35,sp2025,2025
/Users/summer-2024/Desktop/code metrics 25/All-Data/CS35-Data/assignments postllm/submissions_cs35_sp2025/Yixuan Yuan/final|hw4pr1 YY.py,794,22.922,4.156171284634761,36.649874055415616,7,11,113.42857142857144,2,1,1.261,7,CS35,sp2025,2025
/Users/summer-2024/Desktop/code metrics 25/All-Data/CS35-Data/assignments postllm/submissions_cs35_sp2025/Tony Gao/final|hw2pr1 TG.py,672,39.881,5.059523809523809,29.464285714285715,8,22,84.0,-1,2,,6,CS35,sp2025,2025
/Users/summer-2024/Desktop/code metrics 25/All-Data/CS35-Data/assignments postllm/submissions_cs35_sp2025/Amanda Dee/final|hw8pr1digits_dreamer AD.py,628,28.503,11.464968152866245,25.0,8,34,78.5,8,1,1.322,7,CS35,sp2025,2025
/Users/summer-2024/Desktop/code metrics 25/All-Data/ECON176-Data/assignments postllm/submissions_econ176_sp2025/Josaphat Ngoga/final|Assignment 1- JN.py,440,26.136,3.4090909090909087,38.86363636363636,6,28,73.33333333333333,-1,1,4.133,6,ECON176,sp2025,2025
/Users/summer-2024/Desktop/code metrics 25/All-Data/CS35-Data/assignments postllm/submissions_cs35_sp2025/Alina Scholz/final|hw6pr1births_modeler AS.py,713,46.844,3.366058906030855,27.76998597475456,4,26,178.25,9,1,1.295,6,CS35,sp2025,2025
/Users/summer-2024/Desktop/code metrics 25/All-Data/IST341-Data/assignments postllm/submissions_ist341_sp2025/final|IST341_Final_Project_Ivan_Lopez.py,1343,23.976,0.0,22.85927029039464,0,24,0.0,8,0,1.242,5,IST341,sp2025,2025
"/Users/summer-2024/Desktop/code metrics 25/All-Data/IST341-Data/assignments postllm/submissions_ist341_sp2025/final|Copy_of_CGU_Week1_Cells,_Code,_and_Conditionals_Mohammed_&_Abdullah (1).py",475,24.421,1.6842105263157894,30.94736842105263,2,53,237.5,0,1,1.332,4,IST341,sp2025,2025
/Users/summer-2024/Desktop/code metrics 25/All-Data/IST341-Data/assignments postllm/submissions_ist341_sp2025/final|Copy_of_hw8_ist341_spr24 (1).py,1172,39.249,1.3651877133105803,27.13310580204778,5,58,234.4,-1,1,1.315,6,IST341,sp2025,2025
/Users/summer-2024/Desktop/code metrics 25/All-Data/IST341-Data/assignments postllm/submissions_ist341_sp2025/final|hw9_ist341_spr25_ipynb_Mohammed_Qelhas_and_Abdullah_Alrumi (1).py,924,27.922,5.735930735930736,28.8961038961039,8,43,115.5,-1,1,1.298,5,IST341,sp2025,2025
/Users/summer-2024/Desktop/code metrics 25/All-Data/CS35-Data/assignments postllm/submissions_cs35_sp2025/Jennifer Long/final|hw7pr1iris_modeler__1_ JL.py,1092,46.612,5.21978021978022,24.084249084249084,9,54,121.33333333333331,-1,2,1.274,5,CS35,sp2025,2025
/Users/summer-2024/Desktop/code metrics 25/All-Data/CS35-Data/assignments postllm/submissions_cs35_sp2025/Jerry Qiao/final|hw6pr1births_modeler JQ.py,717,47.141,1.9525801952580195,24.407252440725244,3,30,239.0,-1,1,1.345,6,CS35,sp2025,2025
/Users/summer-2024/Desktop/code metrics 25/All-Data/CS35-Data/assignments postllm/submissions_cs35_sp2025/Alina Scholz/final|hw3pr1 AS.py,583,23.842,27.61578044596912,31.903945111492284,10,50,58.3,-1,2,2.033,5,CS35,sp2025,2025
/Users/summer-2024/Desktop/code metrics 25/All-Data/CS35-Data/assignments postllm/submissions_cs35_sp2025/Alina Scholz/final|hw5pr1births_cleaner AS.py,169,40.828,2.366863905325444,33.72781065088758,2,12,84.5,5,1,1.275,5,CS35,sp2025,2025
/Users/summer-2024/Desktop/code metrics 25/All-Data/CS35-Data/assignments postllm/submissions_cs35_sp2025/Stephan Rumigny/final|hw3pr1 SR.py,487,25.873,18.480492813141684,35.1129363449692,13,46,37.46153846153846,-1,1,1.56,3,CS35,sp2025,2025
/Users/summer-2024/Desktop/code metrics 25/All-Data/CS35-Data/assignments postllm/submissions_cs35_sp2025/Jennifer Long/final|Copy_of_hw0pr1 JL.py,686,30.029,7.580174927113703,34.69387755102041,19,90,36.10526315789474,-1,2,,7,CS35,sp2025,2025
/Users/summer-2024/Desktop/code metrics 25/All-Data/CS35-Data/assignments postllm/submissions_cs35_sp2025/Nora Wu/final|hw5pr2digits_cleaner NW.py,79,22.785,0.0,45.56962025316456,0,2,0.0,0,0,1.333,4,CS35,sp2025,2025
/Users/summer-2024/Desktop/code metrics 25/All-Data/ECON176-Data/assignments postllm/submissions_econ176_sp2025/Nick Mondello/final|Assignment 7- NM.py,491,17.108,2.0366598778004072,34.419551934826885,6,4,81.83333333333333,1,2,1.296,4,ECON176,sp2025,2025
/Users/summer-2024/Desktop/code metrics 25/All-Data/IST341-Data/assignments postllm/submissions_ist341_sp2025/final|Assignment_5_Notebook_Ahmed_ALANAZI.py,1208,20.364,28.725165562913908,28.642384105960268,19,87,63.578947368421055,-1,3,1.303,6,IST341,sp2025,2025
/Users/summer-2024/Desktop/code metrics 25/All-Data/CS35-Data/assignments postllm/submissions_cs35_sp2025/Alina Scholz/final|hw8pr1digits_dreamer.py,838,39.141,7.637231503579953,28.639618138424822,8,44,104.75,13,2,1.288,7,CS35,sp2025,2025
/Users/summer-2024/Desktop/code metrics 25/All-Data/CS35-Data/assignments postllm/submissions_cs35_sp2025/Alina Scholz/final|hw6pr2digits_modeler AS.py,674,45.401,2.0771513353115725,26.85459940652819,3,26,224.66666666666663,-1,1,1.322,6,CS35,sp2025,2025
/Users/summer-2024/Desktop/code metrics 25/All-Data/IST341-Data/assignments postllm/submissions_ist341_sp2025/final|Copy_of_all_in_one_iris_modeler_DT_RF (1).py,1255,41.036,2.0717131474103585,17.52988047808765,5,212,251.0,-1,1,1.244,6,IST341,sp2025,2025
/Users/summer-2024/Desktop/code metrics 25/All-Data/CS35-Data/assignments postllm/submissions_cs35_sp2025/Isabel Burger/final|hw2pr1 IB.py,689,40.929,2.1770682148040637,27.28592162554427,10,16,68.9,-1,3,,6,CS35,sp2025,2025
/Users/summer-2024/Desktop/code metrics 25/All-Data/ECON176-Data/assignments postllm/submissions_econ176_sp2025/Catherine Liu/final|Assignment 7- CL.py,461,18.655,2.1691973969631237,34.05639913232104,6,4,76.83333333333333,1,2,1.277,4,ECON176,sp2025,2025
/Users/summer-2024/Desktop/code metrics 25/All-Data/CS35-Data/assignments postllm/submissions_cs35_sp2025/Grace Zhu/final|hw1pr1 GZ.py,890,37.64,15.056179775280896,30.224719101123597,14,160,63.57142857142857,22,1,1.435,7,CS35,sp2025,2025
/Users/summer-2024/Desktop/code metrics 25/All-Data/CS35-Data/assignments postllm/submissions_cs35_sp2025/Alina Scholz/final|hw5pr2digits_cleaner AS.py,136,44.118,1.4705882352941175,35.294117647058826,1,8,136.0,3,1,1.287,5,CS35,sp2025,2025
/Users/summer-2024/Desktop/code metrics 25/All-Data/CS35-Data/assignments postllm/submissions_cs35_sp2025/Anna Park/final|hw6pr1births_modeler AP.py,188,30.851,0.0,22.872340425531913,0,16,0.0,5,0,1.3,5,CS35,sp2025,2025
/Users/summer-2024/Desktop/code metrics 25/All-Data/CS35-Data/assignments postllm/submissions_cs35_sp2025/Alina Scholz/final|hw1pr1 AS.py,1196,23.161,13.127090301003344,27.341137123745817,19,315,62.94736842105263,46,2,1.381,7,CS35,sp2025,2025
/Users/summer-2024/Desktop/code metrics 25/All-Data/IST341-Data/assignments postllm/submissions_ist341_sp2025/final|all_in_one_iris_modeler_ipynb_Mohammed_Qelhas_&_Abdullah_Alrumi (1).py,770,21.948,2.3376623376623376,28.44155844155844,9,78,85.55555555555556,-1,1,1.299,6,IST341,sp2025,2025
/Users/summer-2024/Desktop/code metrics 25/All-Data/CS35-Data/assignments postllm/submissions_cs35_sp2025/Grace Zhu/final|hw4pr1 GZ.py,892,26.794,5.605381165919283,34.97757847533632,11,11,81.0909090909091,-1,2,1.284,7,CS35,sp2025,2025
/Users/summer-2024/Desktop/code metrics 25/All-Data/CS35-Data/assignments postllm/submissions_cs35_sp2025/Anna Park/final|hw0pr1 AP.py,628,31.529,9.235668789808916,32.802547770700635,16,83,39.25,-1,1,,6,CS35,sp2025,2025
/Users/summer-2024/Desktop/code metrics 25/All-Data/ECON176-Data/assignments postllm/submissions_econ176_sp2025/Josaphat Ngoga/final|Assignment 7- JN.py,482,18.465,4.564315352697095,33.19502074688796,6,4,80.33333333333333,1,2,1.264,5,ECON176,sp2025,2025
/Users/summer-2024/Desktop/code metrics 25/All-Data/CS35-Data/assignments postllm/submissions_cs35_sp2025/Jerry Qiao/final|hw5pr1births_modeler JQ.py,426,46.714,3.286384976525822,28.169014084507044,3,18,142.0,-1,1,1.244,5,CS35,sp2025,2025
/Users/summer-2024/Desktop/code metrics 25/All-Data/IST341-Data/assignments postllm/submissions_ist341_sp2025/final|Copy_of_all_in_one_iris_modeler_DT_RF (2).py,1121,29.081,3.2114183764495987,20.428189116859947,7,128,160.14285714285714,-1,1,1.313,6,IST341,sp2025,2025
/Users/summer-2024/Desktop/code metrics 25/All-Data/CS35-Data/assignments postllm/submissions_cs35_sp2025/Amanda Dee/final|hw8pr2word_embeddings AD.py,503,32.803,8.548707753479125,32.007952286282304,6,43,83.83333333333333,9,1,1.314,7,CS35,sp2025,2025
/Users/summer-2024/Desktop/code metrics 25/All-Data/CS35-Data/assignments postllm/submissions_cs35_sp2025/Isabel Burger/final|hw8pr1digits_dreamer IB.py,824,34.102,6.796116504854369,27.305825242718445,6,50,137.33333333333334,15,2,1.324,6,CS35,sp2025,2025
/Users/summer-2024/Desktop/code metrics 25/All-Data/IST341-Data/assignments postllm/submissions_ist341_sp2025/final|Copy_of_hw8_ist341_spr24.py,1172,39.249,1.3651877133105803,27.13310580204778,5,58,234.4,-1,1,1.306,6,IST341,sp2025,2025
/Users/summer-2024/Desktop/code metrics 25/All-Data/CS35-Data/assignments postllm/submissions_cs35_sp2025/Jerry Qiao/final|hw1pr1 JQ.py,890,37.64,15.056179775280896,30.224719101123597,14,160,63.57142857142857,22,1,1.425,7,CS35,sp2025,2025
"/Users/summer-2024/Desktop/code metrics 25/All-Data/IST341-Data/assignments postllm/submissions_ist341_sp2025/final|Another_copy_of_CGU_IST_341_Week_3_Functions,_Loops,_and_Monte_Carlo(Mohammed_and_Fahad)).py",1178,24.958,15.534804753820032,31.918505942275043,39,172,30.205128205128204,-1,3,1.314,5,IST341,sp2025,2025
"/Users/summer-2024/Desktop/code metrics 25/All-Data/IST341-Data/assignments postllm/submissions_ist341_sp2025/final|Copy_of_Week_5_CGU_For_libraries,_for_lists,_for_the_win(Dan's_Copy).py",898,28.285,16.481069042316257,33.630289532293986,15,73,59.86666666666667,-1,3,1.291,6,IST341,sp2025,2025
"/Users/summer-2024/Desktop/code metrics 25/All-Data/IST341-Data/assignments postllm/submissions_ist341_sp2025/final|Copy_of_Week_5_CGU_For_libraries,_for_lists,_for_the_win_Abdullah_Alrumi_&_Mohammed_Qelhas.py",1128,28.635,9.840425531914894,29.78723404255319,25,91,45.12,-1,3,,6,IST341,sp2025,2025
/Users/summer-2024/Desktop/code metrics 25/All-Data/CS35-Data/assignments postllm/submissions_cs35_sp2025/Grace Zhu/final|hw5pr2digits_cleaner GZ.py,213,40.845,0.0,34.74178403755869,0,12,0.0,5,0,1.31,5,CS35,sp2025,2025
/Users/summer-2024/Desktop/code metrics 25/All-Data/CS35-Data/assignments postllm/submissions_cs35_sp2025/Jennifer Long/final|hw7pr2digits_modeler JL.py,586,42.662,2.3890784982935154,24.2320819112628,6,62,97.66666666666669,-1,2,1.3,6,CS35,sp2025,2025
/Users/summer-2024/Desktop/code metrics 25/All-Data/CS35-Data/assignments postllm/submissions_cs35_sp2025/Jerry Qiao/final|hw2pr1 JQ.py,711,38.678,5.063291139240507,27.70745428973277,8,15,88.875,-1,2,,6,CS35,sp2025,2025
/Users/summer-2024/Desktop/code metrics 25/All-Data/CS35-Data/assignments postllm/submissions_cs35_sp2025/Jennifer Long/final|hw5pr1births_modeler_2cols JL.py,542,46.863,2.5830258302583027,26.752767527675275,3,28,180.66666666666663,-1,1,1.276,6,CS35,sp2025,2025
/Users/summer-2024/Desktop/code metrics 25/All-Data/CS35-Data/assignments postllm/submissions_cs35_sp2025/Amanda Dee/final|hw6pr1births_modeler AD.py,723,47.165,1.9363762102351312,25.172890733056708,3,32,241.0,-1,1,1.268,6,CS35,sp2025,2025
/Users/summer-2024/Desktop/code metrics 25/All-Data/CS35-Data/assignments postllm/submissions_cs35_sp2025/Nora Wu/final|hw7pr1iris_modeler NW.py,990,46.061,4.94949494949495,23.83838383838384,9,54,110.0,-1,2,1.312,5,CS35,sp2025,2025
/Users/summer-2024/Desktop/code metrics 25/All-Data/CS35-Data/assignments postllm/submissions_cs35_sp2025/Stephan Rumigny/final|hw0pr1 SR.py,669,28.55,13.303437967115098,32.585949177877424,16,85,41.8125,-1,1,,7,CS35,sp2025,2025
/Users/summer-2024/Desktop/code metrics 25/All-Data/CS35-Data/assignments postllm/submissions_cs35_sp2025/Anna Park/final|hw2pr1 AP.py,805,38.261,3.1055900621118013,27.701863354037265,12,56,67.08333333333333,-1,2,,6,CS35,sp2025,2025
/Users/summer-2024/Desktop/code metrics 25/All-Data/IST341-Data/assignments postllm/submissions_ist341_sp2025/final|Assignment_1_Notebook_Ahmed.py,547,21.755,1.4625228519195612,27.056672760511884,2,57,273.5,0,1,1.257,3,IST341,sp2025,2025
/Users/summer-2024/Desktop/code metrics 25/All-Data/IST341-Data/assignments postllm/submissions_ist341_sp2025/final|Copy_of_hw9_ist341_spr25.py,708,36.864,11.016949152542372,27.68361581920904,8,33,88.5,-1,1,1.424,5,IST341,sp2025,2025
"/Users/summer-2024/Desktop/code metrics 25/All-Data/IST341-Data/assignments postllm/submissions_ist341_sp2025/final|Copy_of_CGU_IST_341_Week_3_Functions,_Loops,_and_Monte_Carlo (2).py",1156,22.059,17.906574394463668,31.314878892733567,48,148,24.083333333333332,-1,3,,6,IST341,sp2025,2025
"/Users/summer-2024/Desktop/code metrics 25/All-Data/IST341-Data/assignments postllm/submissions_ist341_sp2025/final|IST_341_Final_Project_Mohammed_GQ,_Abdullah,_Moe_.py",402,11.692,0.0,30.597014925373134,0,30,0.0,9,0,1.276,5,IST341,sp2025,2025
/Users/summer-2024/Desktop/code metrics 25/All-Data/ECON176-Data/assignments postllm/submissions_econ176_sp2025/Emmett Chen/final|Assignment 1- EC.py,373,23.592,5.093833780160858,29.49061662198391,4,30,93.25,-1,1,5.512,5,ECON176,sp2025,2025
/Users/summer-2024/Desktop/code metrics 25/All-Data/IST341-Data/assignments postllm/submissions_ist341_sp2025/final|Copy_of_hw7_ist341_spr24 (2).py,1112,40.558,2.158273381294964,29.04676258992806,7,50,158.85714285714286,-1,1,1.267,6,IST341,sp2025,2025
/Users/summer-2024/Desktop/code metrics 25/All-Data/CS35-Data/assignments postllm/submissions_cs35_sp2025/Yixuan Yuan/final|hw2pr1 YY.py,616,38.312,1.6233766233766231,33.76623376623377,2,12,308.0,-1,1,,5,CS35,sp2025,2025
/Users/summer-2024/Desktop/code metrics 25/All-Data/CS35-Data/assignments postllm/submissions_cs35_sp2025/Isabel Burger/final|hw5pr1births_cleaner IB.py,148,47.973,1.351351351351351,34.45945945945946,1,6,148.0,2,1,1.301,5,CS35,sp2025,2025
/Users/summer-2024/Desktop/code metrics 25/All-Data/CS35-Data/assignments postllm/submissions_cs35_sp2025/Amanda Dee/final|hw0pr1 AD.py,637,30.298,8.948194662480377,32.81004709576138,16,77,39.8125,-1,1,,6,CS35,sp2025,2025
/Users/summer-2024/Desktop/code metrics 25/All-Data/IST341-Data/assignments postllm/submissions_ist341_sp2025/final|hw9_ist341_spr25_ipynb_Mohammed_Qelhas_and_Abdullah_Alrumi.py,924,27.922,5.735930735930736,28.8961038961039,8,43,115.5,-1,1,1.341,5,IST341,sp2025,2025
/Users/summer-2024/Desktop/code metrics 25/All-Data/CS35-Data/assignments postllm/submissions_cs35_sp2025/Anna Park/final|hw3pr1 AP.py,568,27.993,19.718309859154928,33.45070422535211,16,52,35.5,-1,2,2.618,5,CS35,sp2025,2025
/Users/summer-2024/Desktop/code metrics 25/All-Data/CS35-Data/assignments postllm/submissions_cs35_sp2025/Amanda Dee/final|hw9pr0_project_progress_and_plan AD.py,7,71.429,0.0,28.57142857142857,0,2,0.0,0,0,1.264,1,CS35,sp2025,2025
/Users/summer-2024/Desktop/code metrics 25/All-Data/CS35-Data/assignments postllm/submissions_cs35_sp2025/Isabel Burger/final|hw7pr2digits_modeler IB.py,524,44.275,1.9083969465648856,24.236641221374043,5,26,104.8,-1,2,1.258,5,CS35,sp2025,2025
/Users/summer-2024/Desktop/code metrics 25/All-Data/CS35-Data/assignments postllm/submissions_cs35_sp2025/Isabel Burger/final|hw8pr0final_project_explorations IB.py,619,16.963,2.5848142164781907,21.64781906300485,4,83,154.75,15,1,1.275,5,CS35,sp2025,2025
/Users/summer-2024/Desktop/code metrics 25/All-Data/CS35-Data/assignments postllm/submissions_cs35_sp2025/Nora Wu/final|hw5pr1births_cleaner NW.py,112,23.214,0.0,41.07142857142857,1,12,112.0,3,1,1.25,5,CS35,sp2025,2025
/Users/summer-2024/Desktop/code metrics 25/All-Data/CS35-Data/assignments postllm/submissions_cs35_sp2025/Yixuan Yuan/final|hw5pr2digits_cleaner YY.py,118,16.949,0.0,46.61016949152542,0,4,0.0,1,0,1.325,5,CS35,sp2025,2025
/Users/summer-2024/Desktop/code metrics 25/All-Data/CS35-Data/assignments postllm/submissions_cs35_sp2025/Tony Gao/final|hw5pr1births_cleaner TG.py,74,36.486,0.0,31.08108108108108,1,4,74.0,0,1,1.262,3,CS35,sp2025,2025
/Users/summer-2024/Desktop/code metrics 25/All-Data/CS35-Data/assignments postllm/submissions_cs35_sp2025/Isabel Burger/final|hw9project_update IB.py,1345,20.743,1.1895910780669146,24.907063197026023,3,43,448.3333333333333,15,1,1.326,4,CS35,sp2025,2025
/Users/summer-2024/Desktop/code metrics 25/All-Data/CS35-Data/assignments postllm/submissions_cs35_sp2025/Amanda Dee/final|hw5pr1births_cleaner AD.py,165,46.061,1.2121212121212122,34.54545454545455,1,8,165.0,3,1,1.266,5,CS35,sp2025,2025
/Users/summer-2024/Desktop/code metrics 25/All-Data/IST341-Data/assignments postllm/submissions_ist341_sp2025/final|Homework_9_Project_Preliminaries_and_Building_NNets.py,676,39.349,6.508875739644971,26.183431952662723,7,39,96.57142857142856,-1,2,1.312,5,IST341,sp2025,2025
/Users/summer-2024/Desktop/code metrics 25/All-Data/CS35-Data/assignments postllm/submissions_cs35_sp2025/Anna Park/final|hw1pr1 AP.py,804,33.209,12.686567164179104,31.716417910447763,27,134,29.77777777777778,27,2,1.4,7,CS35,sp2025,2025
/Users/summer-2024/Desktop/code metrics 25/All-Data/CS35-Data/assignments postllm/submissions_cs35_sp2025/Grace Zhu/final|hw6pr1births_modeler GZ.py,717,47.141,1.9525801952580195,24.407252440725244,3,30,239.0,-1,1,1.261,6,CS35,sp2025,2025
"/Users/summer-2024/Desktop/code metrics 25/All-Data/IST341-Data/assignments postllm/submissions_ist341_sp2025/final|Copy_of_Week_5_CGU_For_libraries,_for_lists,_for_the_win_Mohammed_and_Fahad.py",922,28.525,9.436008676789587,34.924078091106296,15,85,61.46666666666667,-1,3,,6,IST341,sp2025,2025
/Users/summer-2024/Desktop/code metrics 25/All-Data/CS35-Data/assignments postllm/submissions_cs35_sp2025/Nora Wu/final|hw0pr1 NW.py,666,35.435,5.105105105105105,33.033033033033036,16,81,41.625,-1,1,,6,CS35,sp2025,2025
"/Users/summer-2024/Desktop/code metrics 25/All-Data/IST341-Data/assignments postllm/submissions_ist341_sp2025/final|Copy_of_CGU_IST_341_Week_3_Functions,_Loops,_and_Monte_Carlo_(Dan's_Copy).py",1137,27.177,12.049252418645558,33.773087071240106,39,127,29.153846153846153,-1,3,,5,IST341,sp2025,2025
/Users/summer-2024/Desktop/code metrics 25/All-Data/ECON176-Data/assignments postllm/submissions_econ176_sp2025/Nick Mondello/final|Assignment 1- NM.py,398,19.095,3.7688442211055273,36.4321608040201,4,26,99.5,-1,1,4.141,6,ECON176,sp2025,2025
/Users/summer-2024/Desktop/code metrics 25/All-Data/CS35-Data/assignments postllm/submissions_cs35_sp2025/Yixuan Yuan/final|hw6pr2digits_modeler YY.py,132,5.303,0.0,41.66666666666667,0,2,0.0,0,0,1.288,3,CS35,sp2025,2025
/Users/summer-2024/Desktop/code metrics 25/All-Data/CS35-Data/assignments postllm/submissions_cs35_sp2025/Isabel Burger/final|hw6pr2digits_modeler IB.py,803,48.692,1.7434620174346205,25.280199252801992,3,30,267.6666666666667,-1,1,1.269,6,CS35,sp2025,2025
/Users/summer-2024/Desktop/code metrics 25/All-Data/IST341-Data/assignments postllm/submissions_ist341_sp2025/final|Copy_of_all_in_one_iris_modeler_DT_RF.py,1121,29.081,3.2114183764495987,20.428189116859947,7,128,160.14285714285714,-1,1,1.306,6,IST341,sp2025,2025
/Users/summer-2024/Desktop/code metrics 25/All-Data/CS35-Data/assignments postllm/submissions_cs35_sp2025/Amanda Dee/final|hw2pr1 AD.py,668,40.12,4.491017964071856,29.790419161676645,8,16,83.5,-1,2,,6,CS35,sp2025,2025
/Users/summer-2024/Desktop/code metrics 25/All-Data/CS35-Data/assignments postllm/submissions_cs35_sp2025/Alina Scholz/final|hw7pr2digits_modeler AS.py,499,36.072,3.2064128256513023,31.462925851703403,6,36,83.16666666666667,10,2,1.269,5,CS35,sp2025,2025
"/Users/summer-2024/Desktop/code metrics 25/All-Data/IST341-Data/assignments postllm/submissions_ist341_sp2025/final|Copy_of_CGU_Week2_Strings,_Slicing,_and_Functions (2).py",505,26.139,8.514851485148515,29.306930693069305,19,39,26.57894736842105,-1,2,1.28,6,IST341,sp2025,2025
"/Users/summer-2024/Desktop/code metrics 25/All-Data/IST341-Data/assignments postllm/submissions_ist341_sp2025/final|IST_341_Final_Project_Mohammed_GQ,_Abdullah,_Moe_ (1).py",402,11.692,0.0,30.597014925373134,0,30,0.0,9,0,1.268,5,IST341,sp2025,2025
/Users/summer-2024/Desktop/code metrics 25/All-Data/IST341-Data/assignments postllm/submissions_ist341_sp2025/final|hw8_ist341_spr24_ipynb_Mohammed_Qelhas_&_Abdullah_Alrumi.py,2613,39.686,0.6888633754305395,27.21010332950631,10,158,261.3,-1,1,1.304,6,IST341,sp2025,2025
/Users/summer-2024/Desktop/code metrics 25/All-Data/CS35-Data/assignments postllm/submissions_cs35_sp2025/Jennifer Long/final|hw4pr1 JL.py,888,23.536,3.716216216216216,35.24774774774775,7,11,126.85714285714286,-1,1,1.274,7,CS35,sp2025,2025
/Users/summer-2024/Desktop/code metrics 25/All-Data/CS35-Data/assignments postllm/submissions_cs35_sp2025/Stephan Rumigny/final|hw2pr1 SR.py,694,39.914,5.187319884726225,28.38616714697406,8,20,86.75,-1,2,,6,CS35,sp2025,2025
"/Users/summer-2024/Desktop/code metrics 25/All-Data/IST341-Data/assignments postllm/submissions_ist341_sp2025/final|Copy_of_Week_5_CGU_For_libraries,_for_lists,_for_the_win.py",3202,10.65,75.5153029356652,24.172392254840723,15,61,213.46666666666667,-1,3,,6,IST341,sp2025,2025
"/Users/summer-2024/Desktop/code metrics 25/All-Data/IST341-Data/assignments postllm/submissions_ist341_sp2025/final|Copy_of_Week_5_CGU_For_libraries,_for_lists,_for_the_win (1).py",911,26.564,18.331503841931944,30.845225027442368,15,59,60.733333333333334,-1,3,4.12,6,IST341,sp2025,2025
/Users/summer-2024/Desktop/code metrics 25/All-Data/CS35-Data/assignments postllm/submissions_cs35_sp2025/Tony Gao/final|hw5pr2digits_cleaner TG.py,76,46.053,0.0,25.0,0,4,0.0,0,0,1.273,3,CS35,sp2025,2025
"/Users/summer-2024/Desktop/code metrics 25/All-Data/IST341-Data/assignments postllm/submissions_ist341_sp2025/final|Copy_of_CGU_IST_341_Week_3_Functions,_Loops,_and_Monte_Carlo (3).py",1322,24.811,21.40695915279879,31.391830559757945,45,136,29.377777777777776,-1,2,1.324,6,IST341,sp2025,2025
/Users/summer-2024/Desktop/code metrics 25/All-Data/CS35-Data/assignments postllm/submissions_cs35_sp2025/Amanda Dee/final|hw6pr2digits_modeler AD.py,751,45.007,1.8641810918774968,26.36484687083888,3,32,250.33333333333337,-1,1,1.262,6,CS35,sp2025,2025
/Users/summer-2024/Desktop/code metrics 25/All-Data/IST341-Data/assignments postllm/submissions_ist341_sp2025/final|Copy_of_all_in_one_iris_modeler.py,620,45.806,4.193548387096775,17.096774193548388,5,96,124.0,-1,1,1.319,6,IST341,sp2025,2025
/Users/summer-2024/Desktop/code metrics 25/All-Data/CS35-Data/assignments postllm/submissions_cs35_sp2025/Isabel Burger/final|hw4pr1 IB.py,902,26.497,3.658536585365854,34.25720620842572,7,9,128.85714285714286,-1,1,1.267,7,CS35,sp2025,2025
"/Users/summer-2024/Desktop/code metrics 25/All-Data/IST341-Data/assignments postllm/submissions_ist341_sp2025/final|Copy_of_CGU_Week2_Strings,_Slicing,_and_Functions (3).py",560,30.536,17.142857142857142,29.642857142857142,15,29,37.333333333333336,-1,1,1.321,5,IST341,sp2025,2025
"/Users/summer-2024/Desktop/code metrics 25/All-Data/IST341-Data/assignments postllm/submissions_ist341_sp2025/final|phamdaniel_23972_1415383_Copy of CGU Week2_  Strings, Slicing, and Functions (Dan's Copy).py",566,30.919,10.424028268551238,26.325088339222617,18,81,31.444444444444443,-1,2,1.251,5,IST341,sp2025,2025
"/Users/summer-2024/Desktop/code metrics 25/All-Data/IST341-Data/assignments postllm/submissions_ist341_sp2025/final|CGU_IST_341_Week_3_Functions,_Loops,_and_Monte_Carlo_Mohammed_Qelhas_&_Abdullah (1).py",1143,24.147,13.123359580052494,31.84601924759405,38,183,30.07894736842105,-1,2,1.285,7,IST341,sp2025,2025
"/Users/summer-2024/Desktop/code metrics 25/All-Data/IST341-Data/assignments postllm/submissions_ist341_sp2025/final|CGU_Week1_Cells,_Code,_and_Conditionals_(Dan's_Copy).py",538,20.632,1.1152416356877324,31.784386617100377,2,49,269.0,0,1,1.28,3,IST341,sp2025,2025
"/Users/summer-2024/Desktop/code metrics 25/All-Data/IST341-Data/assignments postllm/submissions_ist341_sp2025/final|Charlize_Andaya_CGU_Week1_Cells,_Code,_and_Conditionals.py",549,20.765,2.185792349726776,28.59744990892532,2,61,274.5,0,1,1.319,3,IST341,sp2025,2025
/Users/summer-2024/Desktop/code metrics 25/All-Data/IST341-Data/assignments postllm/submissions_ist341_sp2025/final|Copy_of_hw7_ist341_spr24.py,1841,42.966,2.498642042368278,29.06029331884845,13,98,141.6153846153846,-1,1,1.304,6,IST341,sp2025,2025
/Users/summer-2024/Desktop/code metrics 25/All-Data/CS35-Data/assignments postllm/submissions_cs35_sp2025/Grace Zhu/final|hw2pr1 GZ.py,711,38.678,5.063291139240507,27.70745428973277,8,15,88.875,-1,2,,6,CS35,sp2025,2025
/Users/summer-2024/Desktop/code metrics 25/All-Data/CS35-Data/assignments postllm/submissions_cs35_sp2025/Tony Gao/final|hw3pr1 TG.py,498,24.699,17.670682730923694,35.140562248995984,13,50,38.30769230769231,-1,1,1.605,3,CS35,sp2025,2025
/Users/summer-2024/Desktop/code metrics 25/All-Data/IST341-Data/assignments postllm/submissions_ist341_sp2025/final|Copy_of_hw9_ist341_spr25 (2).py,593,41.147,7.925801011804384,26.475548060708263,5,31,118.6,-1,1,1.279,5,IST341,sp2025,2025
/Users/summer-2024/Desktop/code metrics 25/All-Data/IST341-Data/assignments postllm/submissions_ist341_sp2025/final|alanaziahmed_19697_link_SmartCam_Assistant_Project.py,117,17.949,0.0,26.495726495726498,1,29,117.0,2,1,1.268,5,IST341,sp2025,2025
/Users/summer-2024/Desktop/code metrics 25/All-Data/CS35-Data/assignments postllm/submissions_cs35_sp2025/Amanda Dee/final|hw7pr2digits_modeler AD.py,482,10.788,6.639004149377594,28.42323651452282,7,52,68.85714285714286,-1,2,1.286,6,CS35,sp2025,2025
/Users/summer-2024/Desktop/code metrics 25/All-Data/IST341-Data/assignments postllm/submissions_ist341_sp2025/final|Homework_10_Project_Exploration_and_Progress.py,23,30.435,0.0,47.82608695652174,0,2,0.0,0,0,1.273,2,IST341,sp2025,2025
/Users/summer-2024/Desktop/code metrics 25/All-Data/IST341-Data/assignments postllm/submissions_ist341_sp2025/final|Copy_of_all_in_one_iris_modeler_DT_RF(MOHAMMED+FAHAD).py,1415,28.339,2.402826855123675,20.353356890459366,9,228,157.22222222222223,-1,1,1.272,6,IST341,sp2025,2025
/Users/summer-2024/Desktop/code metrics 25/All-Data/IST341-Data/assignments postllm/submissions_ist341_sp2025/final|Dan's_Copy_of_all_in_one_iris_modeler_DT_RF.py,1367,31.456,1.9751280175566936,17.117776152158008,8,228,170.875,-1,1,1.294,6,IST341,sp2025,2025
/Users/summer-2024/Desktop/code metrics 25/All-Data/CS35-Data/assignments postllm/submissions_cs35_sp2025/Amanda Dee/final|hw4pr1 AD.py,847,25.738,3.896103896103896,34.710743801652896,8,9,105.875,-1,1,1.265,7,CS35,sp2025,2025
/Users/summer-2024/Desktop/code metrics 25/All-Data/ECON176-Data/assignments postllm/submissions_econ176_sp2025/Anbo Li/final|Assignment 1-AL.py,637,31.554,2.3547880690737837,33.90894819466248,6,42,106.16666666666669,-1,1,3.726,7,ECON176,sp2025,2025
/Users/summer-2024/Desktop/code metrics 25/All-Data/CS35-Data/assignments postllm/submissions_cs35_sp2025/Isabel Burger/final|hw0pr1 IB.py,659,28.983,7.890743550834597,32.47344461305007,17,83,38.76470588235294,-1,2,,6,CS35,sp2025,2025
/Users/summer-2024/Desktop/code metrics 25/All-Data/CS35-Data/assignments postllm/submissions_cs35_sp2025/Anna Park/final|hw5pr1births_cleaner AP.py,74,36.486,0.0,31.08108108108108,1,4,74.0,0,1,1.277,3,CS35,sp2025,2025
"/Users/summer-2024/Desktop/code metrics 25/All-Data/IST341-Data/assignments postllm/submissions_ist341_sp2025/final|CGU_Week2_Strings,_Slicing,_and_Functions_Mohammed_Qelhas_&_Abdullah.py",586,24.744,4.778156996587031,26.791808873720136,21,110,27.904761904761905,-1,2,1.244,5,IST341,sp2025,2025
/Users/summer-2024/Desktop/code metrics 25/All-Data/CS35-Data/assignments postllm/submissions_cs35_sp2025/Jerry Qiao/final|hw5pr2digits_cleaner JQ.py,213,40.845,0.0,34.74178403755869,0,12,0.0,5,0,1.297,5,CS35,sp2025,2025
/Users/summer-2024/Desktop/code metrics 25/All-Data/CS35-Data/assignments postllm/submissions_cs35_sp2025/Jennifer Long/final|hw6pr2digits_modeler JL.py,771,44.877,1.8158236057068744,25.551232166018156,3,36,257.0,-1,1,1.259,6,CS35,sp2025,2025
/Users/summer-2024/Desktop/code metrics 25/All-Data/IST341-Data/assignments postllm/submissions_ist341_sp2025/final|Homework_8_Assignment_Ahmed.py,623,39.326,2.247191011235955,20.38523274478331,3,80,207.66666666666663,-1,1,1.3,6,IST341,sp2025,2025
/Users/summer-2024/Desktop/code metrics 25/All-Data/CS35-Data/assignments postllm/submissions_cs35_sp2025/Alina Scholz/final|hw2pr1 AS.py,888,33.784,6.644144144144144,31.41891891891892,7,32,126.85714285714286,-1,2,,7,CS35,sp2025,2025
/Users/summer-2024/Desktop/code metrics 25/All-Data/CS35-Data/assignments postllm/submissions_cs35_sp2025/Isabel Burger/final|hw5pr2digits_cleaner IB.py,123,39.837,0.0,38.21138211382114,0,2,0.0,0,0,1.304,4,CS35,sp2025,2025
/Users/summer-2024/Desktop/code metrics 25/All-Data/IST341-Data/assignments postllm/submissions_ist341_sp2025/final|hw8_assignment_notebook.py,2627,43.434,1.446516939474686,26.532165968785687,13,132,202.07692307692307,-1,1,1.331,6,IST341,sp2025,2025
/Users/summer-2024/Desktop/code metrics 25/All-Data/CS35-Data/assignments postllm/submissions_cs35_sp2025/Yixuan Yuan/final|hw5pr1births_cleaner YY.py,77,22.078,0.0,46.75324675324675,1,2,77.0,0,1,1.315,3,CS35,sp2025,2025
/Users/summer-2024/Desktop/code metrics 25/All-Data/CS35-Data/assignments postllm/submissions_cs35_sp2025/Alina Scholz/final|hw4pr1 AS.py,925,24.216,3.567567567567568,37.62162162162162,7,9,132.14285714285714,-1,1,1.286,7,CS35,sp2025,2025
/Users/summer-2024/Desktop/code metrics 25/All-Data/CS35-Data/assignments postllm/submissions_cs35_sp2025/Stephan Rumigny/final|hw1pr1 SR.py,477,37.945,15.932914046121594,30.60796645702306,9,58,53.0,11,1,1.388,7,CS35,sp2025,2025
/Users/summer-2024/Desktop/code metrics 25/All-Data/IST341-Data/assignments postllm/submissions_ist341_sp2025/final|Dan's_Copy_of_hw7_ist341_spr24.py,1484,40.094,2.358490566037736,29.582210242587603,11,80,134.9090909090909,-1,1,1.302,6,IST341,sp2025,2025
/Users/summer-2024/Desktop/code metrics 25/All-Data/CS35-Data/assignments postllm/submissions_cs35_sp2025/Jennifer Long/final|hw8pr2word_embeddings__1_ JL.py,663,27.3,6.334841628959276,32.42835595776772,6,69,110.5,16,1,1.344,7,CS35,sp2025,2025
/Users/summer-2024/Desktop/code metrics 25/All-Data/CS35-Data/assignments postllm/submissions_cs35_sp2025/Amanda Dee/final|hw5pr2digits_modeler AD.py,534,41.948,2.621722846441948,28.83895131086142,3,32,178.0,-1,1,1.305,6,CS35,sp2025,2025
/Users/summer-2024/Desktop/code metrics 25/All-Data/CS35-Data/assignments postllm/submissions_cs35_sp2025/Isabel Burger/final|hw6pr1births_modeler IB.py,864,48.38,1.6203703703703702,24.76851851851852,4,38,216.0,-1,1,1.314,6,CS35,sp2025,2025
/Users/summer-2024/Desktop/code metrics 25/All-Data/CS35-Data/assignments postllm/submissions_cs35_sp2025/Isabel Burger/final|hw8pr2word_embeddings IB.py,606,35.149,6.6006600660066,30.363036303630363,6,34,101.0,7,2,1.369,6,CS35,sp2025,2025
/Users/summer-2024/Desktop/code metrics 25/All-Data/IST341-Data/assignments postllm/submissions_ist341_sp2025/final|copy_of_Progress_Report_MMohammed_&_Fahad.py,240,16.667,0.0,31.25,0,2,0.0,0,0,1.289,3,IST341,sp2025,2025
/Users/summer-2024/Desktop/code metrics 25/All-Data/ECON176-Data/assignments postllm/submissions_econ176_sp2025/Nolan Windham/final|Assignment 1- NW.py,1031,20.66,4.558680892337536,31.03782735208536,10,62,103.1,-1,1,2.167,6,ECON176,sp2025,2025
/Users/summer-2024/Desktop/code metrics 25/All-Data/CS35-Data/assignments postllm/submissions_cs35_sp2025/Alexis Mumbo/final|hw4pr1 AM.py,800,24.75,4.125,37.25,7,11,114.28571428571428,3,1,1.288,7,CS35,sp2025,2025
/Users/summer-2024/Desktop/code metrics 25/All-Data/CS35-Data/assignments postllm/submissions_cs35_sp2025/Alina Scholz/final|hw7pr1iris_modeler AS.py,759,44.796,6.982872200263504,26.48221343873518,7,48,108.42857142857144,-1,2,1.283,5,CS35,sp2025,2025
"/Users/summer-2024/Desktop/code metrics 25/All-Data/IST341-Data/assignments postllm/submissions_ist341_sp2025/final|Copy_of_Week_5_CGU_For_libraries,_for_lists,_for_the_win_Abdullah_Alrumi_&_Mohammed_Qelhas (1).py",1128,28.635,9.840425531914894,29.78723404255319,25,91,45.12,-1,3,,6,IST341,sp2025,2025
/Users/summer-2024/Desktop/code metrics 25/All-Data/IST341-Data/assignments postllm/submissions_ist341_sp2025/final|Copy_of_hw9_ist341_spr25 (1).py,551,45.554,8.52994555353902,25.58983666061706,4,26,137.75,-1,1,1.267,5,IST341,sp2025,2025
/Users/summer-2024/Desktop/code metrics 25/All-Data/CS35-Data/assignments postllm/submissions_cs35_sp2025/Tony Gao/final|hw6pr1births_modeler TG.py,188,30.851,0.0,22.872340425531913,0,16,0.0,5,0,1.269,5,CS35,sp2025,2025
/Users/summer-2024/Desktop/code metrics 25/All-Data/CS35-Data/assignments postllm/submissions_cs35_sp2025/Anna Park/final|hw5pr2digits_cleaner AP.py,76,46.053,0.0,25.0,0,4,0.0,0,0,1.234,3,CS35,sp2025,2025
